trip_id,origin_polygon,origin_polygon_name,destination_polygon,destination_polygon_name,date,time_of_day,created_at,updated_at
fa3d2132648b4239f4cce38f82e3c7ea2da6e634a8c0133605826276ddfe69a1_2025-06-08_864403_864364,0901500010024,TABACALERA,0901500010007,CENTRO,2025-06-08,mañana,2025-11-18T17:54:05.805502+00:00,2025-11-18T17:54:05.805504+00:00
f6f303b0f540dc231228b9943b8f44bec9d6fcca2a436055e96469dc6b160075_2025-06-08_513920_513906,0901500010015,GUERRERO,0901600010085,BOSQUE DE CHAPULTEPEC,2025-06-08,mañana,2025-11-18T17:54:05.805490+00:00,2025-11-18T17:54:05.805493+00:00
ee9444869614a4521a8bcdb5f592112f9967d75ceeb75f779b52c121affdb9c8_2025-06-08_1522999_1522852,0901500010018,JUÁREZ,0901500010007,CENTRO,2025-06-08,mañana,2025-11-18T17:54:05.805479+00:00,2025-11-18T17:54:05.805482+00:00
eca674cba337f4e5992011fe64be9f1a6d24873c94c67f63efbdec1d6daf5d8e_2025-06-08_2676850_2676797,0901500010025,ROMA NORTE,0901600010085,BOSQUE DE CHAPULTEPEC,2025-06-08,mañana,2025-11-18T17:54:05.805468+00:00,2025-11-18T17:54:05.805470+00:00
dbaf25f10ad46fe5558ce800c6262ac2b4240516863da6da0cbcaa0835c9cf37_2025-06-08_1294241_1294240,GEN_0fdc5f82cfb5,,0901500010025,ROMA NORTE,2025-06-08,mañana,2025-11-18T17:54:05.805457+00:00,2025-11-18T17:54:05.805460+00:00
daec38af692c62fc2005f3dadbf57bf5e4645c03dced5a85ea7ed104426f084c_2025-06-08_4350920_4350796,GEN_9e0c83ddab22,AICM Terminal II,0901500010025,ROMA NORTE,2025-06-08,mañana,2025-11-18T17:54:05.805443+00:00,2025-11-18T17:54:05.805445+00:00
d8fbdfb5ff98247cb41c64fc057827aca8e311ac247dd4aa982875405d22f532_2025-06-08_1916022_1915995,0900500010007,ARAGÓN LA VILLA,0900500010060,ESTRELLA,2025-06-08,mañana,2025-11-18T17:54:05.805432+00:00,2025-11-18T17:54:05.805434+00:00
d2d9ac7afa130d9e4f2c982cb40059630ee6e47420923771df6884d8b045dc93_2025-06-08_3225946_3225930,0901500010023,PERALVILLO,0901500010013,EX HIPÓDROMO DE PERALVILLO,2025-06-08,mañana,2025-11-18T17:54:05.805421+00:00,2025-11-18T17:54:05.805423+00:00
cddf00762bdc78481d65179d862df83b73a1f1f9d8ac25ba4cd00ae73093a280_2025-06-08_1974363_1974254,0901500010007,CENTRO,0901500010025,ROMA NORTE,2025-06-08,noche,2025-11-18T17:54:05.805410+00:00,2025-11-18T17:54:05.805412+00:00
cb3e6a2a01514bc1216a7092c6418a70f944392060a6cb8f66f07aa14c577325_2025-06-08_1810425_1810410,0901500010026,ROMA SUR,0900400010060,SANTA FE CUAJIMALPA,2025-06-08,mañana,2025-11-18T17:54:05.805399+00:00,2025-11-18T17:54:05.805401+00:00
c5282a3d720ae97e662387d0e8af63aa4fbc8947b62d3025782be3610c0c6d3f_2025-06-08_4512371_4512223,0901500010015,GUERRERO,0901500010007,CENTRO,2025-06-08,mañana,2025-11-18T17:54:05.805388+00:00,2025-11-18T17:54:05.805390+00:00
c2a760db1ddc25125522af059ac53ab3906c41bccef0b06a82dd93eb0003d413_2025-06-08_4319666_4319688,0901500010018,JUÁREZ,0901500010007,CENTRO,2025-06-08,mañana,2025-11-18T17:54:05.805377+00:00,2025-11-18T17:54:05.805379+00:00
c0220d7872d5b6fa2d6767aa06cb0ac87d2ecb01e72de6dd7e4750f9a900b9c9_2025-06-08_2789999_2789872,0901500010018,JUÁREZ,0901500010007,CENTRO,2025-06-08,mañana,2025-11-18T17:54:05.805366+00:00,2025-11-18T17:54:05.805368+00:00
b61f0c3f7f55ff4e50cbb026f1ca0c9ec19328d429a432a15709c2d8a2f12c6a_2025-06-08_885401_885384,0900300010054,DEL CARMEN,0901600010085,BOSQUE DE CHAPULTEPEC,2025-06-08,mañana,2025-11-18T17:54:05.805355+00:00,2025-11-18T17:54:05.805357+00:00
a72e66a58723836fc7f55138e69ddf336995ed409b3c3e70c7b6865e78c6c7bd_2025-06-08_3361118_3361079,0901500010024,TABACALERA,0901500010026,ROMA SUR,2025-06-08,mañana,2025-11-18T17:54:05.805344+00:00,2025-11-18T17:54:05.805346+00:00
989ba18163a31b90b81cb82cd89248e785c9e310d643e262a79b54df726cb8d6_2025-06-08_2816827_2816821,0901500010007,CENTRO,0901500010026,ROMA SUR,2025-06-08,noche,2025-11-18T17:54:05.805333+00:00,2025-11-18T17:54:05.805335+00:00
8c42d3132a4d599a7d136f47628a7023c9815855dbf5846c29dc5c035053c043_2025-06-08_169003_169007,0900500010060,ESTRELLA,0900500010193,TEPEYAC INSURGENTES,2025-06-08,mañana,2025-11-18T17:54:05.805321+00:00,2025-11-18T17:54:05.805324+00:00
83e374e51aded1dae9cccd0bd213648e6488c47e4fa7a965034628a27876f303_2025-06-08_4071855_4071870,0900500010007,ARAGÓN LA VILLA,0900500010087,VILLA GUSTAVO A. MADERO,2025-06-08,tarde,2025-11-18T17:54:05.805310+00:00,2025-11-18T17:54:05.805313+00:00
670a55f688c9c20a113bcf2c66b0e4e941449ac1f4cdc59cd24aa1f8d31174f1_2025-06-08_1606617_1606616,GEN_9e0c83ddab22,AICM Terminal II,0901500010025,ROMA NORTE,2025-06-08,mañana,2025-11-18T17:54:05.805299+00:00,2025-11-18T17:54:05.805302+00:00
631e3ade36b14136fe0b6123d5043550076c67205b6b6a7a28ae2b2cc03ad6cc_2025-06-08_664861_664864,0901600010085,BOSQUE DE CHAPULTEPEC,0901600010060,POLANCO V SECCIÓN,2025-06-08,noche,2025-11-18T17:54:05.805288+00:00,2025-11-18T17:54:05.805291+00:00
2fcbf083dd6ee04bbb8dd1cdd440df1ff315e5ba97720423265c1ad89f776fcf_2025-06-08_4485278_4485198,0901500010018,JUÁREZ,0901500010024,TABACALERA,2025-06-08,madrugada,2025-11-18T17:54:05.805277+00:00,2025-11-18T17:54:05.805280+00:00
2735836554a3fca954b93fc2e014abf2e043ccba6a69b3e7b3706511d290dfdf_2025-06-08_430642_430657,0901500010025,ROMA NORTE,0901500010007,CENTRO,2025-06-08,mañana,2025-11-18T17:54:05.805266+00:00,2025-11-18T17:54:05.805268+00:00
20a0dacd99fc8b860cf78078f9f46ecdf369c2b357571aa5fab07269bd0a0048_2025-06-08_240084_240090,0901500010025,ROMA NORTE,0901500010007,CENTRO,2025-06-08,noche,2025-11-18T17:54:05.805254+00:00,2025-11-18T17:54:05.805257+00:00
1cf76a226b6da8eb208f7b7a51e28e1c77e46355e57bc60782c890f02278b3dd_2025-06-08_1668687_1668701,0901500010015,GUERRERO,0901500010025,ROMA NORTE,2025-06-08,mañana,2025-11-18T17:54:05.805243+00:00,2025-11-18T17:54:05.805246+00:00
16ce27521ca079cd4d52290005cd1e2d6ff1b2f7b28798ed9c8a84071f32b504_2025-06-08_2903712_2903733,0901600010085,BOSQUE DE CHAPULTEPEC,0901500010007,CENTRO,2025-06-08,tarde,2025-11-18T17:54:05.805232+00:00,2025-11-18T17:54:05.805235+00:00
096056de7ed8d864f8d1652f8cdd9543ebfc7a1677f10aaa7fc8a9117e0f79f0_2025-06-08_25786_25711,0901500010007,CENTRO,0900500010007,ARAGÓN LA VILLA,2025-06-08,mañana,2025-11-18T17:54:05.805221+00:00,2025-11-18T17:54:05.805223+00:00
050da29763583e04ee94ec3d19a8c87ba9667ab3464fb31b34ed71a13be3b6df_2025-06-08_3894374_3894208,0901500010023,PERALVILLO,0901500010015,GUERRERO,2025-06-08,tarde,2025-11-18T17:54:05.805209+00:00,2025-11-18T17:54:05.805212+00:00
fc73118a3920f327d621704d4ec4e9b1ae7e727c232ec7dc2edac1b42445e6ab_2025-06-07_900330_900333,0901500010025,ROMA NORTE,0901500010007,CENTRO,2025-06-07,madrugada,2025-11-18T17:54:05.805198+00:00,2025-11-18T17:54:05.805200+00:00
f9f401c83b407f0c5d83715ad141188c705393a59fee220e565398fa8a3b5757_2025-06-07_4285559_4285538,0901500010015,GUERRERO,0901500010025,ROMA NORTE,2025-06-07,noche,2025-11-18T17:54:05.805186+00:00,2025-11-18T17:54:05.805189+00:00
ee9444869614a4521a8bcdb5f592112f9967d75ceeb75f779b52c121affdb9c8_2025-06-07_1517631_1517578,0901500010018,JUÁREZ,0901500010007,CENTRO,2025-06-07,mañana,2025-11-18T17:54:05.805175+00:00,2025-11-18T17:54:05.805178+00:00
e0ce0f04b89e1b4ed324d6b0d7f7d6765191ffa31fc149779a7c16f18a694f56_2025-06-07_894413_894327,0901500010007,CENTRO,0901500010025,ROMA NORTE,2025-06-07,noche,2025-11-18T17:54:05.805164+00:00,2025-11-18T17:54:05.805166+00:00
dc21e3310150877bf2329b51d045fae6228059486ad481a579674796308bf06f_2025-06-07_3518538_3518523,0900300010104,EL ROSEDAL,0901200010184,TLALPAN,2025-06-07,mañana,2025-11-18T17:54:05.805153+00:00,2025-11-18T17:54:05.805155+00:00
db8a117158687026d8349d722bd461ab5a69888d8aaaf7d67774e9fe77f90162_2025-06-07_1042612_1042621,0901000010294,SANTA FE,0901600010058,POLANCO III SECCIÓN,2025-06-07,mañana,2025-11-18T17:54:05.805142+00:00,2025-11-18T17:54:05.805144+00:00
d4b6a5e213f08b98aba6163da4d17643ad8a6b9a2d2adede2713c6d29622c63d_2025-06-07_4343782_4343778,0901600010010,ANZURES,0901600010058,POLANCO III SECCIÓN,2025-06-07,noche,2025-11-18T17:54:05.805130+00:00,2025-11-18T17:54:05.805133+00:00
d2030250d5bbcbe23879195705b209e27c0e8ae03f94f10e298f221bff5e2aae_2025-06-07_2361362_2361348,0901500010024,TABACALERA,0901600010085,BOSQUE DE CHAPULTEPEC,2025-06-07,mañana,2025-11-18T17:54:05.805119+00:00,2025-11-18T17:54:05.805121+00:00
c63e1423b4d89bc4fb169cf3376fbd80cffb70c8322a82c4d6bc6e490aadd673_2025-06-07_1563355_1563358,0901600010085,BOSQUE DE CHAPULTEPEC,0901600010058,POLANCO III SECCIÓN,2025-06-07,mañana,2025-11-18T17:54:05.805107+00:00,2025-11-18T17:54:05.805110+00:00
c2a760db1ddc25125522af059ac53ab3906c41bccef0b06a82dd93eb0003d413_2025-06-07_4317803_4317807,0901500010018,JUÁREZ,0901500010007,CENTRO,2025-06-07,mañana,2025-11-18T17:54:05.805095+00:00,2025-11-18T17:54:05.805098+00:00
bf7e36b376df048421b8a406be34ee56bd717d1e81e945cb8d82221b98baeb68_2025-06-07_2789007_2788443,0900500010193,TEPEYAC INSURGENTES,0901500010025,ROMA NORTE,2025-06-07,mañana,2025-11-18T17:54:05.805079+00:00,2025-11-18T17:54:05.805082+00:00
a89f01ba4e7ca1018c274b0f131c8b4ce6d0d7192da341e6b1ec2fa4da2255a7_2025-06-07_1031987_1031982,0901600010060,POLANCO V SECCIÓN,0901600010085,BOSQUE DE CHAPULTEPEC,2025-06-07,mañana,2025-11-18T17:54:05.805068+00:00,2025-11-18T17:54:05.805071+00:00
98b18f848ebe284cd847dadac9d7d6d32c6aa3a385bbac7adb5996432b5dbce6_2025-06-07_4501271_4501270,0901500010026,ROMA SUR,0901600010085,BOSQUE DE CHAPULTEPEC,2025-06-07,mañana,2025-11-18T17:54:05.805057+00:00,2025-11-18T17:54:05.805060+00:00
929994cd928ce6ef730debefe57261d5b9e0108114a2faf60c933a929e17be28_2025-06-07_260227_260226,0901500010025,ROMA NORTE,0901600010058,POLANCO III SECCIÓN,2025-06-07,noche,2025-11-18T17:54:05.805046+00:00,2025-11-18T17:54:05.805049+00:00
89003c008f19df05c561db6505030e7b8905e9ea6b426c5c5f7df3dfaed66697_2025-06-07_3870411_3870413,0901500010025,ROMA NORTE,0901500010018,JUÁREZ,2025-06-07,tarde,2025-11-18T17:54:05.805035+00:00,2025-11-18T17:54:05.805038+00:00
7f737367e71334c7b407dbbffb039cbfe974bc4ae31c683fbde2d408244cdf6d_2025-06-07_3703152_3703178,0901500010007,CENTRO,0901600010059,POLANCO IV SECCIÓN,2025-06-07,mañana,2025-11-18T17:54:05.805024+00:00,2025-11-18T17:54:05.805027+00:00
679d47ef9c6ff5221f154093d7a2e86c6810664029d436e718d2ef074764005d_2025-06-07_4029282_4029274,0901600010085,BOSQUE DE CHAPULTEPEC,0901600010058,POLANCO III SECCIÓN,2025-06-07,mañana,2025-11-18T17:54:05.805010+00:00,2025-11-18T17:54:05.805012+00:00
5f99d71059b2ade1e260a23e5f593e86d7a83a79dd1d7893ba602a1ef7ea0f69_2025-06-07_1657009_1657008,0900500010084,GUADALUPE TEPEYAC,0901500010023,PERALVILLO,2025-06-07,tarde,2025-11-18T17:54:05.804999+00:00,2025-11-18T17:54:05.805001+00:00
3ee1e0d6ff14d7ddb6e5a713c6451dc81bf7fa6a5c9b735f87a19e57eb86fad2_2025-06-07_18633_18632,0901600010060,POLANCO V SECCIÓN,0901600010085,BOSQUE DE CHAPULTEPEC,2025-06-07,madrugada,2025-11-18T17:54:05.804987+00:00,2025-11-18T17:54:05.804990+00:00
3e579c41be5cd132ad246ab63b5217f09bdf14564ee6343dc3b60e05a1fc4183_2025-06-07_3918836_3918808,0901500010007,CENTRO,0901500010025,ROMA NORTE,2025-06-07,mañana,2025-11-18T17:54:05.804976+00:00,2025-11-18T17:54:05.804979+00:00
26bf602172cef155deda81e3ca5a916777aefa715b9b280e401cee3698149cf8_2025-06-07_1832534_1832549,GEN_0fdc5f82cfb5,,0901600010085,BOSQUE DE CHAPULTEPEC,2025-06-07,mañana,2025-11-18T17:54:05.804965+00:00,2025-11-18T17:54:05.804968+00:00
24943df211bc858c4b4e3f51247589c38f49f94dafdf0ab14fd32ae252860733_2025-06-07_3330038_3329988,0901500010025,ROMA NORTE,GEN_0fdc5f82cfb5,,2025-06-07,mañana,2025-11-18T17:54:05.804954+00:00,2025-11-18T17:54:05.804957+00:00
1db38af082b7285188e038b27f5a76f3f963c5536b1b2931722dfb9132258c70_2025-06-07_88939_88941,0901500010024,TABACALERA,0901500010018,JUÁREZ,2025-06-07,madrugada,2025-11-18T17:54:05.804943+00:00,2025-11-18T17:54:05.804946+00:00
0c9bfd0c48c257fe4084d672047ea09015b80f57e7951e2d26f88fafa56e37ad_2025-06-07_892150_892166,0901600010085,BOSQUE DE CHAPULTEPEC,0901600010058,POLANCO III SECCIÓN,2025-06-07,mañana,2025-11-18T17:54:05.804932+00:00,2025-11-18T17:54:05.804934+00:00
fa3d52123ef8f553d51a5ec040e03fb671374b30651b538ceb3746c7edfd15b9_2025-06-06_1510334_1510373,0901500010015,GUERRERO,0901600010085,BOSQUE DE CHAPULTEPEC,2025-06-06,noche,2025-11-18T17:54:05.804920+00:00,2025-11-18T17:54:05.804923+00:00
f8ae18ec6faf34cf8385f80f6f591f5a7b910c520d71158c68960ddc92eda9a3_2025-06-06_3515631_3515675,GEN_0fdc5f82cfb5,,0901500010009,CONDESA,2025-06-06,madrugada,2025-11-18T17:54:05.804909+00:00,2025-11-18T17:54:05.804911+00:00
f7290e8fd12e926d5c4b7ea901294054026fd333e8f59a9fd236d2c63b872f01_2025-06-06_1136263_1136286,0901500010018,JUÁREZ,GEN_9e0c83ddab22,AICM Terminal II,2025-06-06,mañana,2025-11-18T17:54:05.804898+00:00,2025-11-18T17:54:05.804900+00:00
f3cccf328823f9f82559d7dff58734ec0bc008f8ecec3eb5f9f3ee60e1bdca18_2025-06-06_3229972_3229998,0901500010025,ROMA NORTE,0901500010007,CENTRO,2025-06-06,mañana,2025-11-18T17:54:05.804886+00:00,2025-11-18T17:54:05.804889+00:00
f2cbcbe163536b9c63757296899cc44fbe7f6b4e0ef07a0752003f31c91bf57b_2025-06-06_1378225_1378199,0901500010007,CENTRO,0900300010054,DEL CARMEN,2025-06-06,mañana,2025-11-18T17:54:05.804874+00:00,2025-11-18T17:54:05.804877+00:00
c01412bd9b6cb064045300dfa791b4b25e6af69a4186413b17faf4eca1cdcca7_2025-06-06_859042_859053,0901500010025,ROMA NORTE,0901500010007,CENTRO,2025-06-06,mañana,2025-11-18T17:54:05.804863+00:00,2025-11-18T17:54:05.804866+00:00
9db1c3258bb851c93154f8bd2b28b1ec7eff5678a8fec726b8fef237ef7afa0b_2025-06-06_224323_224283,0900500010007,ARAGÓN LA VILLA,0901500010007,CENTRO,2025-06-06,mañana,2025-11-18T17:54:05.804852+00:00,2025-11-18T17:54:05.804854+00:00
890673b25e058a91956f9df6193af8bca2d0c2685b37dfdd638c8a5c924135de_2025-06-06_2959405_2959041,0901500010018,JUÁREZ,0901500010024,TABACALERA,2025-06-06,mañana,2025-11-18T17:54:05.804841+00:00,2025-11-18T17:54:05.804843+00:00
8010f38068a21ff86d08fec05fea2825308d971dd4735b3ab526ccf45cbed564_2025-06-06_3341595_3341551,0901500010025,ROMA NORTE,0901500010007,CENTRO,2025-06-06,mañana,2025-11-18T17:54:05.804829+00:00,2025-11-18T17:54:05.804832+00:00
7aa86ec4d7d4dcbe98b4af730a12eb97815b1e6a113665d8a7669143072f14a7_2025-06-06_1115358_1115394,0901600010060,POLANCO V SECCIÓN,0901600010085,BOSQUE DE CHAPULTEPEC,2025-06-06,mañana,2025-11-18T17:54:05.804818+00:00,2025-11-18T17:54:05.804821+00:00
642bb365246e2081b80889c6da7fbbbab4b77fb72e1b16c8d5039dcd7728ced9_2025-06-06_1279401_1279415,0901500010024,TABACALERA,0900300010007,AVANTE,2025-06-06,mañana,2025-11-18T17:54:05.804807+00:00,2025-11-18T17:54:05.804810+00:00
5f077f38d2c21aaa679e461ab88f51cbcaff978397d67a731c50276fb2b60030_2025-06-06_2985879_2985855,GEN_22fa6c7bd720,TAXQUEÑA,0900300010104,EL ROSEDAL,2025-06-06,mañana,2025-11-18T17:54:05.804796+00:00,2025-11-18T17:54:05.804799+00:00
560f702898a1b3d33b273bb00ee13878bf20d40508bd59b7b8f724c5ffa1038b_2025-06-06_3462026_3462056,0901600010060,POLANCO V SECCIÓN,0901500010007,CENTRO,2025-06-06,mañana,2025-11-18T17:54:05.804786+00:00,2025-11-18T17:54:05.804788+00:00
51cd5bedc29d09f07b4ac6ea4976e12f107ea24442f68ed2beab3136a1a3318e_2025-06-06_3019347_3019333,0901500010007,CENTRO,0901600010085,BOSQUE DE CHAPULTEPEC,2025-06-06,madrugada,2025-11-18T17:54:05.804774+00:00,2025-11-18T17:54:05.804777+00:00
3cb6615336c5ffdfddde9010b3b7225171d7ad8880210d7961223de8cb2e8b59_2025-06-06_958455_958500,0901600010060,POLANCO V SECCIÓN,0901600010085,BOSQUE DE CHAPULTEPEC,2025-06-06,madrugada,2025-11-18T17:54:05.804763+00:00,2025-11-18T17:54:05.804765+00:00
2399e9e7cefe86695ef387694f491d4c5585d7923712d9cd0d8a0e29962f2bb1_2025-06-06_1933453_1933446,0901500010007,CENTRO,0901600010085,BOSQUE DE CHAPULTEPEC,2025-06-06,mañana,2025-11-18T17:54:05.804752+00:00,2025-11-18T17:54:05.804754+00:00
22b20c310c34dd9083270a4bc400849defbe05ab812e8882d995cca04ed3482d_2025-06-06_431633_431635,0901500010018,JUÁREZ,0901500010024,TABACALERA,2025-06-06,tarde,2025-11-18T17:54:05.804740+00:00,2025-11-18T17:54:05.804742+00:00
2272a7982c046b5c8cc4a23b47a3dcd2f9f4ae40bbab353c1eef85abd0a048ce_2025-06-06_80796_80795,GEN_5e552dba4dcd,Central del Norte,0901600010085,BOSQUE DE CHAPULTEPEC,2025-06-06,noche,2025-11-18T17:54:05.804728+00:00,2025-11-18T17:54:05.804731+00:00
16b5f51f2ab7504c9fbdf13854c871f949983a825446dc098f3015c674ed9a62_2025-06-06_4173892_4173890,0901500010024,TABACALERA,0901500010007,CENTRO,2025-06-06,noche,2025-11-18T17:54:05.804701+00:00,2025-11-18T17:54:05.804718+00:00
15615034202c4617f95c67118d52506903624b134b70268b4435f7e87e863bba_2025-06-06_2314703_2314694,0901500010025,ROMA NORTE,0901500010007,CENTRO,2025-06-06,mañana,2025-11-18T17:54:05.804691+00:00,2025-11-18T17:54:05.804693+00:00
13a6b73439368145f01bd49c1b0731d80cf5dac3eddcb7487ab28258b2d0f82a_2025-06-06_4356714_4356736,0900500010007,ARAGÓN LA VILLA,0901600010085,BOSQUE DE CHAPULTEPEC,2025-06-06,mañana,2025-11-18T17:54:05.804676+00:00,2025-11-18T17:54:05.804682+00:00
fd253e30651deff5784f20763f71ae82bdb448f633c0bf8e286c36f960ca0514_2025-06-05_485599_485617,0901500010018,JUÁREZ,0901500010024,TABACALERA,2025-06-05,mañana,2025-11-18T17:54:05.804665+00:00,2025-11-18T17:54:05.804668+00:00
fb06a43c0767282c22371e478dda8832434e7b0318d60bc75de37557023d35ec_2025-06-05_1109708_1109789,0901600010085,BOSQUE DE CHAPULTEPEC,0901500010007,CENTRO,2025-06-05,mañana,2025-11-18T17:54:05.804653+00:00,2025-11-18T17:54:05.804656+00:00
f93f1f2e9e8e9d8f3c4f7f33bb6fd25088a2294c864052ac4c997ad20edce5ed_2025-06-05_1832309_1832080,0901600010058,POLANCO III SECCIÓN,0901600010085,BOSQUE DE CHAPULTEPEC,2025-06-05,mañana,2025-11-18T17:54:05.804640+00:00,2025-11-18T17:54:05.804643+00:00
f6060652101d79094ac8f9224cccbd412fc7ab3cd2a7fc8d068c3b9365821acd_2025-06-05_2448326_2448396,0901500010015,GUERRERO,0901500010010,CUAUHTÉMOC,2025-06-05,mañana,2025-11-18T17:54:05.804629+00:00,2025-11-18T17:54:05.804631+00:00
e2f50ace60290a4ef3b673093cb252a323e2dcfe4b4ed390d6556c2c2ac0e7d2_2025-06-05_728403_728110,0901500010018,JUÁREZ,0901500010024,TABACALERA,2025-06-05,mañana,2025-11-18T17:54:05.804618+00:00,2025-11-18T17:54:05.804620+00:00
d9f61709eaae0dcb024fa0cd4fb3fe6ad5eb39c79a9d2175a7765d3f395f8aa6_2025-06-05_4350549_4350538,0901500010007,CENTRO,0901500010025,ROMA NORTE,2025-06-05,noche,2025-11-18T17:54:05.804607+00:00,2025-11-18T17:54:05.804609+00:00
d8fbdfb5ff98247cb41c64fc057827aca8e311ac247dd4aa982875405d22f532_2025-06-05_1919538_1919337,0901500010007,CENTRO,0900500010060,ESTRELLA,2025-06-05,mañana,2025-11-18T17:54:05.804596+00:00,2025-11-18T17:54:05.804598+00:00
ce08abf1d6e7446fc7d1f5bd9ed7b5b4ad618980e65334980a820c5c3c360734_2025-06-05_1933007_1932934,0901600010059,POLANCO IV SECCIÓN,0901500010007,CENTRO,2025-06-05,noche,2025-11-18T17:54:05.804585+00:00,2025-11-18T17:54:05.804587+00:00
ca03c7d29db07d0b5b7a1b97df592860e2c9fcce91a98f82e467b8074e5a4803_2025-06-05_2214288_2214162,0901500010025,ROMA NORTE,0901500010007,CENTRO,2025-06-05,madrugada,2025-11-18T17:54:05.804573+00:00,2025-11-18T17:54:05.804576+00:00
b0e1a43c7e62cce8576a7ceb4b4f06b3d465df46129e57d25a77a173a83f50e4_2025-06-05_1666035_1666038,0901500010024,TABACALERA,0901500010010,CUAUHTÉMOC,2025-06-05,mañana,2025-11-18T17:54:05.804562+00:00,2025-11-18T17:54:05.804564+00:00
a74dd038dcf1cc39ffd48c55b6f8d57a7a16cf3a2c9096e48d0ad8158ec79109_2025-06-05_3121263_3121258,0901500010007,CENTRO,0900500010084,GUADALUPE TEPEYAC,2025-06-05,madrugada,2025-11-18T17:54:05.804550+00:00,2025-11-18T17:54:05.804553+00:00
a713ae01a53238323c324d10148f12f0bb6bb3c4bc26a9a9d31ef29b88197a30_2025-06-05_1486564_1486554,0901500010025,ROMA NORTE,0901600010085,BOSQUE DE CHAPULTEPEC,2025-06-05,mañana,2025-11-18T17:54:05.804538+00:00,2025-11-18T17:54:05.804541+00:00
a4ae5fd37cdbb1e1a1cdf6d8851a26493d6ba471698bca166dbc52afa038e4bc_2025-06-05_906255_906258,0901500010024,TABACALERA,0901500010009,CONDESA,2025-06-05,mañana,2025-11-18T17:54:05.804527+00:00,2025-11-18T17:54:05.804529+00:00
9e2bec838e9ef80251d62b4b46cb2074582cc18366d5313e49d3fb0f8add10fa_2025-06-05_733623_733397,0901500010024,TABACALERA,0901500010018,JUÁREZ,2025-06-05,tarde,2025-11-18T17:54:05.804515+00:00,2025-11-18T17:54:05.804518+00:00
9c5b6ef0edc6c85fefa45c60aef68a0f21cff8c0a755628c1d13ff93d581dcf8_2025-06-05_3482814_3482777,0900400010060,SANTA FE CUAJIMALPA,0901500010007,CENTRO,2025-06-05,noche,2025-11-18T17:54:05.804504+00:00,2025-11-18T17:54:05.804507+00:00
8ea931b1113b03c2d5ff1e2fb0cfa4d31ce98533cf65a42f65913914378d5799_2025-06-05_4114413_4114382,0901500010026,ROMA SUR,0901500010007,CENTRO,2025-06-05,mañana,2025-11-18T17:54:05.804492+00:00,2025-11-18T17:54:05.804495+00:00
8c42d3132a4d599a7d136f47628a7023c9815855dbf5846c29dc5c035053c043_2025-06-05_163562_163575,0901500010023,PERALVILLO,0900500010084,GUADALUPE TEPEYAC,2025-06-05,noche,2025-11-18T17:54:05.804481+00:00,2025-11-18T17:54:05.804484+00:00
7095ba0e25e869d6835168f0b2045faea28fc4b21abbd72b71bfe373f913adae_2025-06-05_641463_641458,0901500010026,ROMA SUR,0901500010007,CENTRO,2025-06-05,mañana,2025-11-18T17:54:05.804470+00:00,2025-11-18T17:54:05.804472+00:00
6da5ae58cac8edbcff9bfd2082b5e9dd2ab4d08f0bdc465e2cd4ed631bfa7aec_2025-06-05_2284713_2284689,0900300010054,DEL CARMEN,0901500010013,EX HIPÓDROMO DE PERALVILLO,2025-06-05,mañana,2025-11-18T17:54:05.804459+00:00,2025-11-18T17:54:05.804461+00:00
6cf99336a747c5b8b26e7e68ef510ad8a59ad3ae39296357cc7c937107d5320e_2025-06-05_2638897_2638791,0901500010018,JUÁREZ,0901500010010,CUAUHTÉMOC,2025-06-05,madrugada,2025-11-18T17:54:05.804447+00:00,2025-11-18T17:54:05.804450+00:00
68209060e01f7f3b86c79644aa0f65112885a8d34a060abd371c7d7d78bed28c_2025-06-05_1147469_1147494,0900300010023,LA CANDELARIA,0900300010097,DE LOS REYES,2025-06-05,tarde,2025-11-18T17:54:05.804436+00:00,2025-11-18T17:54:05.804439+00:00
67914805d1e787e3c92dbef293fe56a5e0978b3baa4a45ef914b8375e36235b9_2025-06-05_316805_316815,GEN_0fdc5f82cfb5,,0901500010018,JUÁREZ,2025-06-05,mañana,2025-11-18T17:54:05.804425+00:00,2025-11-18T17:54:05.804427+00:00
573475e3fba6767562c7b72e16f935060a1f269bc3f1dc870d570cd8ad18a60a_2025-06-05_3218479_3218483,0901600010085,BOSQUE DE CHAPULTEPEC,0901500010007,CENTRO,2025-06-05,mañana,2025-11-18T17:54:05.804413+00:00,2025-11-18T17:54:05.804415+00:00
560f702898a1b3d33b273bb00ee13878bf20d40508bd59b7b8f724c5ffa1038b_2025-06-05_3444686_3444659,0901500010007,CENTRO,0901600010085,BOSQUE DE CHAPULTEPEC,2025-06-05,mañana,2025-11-18T17:54:05.804402+00:00,2025-11-18T17:54:05.804404+00:00
4de3b1d2ad2ff0ed1d4b6711eb37bd2fe565e7566a8b2f3ac57f0c8ebee6846b_2025-06-05_1396174_1396119,0901500010023,PERALVILLO,0901600010085,BOSQUE DE CHAPULTEPEC,2025-06-05,mañana,2025-11-18T17:54:05.804390+00:00,2025-11-18T17:54:05.804393+00:00
4860b19a14a929582e40d2b6b1cdd960ff80a42c14f890dfbfe066f5b043c500_2025-06-05_2164083_2164044,0901600010085,BOSQUE DE CHAPULTEPEC,0901500010025,ROMA NORTE,2025-06-05,mañana,2025-11-18T17:54:05.804379+00:00,2025-11-18T17:54:05.804381+00:00
4271313472df9c44bd54b0bfb4af6b24350790ed52238da71226560e7e594a0c_2025-06-05_1242094_1242103,0901500010013,EX HIPÓDROMO DE PERALVILLO,0901500010023,PERALVILLO,2025-06-05,mañana,2025-11-18T17:54:05.804368+00:00,2025-11-18T17:54:05.804370+00:00
39d2a2d8d08f25f85aa681b551cb45147a2ce8a9bb88fcb51ee003eea914860e_2025-06-05_1286920_1286941,0901500010013,EX HIPÓDROMO DE PERALVILLO,0900500010193,TEPEYAC INSURGENTES,2025-06-05,mañana,2025-11-18T17:54:05.804353+00:00,2025-11-18T17:54:05.804359+00:00
386b0221705e15bc556b17ced33bf1dc7fa8b2692b69071fb10cbc7858c413c9_2025-06-05_1799361_1799395,0900500010084,GUADALUPE TEPEYAC,0900500010193,TEPEYAC INSURGENTES,2025-06-05,mañana,2025-11-18T17:54:05.804342+00:00,2025-11-18T17:54:05.804345+00:00
384477798b36b994e91c0ee17797e989a7564256685cc68aa02b3be1e7006e6a_2025-06-05_42675_42680,0901500010007,CENTRO,0901500010015,GUERRERO,2025-06-05,mañana,2025-11-18T17:54:05.804331+00:00,2025-11-18T17:54:05.804333+00:00
37ace1759ef49b46e10054687f9afa6ed0ba849095dd0fef43d7b8d962ca3036_2025-06-05_2002694_2002608,0901600010085,BOSQUE DE CHAPULTEPEC,GEN_5e552dba4dcd,Central del Norte,2025-06-05,mañana,2025-11-18T17:54:05.804319+00:00,2025-11-18T17:54:05.804322+00:00
35a644eae381e5ab5b1cc25abb4d1411e78588de2278a51d49edf7a3c53baeb2_2025-06-05_1031085_1031183,0900500010193,TEPEYAC INSURGENTES,0901600010058,POLANCO III SECCIÓN,2025-06-05,mañana,2025-11-18T17:54:05.804308+00:00,2025-11-18T17:54:05.804310+00:00
33bbf48bf44d79f40cbc3124207255b7e4ab10781c4a4f923e891b0b46ef07be_2025-06-05_1563837_1564619,0901500010018,JUÁREZ,0901500010010,CUAUHTÉMOC,2025-06-05,mañana,2025-11-18T17:54:05.804286+00:00,2025-11-18T17:54:05.804288+00:00
2b7a22dc0db71945d6a41b1bb58c81e51f5badb8a8dc733471c4587ffc1d347c_2025-06-05_1889263_1889280,0901600010085,BOSQUE DE CHAPULTEPEC,0901500010025,ROMA NORTE,2025-06-05,mañana,2025-11-18T17:54:05.804274+00:00,2025-11-18T17:54:05.804277+00:00
24943df211bc858c4b4e3f51247589c38f49f94dafdf0ab14fd32ae252860733_2025-06-05_3332182_3332043,0901500010018,JUÁREZ,0901500010024,TABACALERA,2025-06-05,mañana,2025-11-18T17:54:05.804263+00:00,2025-11-18T17:54:05.804265+00:00
22b20c310c34dd9083270a4bc400849defbe05ab812e8882d995cca04ed3482d_2025-06-05_433383_433392,0901500010018,JUÁREZ,0901500010024,TABACALERA,2025-06-05,mañana,2025-11-18T17:54:05.804251+00:00,2025-11-18T17:54:05.804254+00:00
1c2783d331460cf04932afcc040765e9ccba5339cb186fb161e80dda310000c1_2025-06-05_2370506_2370544,0901500010015,GUERRERO,0901500010020,MORELOS,2025-06-05,noche,2025-11-18T17:54:05.804240+00:00,2025-11-18T17:54:05.804242+00:00
1807e7b3e7fa77149d5ced96621dac0df836a8c6f717033dff862d3faba19934_2025-06-05_1279076_1279004,0901600010085,BOSQUE DE CHAPULTEPEC,0901500010025,ROMA NORTE,2025-06-05,mañana,2025-11-18T17:54:05.804228+00:00,2025-11-18T17:54:05.804231+00:00
0d921be14c86fc93fdff48525deeb5aec2e02c8c7ae96b70891c96132454db40_2025-06-05_2925710_2925728,0900300010023,LA CANDELARIA,0900300010104,EL ROSEDAL,2025-06-05,mañana,2025-11-18T17:54:05.804217+00:00,2025-11-18T17:54:05.804219+00:00
01584a7a8e9583814b78c949820b7d1d98657f5e4ad946178dea331796a457e3_2025-06-05_3958252_3958250,0900500010087,VILLA GUSTAVO A. MADERO,0900500010193,TEPEYAC INSURGENTES,2025-06-05,mañana,2025-11-18T17:54:05.804205+00:00,2025-11-18T17:54:05.804207+00:00
ee9444869614a4521a8bcdb5f592112f9967d75ceeb75f779b52c121affdb9c8_2025-06-04_1519005_1519093,0901500010018,JUÁREZ,0901500010007,CENTRO,2025-06-04,mañana,2025-11-18T17:54:05.804193+00:00,2025-11-18T17:54:05.804196+00:00
e98a657f6d9f8f43870627483f9ae3a35f9e0fd26660608dfa160d6fc522fb2b_2025-06-04_284178_284387,0901500010026,ROMA SUR,0900300010104,EL ROSEDAL,2025-06-04,mañana,2025-11-18T17:54:05.804182+00:00,2025-11-18T17:54:05.804184+00:00
e974551f39f0c70e773dd08fb3a8c4916c62a7e07cf24f181cf79fa7fe1f30bf_2025-06-04_996253_996315,0901500010016,HIPÓDROMO,0901500010009,CONDESA,2025-06-04,madrugada,2025-11-18T17:54:05.804170+00:00,2025-11-18T17:54:05.804173+00:00
e3b7500297fa85ebed7a129fd132bb48c06111a8c57175e07421a653b96864cb_2025-06-04_896719_896715,0900300010097,DE LOS REYES,0900300010023,LA CANDELARIA,2025-06-04,tarde,2025-11-18T17:54:05.804159+00:00,2025-11-18T17:54:05.804162+00:00
ce08abf1d6e7446fc7d1f5bd9ed7b5b4ad618980e65334980a820c5c3c360734_2025-06-04_1937936_1937929,0901600010058,POLANCO III SECCIÓN,0901500010007,CENTRO,2025-06-04,mañana,2025-11-18T17:54:05.804148+00:00,2025-11-18T17:54:05.804150+00:00
c5282a3d720ae97e662387d0e8af63aa4fbc8947b62d3025782be3610c0c6d3f_2025-06-04_4516740_4516205,0901500010007,CENTRO,0901500010015,GUERRERO,2025-06-04,mañana,2025-11-18T17:54:05.804136+00:00,2025-11-18T17:54:05.804138+00:00
c40d5f5918ddc001a13d3881cdb7eb187c4a951778879b800036289f785b3cbf_2025-06-04_2014310_2014048,0901600010059,POLANCO IV SECCIÓN,0901500010007,CENTRO,2025-06-04,mañana,2025-11-18T17:54:05.804124+00:00,2025-11-18T17:54:05.804127+00:00
c2a760db1ddc25125522af059ac53ab3906c41bccef0b06a82dd93eb0003d413_2025-06-04_4325634_4325541,0901500010018,JUÁREZ,0901500010007,CENTRO,2025-06-04,mañana,2025-11-18T17:54:05.804113+00:00,2025-11-18T17:54:05.804115+00:00
c294427b2ae48a3497deec223b10f8a2cd3c58962c191de2116574ee0ba55eb2_2025-06-04_283191_283183,0901600010085,BOSQUE DE CHAPULTEPEC,0901500010007,CENTRO,2025-06-04,mañana,2025-11-18T17:54:05.804101+00:00,2025-11-18T17:54:05.804104+00:00
c0220d7872d5b6fa2d6767aa06cb0ac87d2ecb01e72de6dd7e4750f9a900b9c9_2025-06-04_2783513_2783753,0901500010018,JUÁREZ,0901500010007,CENTRO,2025-06-04,mañana,2025-11-18T17:54:05.804089+00:00,2025-11-18T17:54:05.804092+00:00
ba3fcb838aa1b087b52e4b38ad5b893a2e9f00ee2d3c9bc08331b1b6a307fada_2025-06-04_3487600_3487790,0901500010010,CUAUHTÉMOC,0900400010060,SANTA FE CUAJIMALPA,2025-06-04,mañana,2025-11-18T17:54:05.804078+00:00,2025-11-18T17:54:05.804080+00:00
b76d614365e344f606ae5221e03da1ac870d9c847ffe07fa97e61903e83c762f_2025-06-04_4029047_4029083,0901500010007,CENTRO,0901600010085,BOSQUE DE CHAPULTEPEC,2025-06-04,mañana,2025-11-18T17:54:05.804067+00:00,2025-11-18T17:54:05.804069+00:00
b2c0cffb50fc84a4c839a2a0ba64689ed8119596e1a04d6cb0b8a9446aa87864_2025-06-04_899682_899711,0901500010016,HIPÓDROMO,0901500010025,ROMA NORTE,2025-06-04,mañana,2025-11-18T17:54:05.804055+00:00,2025-11-18T17:54:05.804058+00:00
b0e1a43c7e62cce8576a7ceb4b4f06b3d465df46129e57d25a77a173a83f50e4_2025-06-04_1669685_1669683,0901500010024,TABACALERA,0901500010018,JUÁREZ,2025-06-04,mañana,2025-11-18T17:54:05.804043+00:00,2025-11-18T17:54:05.804046+00:00
a7cc2b8a9acae53e19e537aaabb9e08193443a5da7175589ea1973f07b28effe_2025-06-04_876782_876773,0900300010054,DEL CARMEN,0900300010012,SAN LUCAS,2025-06-04,tarde,2025-11-18T17:54:05.804032+00:00,2025-11-18T17:54:05.804034+00:00
a1fb6271b75392cfecbd4764afdab7198deda1d9cf4e105bce2348dc25ba68aa_2025-06-04_3133708_3133709,0901500010007,CENTRO,0901500010018,JUÁREZ,2025-06-04,mañana,2025-11-18T17:54:05.804020+00:00,2025-11-18T17:54:05.804023+00:00
92f0f7a0079b0410c52ceb5e7f860d817ca16d290343684d8067c7dcd24566d9_2025-06-04_421375_421095,0901500010018,JUÁREZ,0901500010024,TABACALERA,2025-06-04,mañana,2025-11-18T17:54:05.804006+00:00,2025-11-18T17:54:05.804011+00:00
9195fec902fadbb8589abe15c5449f387efcbcff2c33c1b86d3b62f6180d5721_2025-06-04_3497937_3497942,0901600010085,BOSQUE DE CHAPULTEPEC,0901600010058,POLANCO III SECCIÓN,2025-06-04,noche,2025-11-18T17:54:05.803994+00:00,2025-11-18T17:54:05.803996+00:00
8c42d3132a4d599a7d136f47628a7023c9815855dbf5846c29dc5c035053c043_2025-06-04_165778_165787,0900500010084,GUADALUPE TEPEYAC,0900500010060,ESTRELLA,2025-06-04,mañana,2025-11-18T17:54:05.803982+00:00,2025-11-18T17:54:05.803985+00:00
786822352657cbe9a4de7b4a5a1051b08990cb13dcc345fa06b24c4712d89ab2_2025-06-04_683963_683967,0901500010018,JUÁREZ,0901500010010,CUAUHTÉMOC,2025-06-04,mañana,2025-11-18T17:54:05.803967+00:00,2025-11-18T17:54:05.803970+00:00
754cd59bcdcad6e5dd07ef04a30001d8a5435bdbc04dd3fe2d59915db949a797_2025-06-04_3979934_3979930,0901500010019,MAZA,0900500010193,TEPEYAC INSURGENTES,2025-06-04,mañana,2025-11-18T17:54:05.803956+00:00,2025-11-18T17:54:05.803958+00:00
70ca20f4bba0460a160deaafa28fe233fc905ff63ff6e387c7e80fa6fe11c23e_2025-06-04_1221600_1221669,0900300010104,EL ROSEDAL,0900300010023,LA CANDELARIA,2025-06-04,mañana,2025-11-18T17:54:05.803941+00:00,2025-11-18T17:54:05.803946+00:00
6da5ae58cac8edbcff9bfd2082b5e9dd2ab4d08f0bdc465e2cd4ed631bfa7aec_2025-06-04_2282400_2282474,0900500010007,ARAGÓN LA VILLA,0900300010054,DEL CARMEN,2025-06-04,mañana,2025-11-18T17:54:05.803929+00:00,2025-11-18T17:54:05.803932+00:00
560f702898a1b3d33b273bb00ee13878bf20d40508bd59b7b8f724c5ffa1038b_2025-06-04_3441723_3441719,0901600010057,POLANCO II SECCIÓN,0901600010060,POLANCO V SECCIÓN,2025-06-04,mañana,2025-11-18T17:54:05.803917+00:00,2025-11-18T17:54:05.803920+00:00
551066f3f31fcda35c6d67c684cdc8bc4282572f798b3fb5c17293dfcb222881_2025-06-04_3891203_3891198,0901500010009,CONDESA,0901500010025,ROMA NORTE,2025-06-04,madrugada,2025-11-18T17:54:05.803905+00:00,2025-11-18T17:54:05.803908+00:00
515296328070528f043889e3bf1f576067b856408a4a70487fa317931dc14230_2025-06-04_4281536_4281538,0901600010085,BOSQUE DE CHAPULTEPEC,0901600010058,POLANCO III SECCIÓN,2025-06-04,noche,2025-11-18T17:54:05.803893+00:00,2025-11-18T17:54:05.803896+00:00
4fc42d1941709b086204af4492289a37fa035d131048a7fb477965d7c12df160_2025-06-04_2360343_2360352,0901500010023,PERALVILLO,0901500010013,EX HIPÓDROMO DE PERALVILLO,2025-06-04,mañana,2025-11-18T17:54:05.803881+00:00,2025-11-18T17:54:05.803884+00:00
4a97699ba682ab221a389307073bae23550a22d799109b7a03bef3cf37054382_2025-06-04_2649410_2649419,0901600010085,BOSQUE DE CHAPULTEPEC,0901500010026,ROMA SUR,2025-06-04,mañana,2025-11-18T17:54:05.803868+00:00,2025-11-18T17:54:05.803871+00:00
3f60c13f3a37fea6d50704fb4da7ae14fe7f7907ea53ed63dff74f6161e4d039_2025-06-04_2742416_2742399,0900300010006,ATLÁNTIDA,0900300010032,CIUDAD JARDÍN,2025-06-04,madrugada,2025-11-18T17:54:05.803844+00:00,2025-11-18T17:54:05.803851+00:00
270c7496110f84730bee04db6e1771198db7595c2c5fc4b6a1c6d7999474a8d7_2025-06-04_3565014_3565016,0901500010007,CENTRO,0900300010008,LA CONCEPCIÓN,2025-06-04,noche,2025-11-18T17:54:05.803814+00:00,2025-11-18T17:54:05.803821+00:00
172d0b6b888b3a62fee2923f2afde5df09db65788edd357a9be4064f37e76091_2025-06-04_1481862_1481909,0900300010032,CIUDAD JARDÍN,0900300010023,LA CANDELARIA,2025-06-04,madrugada,2025-11-18T17:54:05.803793+00:00,2025-11-18T17:54:05.803795+00:00
12ec5b04ecebce87f3fd681ca1f2248904e0e1bf0a3c8778c4988bd15a16af34_2025-06-04_4207690_4207674,0901600010085,BOSQUE DE CHAPULTEPEC,0901600010058,POLANCO III SECCIÓN,2025-06-04,mañana,2025-11-18T17:54:05.803781+00:00,2025-11-18T17:54:05.803784+00:00
0dcd7d7905e4a28ba70eccda7da82c4609378a8ba46c5c77533c4cddadbfd89d_2025-06-04_1876308_1876331,0901600010010,ANZURES,0901500010007,CENTRO,2025-06-04,mañana,2025-11-18T17:54:05.803767+00:00,2025-11-18T17:54:05.803770+00:00
fd253e30651deff5784f20763f71ae82bdb448f633c0bf8e286c36f960ca0514_2025-06-03_488192_488175,0901500010024,TABACALERA,0901500010018,JUÁREZ,2025-06-03,noche,2025-11-18T17:54:05.803753+00:00,2025-11-18T17:54:05.803756+00:00
fb5fd07a0edd03bfae8d82e78398b272a54439062e4de01ccee0960992771f95_2025-06-03_2083312_2083440,0900500010084,GUADALUPE TEPEYAC,0901500010023,PERALVILLO,2025-06-03,madrugada,2025-11-18T17:54:05.803738+00:00,2025-11-18T17:54:05.803741+00:00
f9c5ffe1e135f90b3e8e7709f06e0a91d63ddb35703587396d8793478db122c0_2025-06-03_4320782_4320756,0901600010085,BOSQUE DE CHAPULTEPEC,0901500010007,CENTRO,2025-06-03,mañana,2025-11-18T17:54:05.803725+00:00,2025-11-18T17:54:05.803728+00:00
ee9444869614a4521a8bcdb5f592112f9967d75ceeb75f779b52c121affdb9c8_2025-06-03_1518146_1518032,0901500010018,JUÁREZ,0901500010007,CENTRO,2025-06-03,mañana,2025-11-18T17:54:05.803694+00:00,2025-11-18T17:54:05.803697+00:00
eca674cba337f4e5992011fe64be9f1a6d24873c94c67f63efbdec1d6daf5d8e_2025-06-03_2690616_2690537,0901600010085,BOSQUE DE CHAPULTEPEC,0901500010025,ROMA NORTE,2025-06-03,tarde,2025-11-18T17:54:05.803683+00:00,2025-11-18T17:54:05.803685+00:00
e1fbaae3fdddd21046aedd4273fddbf43f9fbd9069ad5066eadc807b91a56c00_2025-06-03_3847569_3847604,0901600010058,POLANCO III SECCIÓN,0901500010025,ROMA NORTE,2025-06-03,mañana,2025-11-18T17:54:05.803671+00:00,2025-11-18T17:54:05.803674+00:00
c2a760db1ddc25125522af059ac53ab3906c41bccef0b06a82dd93eb0003d413_2025-06-03_4334545_4334696,0901500010018,JUÁREZ,0901500010007,CENTRO,2025-06-03,mañana,2025-11-18T17:54:05.803660+00:00,2025-11-18T17:54:05.803662+00:00
c20243b6654af122fe63eb6951cb290c895fd0ba6f61406293bee038f3ae1890_2025-06-03_490585_490583,0900500010206,VALLEJO,0901500010023,PERALVILLO,2025-06-03,noche,2025-11-18T17:54:05.803649+00:00,2025-11-18T17:54:05.803651+00:00
c0220d7872d5b6fa2d6767aa06cb0ac87d2ecb01e72de6dd7e4750f9a900b9c9_2025-06-03_2794532_2794235,0901500010018,JUÁREZ,0901500010007,CENTRO,2025-06-03,mañana,2025-11-18T17:54:05.803637+00:00,2025-11-18T17:54:05.803640+00:00
b781e4e4d2e72a572c3cd2a4fec658be18d6ed95bb9c28b046c9851202d80d67_2025-06-03_3818274_3818243,0900300010012,SAN LUCAS,0900300010054,DEL CARMEN,2025-06-03,mañana,2025-11-18T17:54:05.803626+00:00,2025-11-18T17:54:05.803628+00:00
a409e46812fb7bd7d54b9487bebb3227dc8e8b357cdab6e174926b48b7882607_2025-06-03_4143222_4143231,0901600010085,BOSQUE DE CHAPULTEPEC,0901500010007,CENTRO,2025-06-03,noche,2025-11-18T17:54:05.803615+00:00,2025-11-18T17:54:05.803617+00:00
91cda39d52a875c75e5d2c67210524b814b956380e143bc798c746b75a105d65_2025-06-03_3299436_3299445,0901500010019,MAZA,0901500010013,EX HIPÓDROMO DE PERALVILLO,2025-06-03,mañana,2025-11-18T17:54:05.803603+00:00,2025-11-18T17:54:05.803606+00:00
8cbe3c40b35bb7f2bfb84ba55ae3f8078644ed52c7e58f8018b09f8a9df77fc7_2025-06-03_2518267_2518265,0900300010114,VILLA COYOACÁN,0900300010008,LA CONCEPCIÓN,2025-06-03,mañana,2025-11-18T17:54:05.803591+00:00,2025-11-18T17:54:05.803594+00:00
0c58b09bfd73ee483fdd35ca0d70ad85aefdfb4e8f1849f7854d998f9ca012a7_2025-06-03_2598342_2598356,0901500010018,JUÁREZ,0901500010007,CENTRO,2025-06-03,noche,2025-11-18T17:54:05.803428+00:00,2025-11-18T17:54:05.803434+00:00
20116b801eccb4ee526619edf7c4fcef35fbea03cf865cd9b5dcff48c26d496f_2025-06-03_1314646_1314638,0901600010085,BOSQUE DE CHAPULTEPEC,0901500010007,CENTRO,2025-06-03,mañana,2025-11-18T17:54:05.803443+00:00,2025-11-18T17:54:05.803445+00:00
2856634a53296d0761823ae0e26a977940b969b05a165ce2c4544e0da62cc9a4_2025-06-03_1455140_1455139,0901500010018,JUÁREZ,0900400010060,SANTA FE CUAJIMALPA,2025-06-03,tarde,2025-11-18T17:54:05.803454+00:00,2025-11-18T17:54:05.803456+00:00
35a45058c42d584edf1705b8786cd53cf24b3a71a1bb57734419c768677414dd_2025-06-03_3403762_3403801,GEN_22fa6c7bd720,TAXQUEÑA,0901500010007,CENTRO,2025-06-03,mañana,2025-11-18T17:54:05.803466+00:00,2025-11-18T17:54:05.803468+00:00
386b0221705e15bc556b17ced33bf1dc7fa8b2692b69071fb10cbc7858c413c9_2025-06-03_1800897_1800910,0900500010193,TEPEYAC INSURGENTES,0900500010060,ESTRELLA,2025-06-03,mañana,2025-11-18T17:54:05.803492+00:00,2025-11-18T17:54:05.803496+00:00
3fddb0fe09d80d9c83de9f915e4507849470a3705aaf4052a721be9626c3bf1e_2025-06-03_3297073_3297066,0900300010023,LA CANDELARIA,0900300010097,DE LOS REYES,2025-06-03,mañana,2025-11-18T17:54:05.803507+00:00,2025-11-18T17:54:05.803510+00:00
437aaa260baefaacf4915665ed422e1a84a034b3ce81074789df1d272fe41a74_2025-06-03_628424_628414,0901500010007,CENTRO,0901500010013,EX HIPÓDROMO DE PERALVILLO,2025-06-03,mañana,2025-11-18T17:54:05.803519+00:00,2025-11-18T17:54:05.803521+00:00
560f702898a1b3d33b273bb00ee13878bf20d40508bd59b7b8f724c5ffa1038b_2025-06-03_3454314_3454129,0901600010059,POLANCO IV SECCIÓN,0901500010007,CENTRO,2025-06-03,mañana,2025-11-18T17:54:05.803530+00:00,2025-11-18T17:54:05.803532+00:00
6e564072994716f39997cd31fb7c522262201fa8353e834474a5473cc4513bda_2025-06-03_2753713_2753662,0901500010026,ROMA SUR,0901500010007,CENTRO,2025-06-03,mañana,2025-11-18T17:54:05.803542+00:00,2025-11-18T17:54:05.803544+00:00
7fe1b29b1c4fb920ee95dae3780ffe5c8aef14c00d4244f80a355d283efc047a_2025-06-03_3985608_3985451,0900300010087,PARQUE SAN ANDRÉS,GEN_0fdc5f82cfb5,,2025-06-03,tarde,2025-11-18T17:54:05.803553+00:00,2025-11-18T17:54:05.803556+00:00
86f7b6e2648466dd188123cbf7edfe59e443630942465fee9137d84d2bbecceb_2025-06-03_2595904_2595863,0901600010085,BOSQUE DE CHAPULTEPEC,0900400010060,SANTA FE CUAJIMALPA,2025-06-03,mañana,2025-11-18T17:54:05.803565+00:00,2025-11-18T17:54:05.803567+00:00
8bc9eb51c1c1c7077edaec806bbb115289ac45e18be382b0ffb01f26ec5a5ee8_2025-06-03_1363330_1363329,0901500010015,GUERRERO,0901500010007,CENTRO,2025-06-03,mañana,2025-11-18T17:54:05.803577+00:00,2025-11-18T17:54:05.803582+00:00
0fb94663d8251d94a8fef2266db9665e911f11d6e06112e5ad3d6849e33ce9f2_2025-06-02_3636481_3636490,0901500010007,CENTRO,GEN_22fa6c7bd720,TAXQUEÑA,2025-06-02,noche,2025-11-18T17:54:05.802924+00:00,2025-11-18T17:54:05.802926+00:00
16cb602604f4e218bcf55206ab66776a94b41d2a04bafc28d18cfcc854fbd3c2_2025-06-02_3430236_3430251,0900300010007,AVANTE,0900300010098,SAN PABLO TEPETLAPA,2025-06-02,mañana,2025-11-18T17:54:05.802936+00:00,2025-11-18T17:54:05.802938+00:00
1b9cae8eb7d33cd69719f9f0be1b9a295ab00d3e454c225e83661459347fbdf8_2025-06-02_1280827_1280697,0901600010085,BOSQUE DE CHAPULTEPEC,0901500010007,CENTRO,2025-06-02,mañana,2025-11-18T17:54:05.802947+00:00,2025-11-18T17:54:05.802950+00:00
386b0221705e15bc556b17ced33bf1dc7fa8b2692b69071fb10cbc7858c413c9_2025-06-02_1803357_1803367,0900500010060,ESTRELLA,0900500010084,GUADALUPE TEPEYAC,2025-06-02,noche,2025-11-18T17:54:05.802958+00:00,2025-11-18T17:54:05.802961+00:00
3b84f66353216b9e50b67ad82c67f16792ad01f60bb39efa17666cf85f90ba10_2025-06-02_2734206_2734255,GEN_22fa6c7bd720,TAXQUEÑA,0901500010007,CENTRO,2025-06-02,mañana,2025-11-18T17:54:05.802969+00:00,2025-11-18T17:54:05.802972+00:00
3c84a2e81d54ff376e2618928b4ac46f27922959b215bd9ef3a8b15653b5ce6d_2025-06-02_171230_171289,0901600010058,POLANCO III SECCIÓN,0901500010025,ROMA NORTE,2025-06-02,madrugada,2025-11-18T17:54:05.802981+00:00,2025-11-18T17:54:05.802983+00:00
437aaa260baefaacf4915665ed422e1a84a034b3ce81074789df1d272fe41a74_2025-06-02_631755_631772,0901500010013,EX HIPÓDROMO DE PERALVILLO,0901500010007,CENTRO,2025-06-02,mañana,2025-11-18T17:54:05.802995+00:00,2025-11-18T17:54:05.802998+00:00
51f198263058aa18dbf0dbb281986ac56cd91b0e0b7c0c6dbb2ee655dd9add62_2025-06-02_4266980_4266976,0900500010193,TEPEYAC INSURGENTES,0900500010007,ARAGÓN LA VILLA,2025-06-02,mañana,2025-11-18T17:54:05.803007+00:00,2025-11-18T17:54:05.803010+00:00
524cdd02c216b762a688399abadd3010818c349e122033be3d505d15669fb25c_2025-06-02_283995_283942,0901500010025,ROMA NORTE,0900500010007,ARAGÓN LA VILLA,2025-06-02,mañana,2025-11-18T17:54:05.803019+00:00,2025-11-18T17:54:05.803021+00:00
605875d2b76a8b1478166e95e6a486e32cbc91faefddd7dd2b0763efbc2c2b7b_2025-06-02_726038_726187,0900300010098,SAN PABLO TEPETLAPA,0901500010007,CENTRO,2025-06-02,mañana,2025-11-18T17:54:05.803030+00:00,2025-11-18T17:54:05.803033+00:00
648983981b5f72a976e12ae4891a21a9679fa0376323d672e6bce4962d36d6f6_2025-06-02_2761668_2761628,0901500010026,ROMA SUR,0901600010058,POLANCO III SECCIÓN,2025-06-02,madrugada,2025-11-18T17:54:05.803045+00:00,2025-11-18T17:54:05.803047+00:00
6995ea3fd3d18898fbe2e0f985302703639f411cb46c987d4fbbf531d020eeaa_2025-06-02_2059066_2059047,0900500010007,ARAGÓN LA VILLA,0901500010007,CENTRO,2025-06-02,mañana,2025-11-18T17:54:05.803057+00:00,2025-11-18T17:54:05.803059+00:00
6e564072994716f39997cd31fb7c522262201fa8353e834474a5473cc4513bda_2025-06-02_2748271_2748300,0901500010007,CENTRO,0901500010026,ROMA SUR,2025-06-02,mañana,2025-11-18T17:54:05.803068+00:00,2025-11-18T17:54:05.803071+00:00
790c8320ec0e8f0b3f5db7c17d474624a03edd6019ac8dcf0a46f7705a6ec9f2_2025-06-02_4373175_4373223,0901600010085,BOSQUE DE CHAPULTEPEC,0901500010007,CENTRO,2025-06-02,mañana,2025-11-18T17:54:05.803080+00:00,2025-11-18T17:54:05.803082+00:00
7e379c78231b89b70bb0ec76db2cb1c007f7807c782919bde95e9cdb83ce1b63_2025-06-02_4045952_4045966,0901500010015,GUERRERO,0901500010013,EX HIPÓDROMO DE PERALVILLO,2025-06-02,mañana,2025-11-18T17:54:05.803091+00:00,2025-11-18T17:54:05.803094+00:00
7ef531738a5105fbdaad36bb262e19e80be0f7c9ade9a0fe472bda19abf87521_2025-06-02_82820_83142,0901600010060,POLANCO V SECCIÓN,0901600010085,BOSQUE DE CHAPULTEPEC,2025-06-02,mañana,2025-11-18T17:54:05.803103+00:00,2025-11-18T17:54:05.803105+00:00
81152d863b1730b92ea80cec4e1f4eaf900c27583545b423537119d190daa15b_2025-06-02_1796506_1796520,0901600010060,POLANCO V SECCIÓN,0901600010059,POLANCO IV SECCIÓN,2025-06-02,mañana,2025-11-18T17:54:05.803114+00:00,2025-11-18T17:54:05.803117+00:00
83d67dffa29e644b1e568a64cec18e711deeceb8bf81581f91dc661d243d0a37_2025-06-02_2676666_2676629,0901500010018,JUÁREZ,0901500010024,TABACALERA,2025-06-02,noche,2025-11-18T17:54:05.803126+00:00,2025-11-18T17:54:05.803129+00:00
85f72f5036bca277e67b51b75fe0d4ea5e1adb113ce41e5984604d821a1ea84a_2025-06-02_2395973_2395751,0901500010007,CENTRO,0901500010026,ROMA SUR,2025-06-02,tarde,2025-11-18T17:54:05.803138+00:00,2025-11-18T17:54:05.803140+00:00
887e2d9ebf1c6f38e2703d38caa6c83a8376620f2893884522da874c7ef4a975_2025-06-02_501722_501694,0901500010018,JUÁREZ,0900500010087,VILLA GUSTAVO A. MADERO,2025-06-02,mañana,2025-11-18T17:54:05.803149+00:00,2025-11-18T17:54:05.803151+00:00
89b3f1df8ba23f53d27bb48cfc609880bdd7421ed1599c27607d9fc88920474f_2025-06-02_1693636_1693628,0901500010007,CENTRO,0901500010013,EX HIPÓDROMO DE PERALVILLO,2025-06-02,mañana,2025-11-18T17:54:05.803160+00:00,2025-11-18T17:54:05.803163+00:00
8bc9eb51c1c1c7077edaec806bbb115289ac45e18be382b0ffb01f26ec5a5ee8_2025-06-02_1367686_1367800,0901500010018,JUÁREZ,0901500010007,CENTRO,2025-06-02,mañana,2025-11-18T17:54:05.803171+00:00,2025-11-18T17:54:05.803174+00:00
8c42d3132a4d599a7d136f47628a7023c9815855dbf5846c29dc5c035053c043_2025-06-02_169619_169596,0900500010084,GUADALUPE TEPEYAC,0900500010060,ESTRELLA,2025-06-02,mañana,2025-11-18T17:54:05.803183+00:00,2025-11-18T17:54:05.803185+00:00
920f2b65e3b5747b911fc5af7790d1e75234711b4f33b000b7fb41b97771603d_2025-06-02_2327322_2327270,0900500010084,GUADALUPE TEPEYAC,0901500010023,PERALVILLO,2025-06-02,mañana,2025-11-18T17:54:05.803194+00:00,2025-11-18T17:54:05.803196+00:00
92aa93b516b5cfd013e3a09a1bb33e58ce92fae25c52be503348e33798ff4994_2025-06-02_1691527_1691549,0901500010025,ROMA NORTE,0900500010007,ARAGÓN LA VILLA,2025-06-02,mañana,2025-11-18T17:54:05.803205+00:00,2025-11-18T17:54:05.803207+00:00
937a09a8cc94f71afb3d9aa93ee176a4e54f02883aab512c4816d49043864f40_2025-06-02_3124069_3124409,0901500010007,CENTRO,0901500010024,TABACALERA,2025-06-02,mañana,2025-11-18T17:54:05.803216+00:00,2025-11-18T17:54:05.803219+00:00
9c34056e112d5d73e3b7429b035ffc8a6d550b07e3f7f912f406ff90d3e1ad78_2025-06-02_3836275_3836272,0901600010085,BOSQUE DE CHAPULTEPEC,0901500010007,CENTRO,2025-06-02,mañana,2025-11-18T17:54:05.803228+00:00,2025-11-18T17:54:05.803230+00:00
9cf3aa06548aab64c5bb78119076c3608b111efd561e69107bac343e0051cd13_2025-06-02_2164351_2164241,0901500010007,CENTRO,0901500010013,EX HIPÓDROMO DE PERALVILLO,2025-06-02,mañana,2025-11-18T17:54:05.803239+00:00,2025-11-18T17:54:05.803241+00:00
a2382c9c99160ad25bae04b5f01eb6a24e3a0631d93b36b96e5f2ba1c0a26680_2025-06-02_874760_874753,0901500010007,CENTRO,0900500010193,TEPEYAC INSURGENTES,2025-06-02,mañana,2025-11-18T17:54:05.803250+00:00,2025-11-18T17:54:05.803253+00:00
a6217d4c1076ac0e0ecc444c89929db2a936712907ae579a6848ffdb67678847_2025-06-02_1414066_1414110,0900500010093,INDUSTRIAL,0900500010193,TEPEYAC INSURGENTES,2025-06-02,mañana,2025-11-18T17:54:05.803262+00:00,2025-11-18T17:54:05.803265+00:00
b43970985b693fab4829ca3d2eca0309c0b91b3114af33f41774717c00952cb4_2025-06-02_3580466_3580476,0901500010009,CONDESA,0901500010024,TABACALERA,2025-06-02,mañana,2025-11-18T17:54:05.803274+00:00,2025-11-18T17:54:05.803276+00:00
c0220d7872d5b6fa2d6767aa06cb0ac87d2ecb01e72de6dd7e4750f9a900b9c9_2025-06-02_2781166_2781406,0901500010007,CENTRO,0901500010010,CUAUHTÉMOC,2025-06-02,mañana,2025-11-18T17:54:05.803285+00:00,2025-11-18T17:54:05.803288+00:00
c2a760db1ddc25125522af059ac53ab3906c41bccef0b06a82dd93eb0003d413_2025-06-02_4318849_4318867,0901500010007,CENTRO,0901500010018,JUÁREZ,2025-06-02,mañana,2025-11-18T17:54:05.803309+00:00,2025-11-18T17:54:05.803311+00:00
da8081572778155335d77ef88896337b11643d597a863a7df31438bf4f2ac0e7_2025-06-02_1277744_1277741,0900500010084,GUADALUPE TEPEYAC,0901500010023,PERALVILLO,2025-06-02,noche,2025-11-18T17:54:05.803320+00:00,2025-11-18T17:54:05.803323+00:00
e7e316f6b22e0cc8a77b0155c2643c7492d30f21ed2b631bbfdb3e96134dab97_2025-06-02_3818163_3818174,0901600010058,POLANCO III SECCIÓN,0900500010193,TEPEYAC INSURGENTES,2025-06-02,mañana,2025-11-18T17:54:05.803332+00:00,2025-11-18T17:54:05.803334+00:00
e98a657f6d9f8f43870627483f9ae3a35f9e0fd26660608dfa160d6fc522fb2b_2025-06-02_283397_283300,0900300010104,EL ROSEDAL,0901500010026,ROMA SUR,2025-06-02,mañana,2025-11-18T17:54:05.803343+00:00,2025-11-18T17:54:05.803346+00:00
eb4ac50133b5e0fd1fbea681952f0b85cbd4e2f49a120aa45fff80dddb210aa2_2025-06-02_18512_18531,0901500010024,TABACALERA,0901600010085,BOSQUE DE CHAPULTEPEC,2025-06-02,madrugada,2025-11-18T17:54:05.803356+00:00,2025-11-18T17:54:05.803358+00:00
eb7fbabe6a067c182c87833f22f8ec252c966c44660b7fb8e953793d02bb4d71_2025-06-02_2066356_2066301,0900500010193,TEPEYAC INSURGENTES,0900500010084,GUADALUPE TEPEYAC,2025-06-02,mañana,2025-11-18T17:54:05.803368+00:00,2025-11-18T17:54:05.803370+00:00
ed13cbfa2eab62a31165f5bfb68e9a8ba61827269ca30a39e5a27ddc9babf075_2025-06-02_3750344_3750354,0901500010025,ROMA NORTE,0900500010087,VILLA GUSTAVO A. MADERO,2025-06-02,mañana,2025-11-18T17:54:05.803379+00:00,2025-11-18T17:54:05.803382+00:00
ee9444869614a4521a8bcdb5f592112f9967d75ceeb75f779b52c121affdb9c8_2025-06-02_1523515_1523769,0901500010007,CENTRO,0901500010018,JUÁREZ,2025-06-02,mañana,2025-11-18T17:54:05.803391+00:00,2025-11-18T17:54:05.803393+00:00
ef30cdd07f6ffbb08be859299e50f8e3c63bfbb3cb0c6fb3623407b6b5dbb5cb_2025-06-02_1002141_1002147,0901500010007,CENTRO,0901600010085,BOSQUE DE CHAPULTEPEC,2025-06-02,noche,2025-11-18T17:54:05.803403+00:00,2025-11-18T17:54:05.803405+00:00
f0354f308b272be98436fe007aec696c02b216531521932fa87b45e9d0bfd6a6_2025-06-02_2471251_2471258,0901500010010,CUAUHTÉMOC,0901500010025,ROMA NORTE,2025-06-02,mañana,2025-11-18T17:54:05.803415+00:00,2025-11-18T17:54:05.803417+00:00
006b2f2bf8a01262fc50f683fc11c7e9b8f9ef6cabbad86341868ed3d917b529_2025-06-01_2375644_2375855,0900500010007,ARAGÓN LA VILLA,0900500010087,VILLA GUSTAVO A. MADERO,2025-06-01,tarde,2025-11-18T17:54:05.802602+00:00,2025-11-18T17:54:05.802604+00:00
03086d8521c41c7972291e3f9a0d025722b0cb9915b4bfef4460cb8aa5cea966_2025-06-01_1781475_1781480,0900500010007,ARAGÓN LA VILLA,0901600010085,BOSQUE DE CHAPULTEPEC,2025-06-01,mañana,2025-11-18T17:54:05.802613+00:00,2025-11-18T17:54:05.802616+00:00
0689fd513f6ca4123fb9f0ebb4169fa71f622d52a848a096e682f1cdb4b24638_2025-06-01_4457435_4457423,0901500010015,GUERRERO,0901500010025,ROMA NORTE,2025-06-01,madrugada,2025-11-18T17:54:05.802624+00:00,2025-11-18T17:54:05.802627+00:00
101e4a030d5eec3628650da116b914eb5d046aa8c7ec8c67518a34d18b44c475_2025-06-01_2709765_2709766,0901600010058,POLANCO III SECCIÓN,0900500010193,TEPEYAC INSURGENTES,2025-06-01,mañana,2025-11-18T17:54:05.802636+00:00,2025-11-18T17:54:05.802638+00:00
15343a4a8d3d270ce99f1f0465449d159fce6bb440c107aeeceda18e8b5ccadd_2025-06-01_1887914_1887915,0901500010007,CENTRO,0901500010024,TABACALERA,2025-06-01,madrugada,2025-11-18T17:54:05.802647+00:00,2025-11-18T17:54:05.802650+00:00
2dabd0c313530ec00e69bb6643d72052d5b6dbb1f5f03b7d134e81019e50e7b1_2025-06-01_4526692_4526696,0900300010008,LA CONCEPCIÓN,0901500010026,ROMA SUR,2025-06-01,mañana,2025-11-18T17:54:05.802659+00:00,2025-11-18T17:54:05.802661+00:00
39f90e5df16fc9b244b1bc6e02bb3f22ae750d486eb3a1b5d0f5445670ea3acc_2025-06-01_147024_147025,0901500010023,PERALVILLO,0901500010013,EX HIPÓDROMO DE PERALVILLO,2025-06-01,noche,2025-11-18T17:54:05.802670+00:00,2025-11-18T17:54:05.802673+00:00
508ac50c5750278a38e6edba4fbc3b7510c60e8526262ac7c4a4bfa924c59a48_2025-06-01_359285_359652,0900400010060,SANTA FE CUAJIMALPA,0901600010085,BOSQUE DE CHAPULTEPEC,2025-06-01,noche,2025-11-18T17:54:05.802682+00:00,2025-11-18T17:54:05.802684+00:00
542374d957b93bec21d6864d7ac7583065358e3efadfc67cfbd9398729af1b1e_2025-06-01_1042937_1042997,0901500010025,ROMA NORTE,0901600010085,BOSQUE DE CHAPULTEPEC,2025-06-01,noche,2025-11-18T17:54:05.802693+00:00,2025-11-18T17:54:05.802696+00:00
6b505a7568c8e67daf35538bed5b65f0c148876cf8598b09549f77c3a36dfdc4_2025-06-01_4441528_4441491,0901600010085,BOSQUE DE CHAPULTEPEC,0901600010058,POLANCO III SECCIÓN,2025-06-01,tarde,2025-11-18T17:54:05.802714+00:00,2025-11-18T17:54:05.802716+00:00
790619a670a580d6068b3c2189bfa15d4b0d533b8e4cb5fd68f4ebdfcffa84ba_2025-06-01_288022_288028,0900500010007,ARAGÓN LA VILLA,0901500010018,JUÁREZ,2025-06-01,tarde,2025-11-18T17:54:05.802725+00:00,2025-11-18T17:54:05.802728+00:00
7badfb2fc19ddce2df99b66a668a2bcb405b98892146d32e9edde221c1cd5f5d_2025-06-01_3417315_3417273,0900300010008,LA CONCEPCIÓN,0901500010026,ROMA SUR,2025-06-01,mañana,2025-11-18T17:54:05.802737+00:00,2025-11-18T17:54:05.802740+00:00
8010f38068a21ff86d08fec05fea2825308d971dd4735b3ab526ccf45cbed564_2025-06-01_3336845_3336905,0901500010007,CENTRO,0901500010018,JUÁREZ,2025-06-01,mañana,2025-11-18T17:54:05.802749+00:00,2025-11-18T17:54:05.802752+00:00
85f72f5036bca277e67b51b75fe0d4ea5e1adb113ce41e5984604d821a1ea84a_2025-06-01_2398471_2398500,0901500010007,CENTRO,0901600010058,POLANCO III SECCIÓN,2025-06-01,mañana,2025-11-18T17:54:05.802760+00:00,2025-11-18T17:54:05.802763+00:00
8bc9eb51c1c1c7077edaec806bbb115289ac45e18be382b0ffb01f26ec5a5ee8_2025-06-01_1371757_1371648,0901500010007,CENTRO,0901500010015,GUERRERO,2025-06-01,tarde,2025-11-18T17:54:05.802772+00:00,2025-11-18T17:54:05.802774+00:00
91b3b5cba75b1db731ae45024bf94711538b0b7b1287f10bbda52b3dcc1fce95_2025-06-01_1258057_1258131,0901500010026,ROMA SUR,0901500010007,CENTRO,2025-06-01,mañana,2025-11-18T17:54:05.802783+00:00,2025-11-18T17:54:05.802785+00:00
99826092b1016039971e75a0da6833969a6833ebc317b91c8e023342934e7354_2025-06-01_555434_555521,0900300010062,EX-HACIENDA COAPA,0900300010059,ESPARTACO,2025-06-01,mañana,2025-11-18T17:54:05.802794+00:00,2025-11-18T17:54:05.802797+00:00
9cf3aa06548aab64c5bb78119076c3608b111efd561e69107bac343e0051cd13_2025-06-01_2170681_2170724,0901500010023,PERALVILLO,0901500010013,EX HIPÓDROMO DE PERALVILLO,2025-06-01,mañana,2025-11-18T17:54:05.802806+00:00,2025-11-18T17:54:05.802808+00:00
9fa874aa8575899cccb07e8a9b48a98e30188629116dbb7d4846fc130c951f24_2025-06-01_3751747_3751591,0901500010007,CENTRO,0901500010015,GUERRERO,2025-06-01,mañana,2025-11-18T17:54:05.802817+00:00,2025-11-18T17:54:05.802819+00:00
b6d48f7411f12cc0eedde1ea6e509ff73f7eb2e9a962c3f19e8aad35699b34a0_2025-06-01_1116328_1116292,0900500010007,ARAGÓN LA VILLA,0901500010007,CENTRO,2025-06-01,noche,2025-11-18T17:54:05.802828+00:00,2025-11-18T17:54:05.802831+00:00
c5e29413b2ca95663809aadc73c17be2b740e59bfd673aa313a3de0bba5425b8_2025-06-01_2444675_2444912,0901500010023,PERALVILLO,0900500010193,TEPEYAC INSURGENTES,2025-06-01,mañana,2025-11-18T17:54:05.802840+00:00,2025-11-18T17:54:05.802842+00:00
e39164e18dfb4c6659feb05992cb997d06b4c8f94a7f69b3c7dc3b53ca7f7486_2025-06-01_4016325_4016060,0901600010058,POLANCO III SECCIÓN,0901600010059,POLANCO IV SECCIÓN,2025-06-01,mañana,2025-11-18T17:54:05.802851+00:00,2025-11-18T17:54:05.802853+00:00
e8c935567ed465f0b9cb654ebe80608a08d4421a8f55576c762288c04fd79bef_2025-06-01_3995231_3995232,0901500010024,TABACALERA,0901600010058,POLANCO III SECCIÓN,2025-06-01,mañana,2025-11-18T17:54:05.802863+00:00,2025-11-18T17:54:05.802865+00:00
e98a657f6d9f8f43870627483f9ae3a35f9e0fd26660608dfa160d6fc522fb2b_2025-06-01_284957_284929,0901500010026,ROMA SUR,0900300010087,PARQUE SAN ANDRÉS,2025-06-01,mañana,2025-11-18T17:54:05.802874+00:00,2025-11-18T17:54:05.802877+00:00
eb7fbabe6a067c182c87833f22f8ec252c966c44660b7fb8e953793d02bb4d71_2025-06-01_2067640_2067630,0901500010007,CENTRO,0900500010193,TEPEYAC INSURGENTES,2025-06-01,mañana,2025-11-18T17:54:05.802886+00:00,2025-11-18T17:54:05.802888+00:00
ef9b681c73960caac3c67567d2676c1bc43a2aa919c0226a56302ad30bc3f01b_2025-06-01_1367430_1367515,0900300010008,LA CONCEPCIÓN,0901500010026,ROMA SUR,2025-06-01,madrugada,2025-11-18T17:54:05.802898+00:00,2025-11-18T17:54:05.802901+00:00
fd7bb238598aa195480877ec4a0d8bc85f0f45e01f7d10d08026bbd8ef549199_2025-06-01_4186855_4187175,0901500010023,PERALVILLO,0900500010084,GUADALUPE TEPEYAC,2025-06-01,mañana,2025-11-18T17:54:05.802912+00:00,2025-11-18T17:54:05.802914+00:00
13e19522685dfd4682f523dfc948f4d2275ebf5e54a8705ecf5d8a097f37ddcc_2024-11-08_2671250_2671251,0901500010023,PERALVILLO,0901600010058,POLANCO III SECCIÓN,2024-11-08,mañana,2025-11-18T17:54:05.801921+00:00,2025-11-18T17:54:05.801923+00:00
153c56e5c686601e62c01af6c5d5a6aa9a96b0f74152c740c3032fc4ca1bcd75_2024-11-08_4129754_4129777,0901500010026,ROMA SUR,0901500010025,ROMA NORTE,2024-11-08,mañana,2025-11-18T17:54:05.801932+00:00,2025-11-18T17:54:05.801935+00:00
16233197db5a7ef68c9069183e3c136cd99b2055d6bc19108beafddcb1eaf755_2024-11-08_1860449_1860448,0901500010007,CENTRO,0900300010008,LA CONCEPCIÓN,2024-11-08,noche,2025-11-18T17:54:05.801944+00:00,2025-11-18T17:54:05.801946+00:00
1fc198232a176b882deab45907fc568db0cfa5e780fa1e731491251825bc2acb_2024-11-08_371026_371005,0901500010016,HIPÓDROMO,0901500010026,ROMA SUR,2024-11-08,mañana,2025-11-18T17:54:05.801955+00:00,2025-11-18T17:54:05.801958+00:00
35a0729b078661e9c22a933c8fdb8b94ada8f37a5f0941f0ed7602b9f5a08a0d_2024-11-08_3016500_3016497,0901500010007,CENTRO,0901500010018,JUÁREZ,2024-11-08,noche,2025-11-18T17:54:05.801966+00:00,2025-11-18T17:54:05.801969+00:00
3894ff1cdd2230f2684e8081cc888d0d4aab14112ac5e2f01f808172c2ce5741_2024-11-08_1283684_1283614,0900500010193,TEPEYAC INSURGENTES,0900500010087,VILLA GUSTAVO A. MADERO,2024-11-08,mañana,2025-11-18T17:54:05.801978+00:00,2025-11-18T17:54:05.801981+00:00
3d71f8d4fe0e7d04398077daedfc9885a79c5d54a969459d4452a9282609c7a9_2024-11-08_1039540_1039566,0901500010023,PERALVILLO,0901600010058,POLANCO III SECCIÓN,2024-11-08,mañana,2025-11-18T17:54:05.801992+00:00,2025-11-18T17:54:05.801995+00:00
4011022f0f76f3ff4abe37d8c79769b36021f2f14b1b91604a31c4d643fbf0c8_2024-11-08_3044136_3044126,0900300010104,EL ROSEDAL,0900300010012,SAN LUCAS,2024-11-08,mañana,2025-11-18T17:54:05.802005+00:00,2025-11-18T17:54:05.802008+00:00
46e0fffedb7e768eed9d00af0df0d7efea1b64b9337fa92d3571a8bb6ea6181a_2024-11-08_3776883_3776880,0901500010025,ROMA NORTE,0901500010018,JUÁREZ,2024-11-08,tarde,2025-11-18T17:54:05.802016+00:00,2025-11-18T17:54:05.802019+00:00
4bff5fa1604e93ceee392718d37bc940b5328c9f4eccfc0e5f947ecd99b593dd_2024-11-08_2838507_2838505,0901600010010,ANZURES,0901600010060,POLANCO V SECCIÓN,2024-11-08,mañana,2025-11-18T17:54:05.802028+00:00,2025-11-18T17:54:05.802030+00:00
5e12f3b9701a9489a4d8371a9d7376c9f036ff6d813aaa4e9df82dd8eb3f217b_2024-11-08_960041_960038,0901600010085,BOSQUE DE CHAPULTEPEC,0901500010015,GUERRERO,2024-11-08,mañana,2025-11-18T17:54:05.802039+00:00,2025-11-18T17:54:05.802042+00:00
5e52746ab0c89cfc4e949aa2612404e28134f2b42eb411b3ed292eb81f71c5b0_2024-11-08_3819286_3819281,0900300010087,PARQUE SAN ANDRÉS,0900400010060,SANTA FE CUAJIMALPA,2024-11-08,mañana,2025-11-18T17:54:05.802050+00:00,2025-11-18T17:54:05.802053+00:00
5e852c8e45b7aa610beec92f8916c6ab9acc18cc262ab1cae8b6ec42288fab52_2024-11-08_2556265_2556275,0900300010097,DE LOS REYES,0901500010009,CONDESA,2024-11-08,mañana,2025-11-18T17:54:05.802062+00:00,2025-11-18T17:54:05.802064+00:00
5e8806ce387425009520deb3b61c4618779965a89b383945c042a577e4e8f8d0_2024-11-08_92269_92264,0901600010085,BOSQUE DE CHAPULTEPEC,0901500010016,HIPÓDROMO,2024-11-08,mañana,2025-11-18T17:54:05.802073+00:00,2025-11-18T17:54:05.802075+00:00
5f8735577ed8dfde7f7363d1d3d283250bbeb9a5d519792078c733183e1b7930_2024-11-08_1191604_1191609,0901500010023,PERALVILLO,0901500010007,CENTRO,2024-11-08,madrugada,2025-11-18T17:54:05.802084+00:00,2025-11-18T17:54:05.802086+00:00
62d81e16f8a00a012801c3f3f45d1a8d21f128c62951654167c9cc3bb5e427c0_2024-11-08_2511916_2511917,GEN_8df52115a76b,AICM Terminal I,GEN_9e0c83ddab22,AICM Terminal II,2024-11-08,tarde,2025-11-18T17:54:05.802095+00:00,2025-11-18T17:54:05.802098+00:00
6386865af887d5ea79cfcb5613352567a4bebe6ec658e741d696ca575e5dd2bd_2024-11-08_1297923_1298001,0900300010104,EL ROSEDAL,0900300010097,DE LOS REYES,2024-11-08,mañana,2025-11-18T17:54:05.802107+00:00,2025-11-18T17:54:05.802111+00:00
63b380b08e422ca2aa86b928caf2866b1decf28072de08f76de00ace7df9fcfb_2024-11-08_3487459_3487458,0901500010025,ROMA NORTE,0901500010016,HIPÓDROMO,2024-11-08,mañana,2025-11-18T17:54:05.802133+00:00,2025-11-18T17:54:05.802137+00:00
653afda9690ddda8a8cc79fa9747cf9d8c0d634404b63ae31352a1c5ca8612a3_2024-11-08_1039538_1039544,0900300010032,CIUDAD JARDÍN,0900300010087,PARQUE SAN ANDRÉS,2024-11-08,mañana,2025-11-18T17:54:05.802146+00:00,2025-11-18T17:54:05.802149+00:00
68aa89dfb7150d67b15b9105279c1b5e34e341ff62ff67fb3c6556a2f9ef31f8_2024-11-08_2179063_2179078,0901600010058,POLANCO III SECCIÓN,0901600010057,POLANCO II SECCIÓN,2024-11-08,noche,2025-11-18T17:54:05.802158+00:00,2025-11-18T17:54:05.802160+00:00
693fbd0cebe84edf875b0578f275dc2b0dfa4de752db9b649fb07415e9dd9907_2024-11-08_3354141_3354079,0901500010007,CENTRO,0901500010018,JUÁREZ,2024-11-08,mañana,2025-11-18T17:54:05.802169+00:00,2025-11-18T17:54:05.802171+00:00
6cd8ee05d006f3278b6155368a111dedb8c26dc4cafe14ce9a36d5e38b2720b2_2024-11-08_1667038_1667123,0901500010007,CENTRO,0901500010013,EX HIPÓDROMO DE PERALVILLO,2024-11-08,madrugada,2025-11-18T17:54:05.802180+00:00,2025-11-18T17:54:05.802183+00:00
6df35da2659f25803065af836e8415b9378a672857f150b74931e1425d0e217c_2024-11-08_4042351_4042368,0901500010018,JUÁREZ,0901500010025,ROMA NORTE,2024-11-08,mañana,2025-11-18T17:54:05.802192+00:00,2025-11-18T17:54:05.802194+00:00
721baa55f720716cadb0ef699d75e03dcfae4bf12e4128743d4e81cf94756bd4_2024-11-08_2146693_2146692,0900300010087,PARQUE SAN ANDRÉS,0900300010012,SAN LUCAS,2024-11-08,mañana,2025-11-18T17:54:05.802204+00:00,2025-11-18T17:54:05.802206+00:00
74c0277c4ad71cb74409a265307264d8e248a6fb99e2fbdc61617c0d4bc1dec5_2024-11-08_3657208_3657149,0900300010087,PARQUE SAN ANDRÉS,0900300010104,EL ROSEDAL,2024-11-08,mañana,2025-11-18T17:54:05.802215+00:00,2025-11-18T17:54:05.802217+00:00
780752d4f3d72e5ceda929ec6c8d6f9fcfadea0ddfd141062821b578ac2a5d14_2024-11-08_21242_21251,0900300010114,VILLA COYOACÁN,0901500010018,JUÁREZ,2024-11-08,mañana,2025-11-18T17:54:05.802226+00:00,2025-11-18T17:54:05.802229+00:00
815f851c4ba7f5ce6b07bb818dcd355cdef88e0681466a3d9b8f053fa2f6c5cb_2024-11-08_1133757_1133763,0901500010007,CENTRO,0901600010058,POLANCO III SECCIÓN,2024-11-08,mañana,2025-11-18T17:54:05.802238+00:00,2025-11-18T17:54:05.802240+00:00
848f23df24ffb3501489c98019d53e92043c1eed177f0cde0f892de63f3d4a22_2024-11-08_95921_95958,0901000010219,SAN ÁNGEL,0900300010114,VILLA COYOACÁN,2024-11-08,mañana,2025-11-18T17:54:05.802249+00:00,2025-11-18T17:54:05.802252+00:00
86392db550467a88031867ab8887e9be921af3589d1f836f667737bdba723b20_2024-11-08_4528398_4528370,0901200010163,SAN LORENZO HUIPULCO,0901500010007,CENTRO,2024-11-08,mañana,2025-11-18T17:54:05.802261+00:00,2025-11-18T17:54:05.802263+00:00
8a9807666f3fcd6c41ca8a66054689ee5a72ea576c94ba287ab394bcd980fcbd_2024-11-08_1228437_1227824,0901500010020,MORELOS,0901500010025,ROMA NORTE,2024-11-08,mañana,2025-11-18T17:54:05.802273+00:00,2025-11-18T17:54:05.802275+00:00
8f8d4fce0087ff7af788fe96ef99fc47877f3330b2c1159e91fad17bfee6e1ea_2024-11-08_172895_172877,0900400010060,SANTA FE CUAJIMALPA,0901500010007,CENTRO,2024-11-08,mañana,2025-11-18T17:54:05.802284+00:00,2025-11-18T17:54:05.802287+00:00
94aad9f8b390af8cb3893db56bd4f282743d26333fb2341bdb825118c325cdcf_2024-11-08_3588681_3588680,0901600010058,POLANCO III SECCIÓN,0901500010015,GUERRERO,2024-11-08,noche,2025-11-18T17:54:05.802297+00:00,2025-11-18T17:54:05.802300+00:00
9bd897d53c9006279b5126d59ea1fca6880a932af1cd2e87251fa71492635fe7_2024-11-08_2899366_2899385,0901600010085,BOSQUE DE CHAPULTEPEC,0901600010059,POLANCO IV SECCIÓN,2024-11-08,mañana,2025-11-18T17:54:05.802310+00:00,2025-11-18T17:54:05.802312+00:00
9c41afd36d7eff5d517279f27aa8c1917ac737243a5f375277d1d33e6e909dec_2024-11-08_1016751_1016771,0901500010026,ROMA SUR,0901500010016,HIPÓDROMO,2024-11-08,noche,2025-11-18T17:54:05.802321+00:00,2025-11-18T17:54:05.802324+00:00
a1334a700bee13525a634c59c36dbe6369049417527ef07f9b7b1f9996f95138_2024-11-08_181209_181202,0900300010023,LA CANDELARIA,0900300010087,PARQUE SAN ANDRÉS,2024-11-08,mañana,2025-11-18T17:54:05.802333+00:00,2025-11-18T17:54:05.802336+00:00
a3b11973656a2df8d3719776d72d120ca8548e14b88ed51859ef1493e3e63c2f_2024-11-08_3954360_3954365,0901600010085,BOSQUE DE CHAPULTEPEC,0901600010058,POLANCO III SECCIÓN,2024-11-08,mañana,2025-11-18T17:54:05.802345+00:00,2025-11-18T17:54:05.802347+00:00
a7e301b372b382afd24488600a4cbf22a649e76cd4ccca30d1d67a411afa1907_2024-11-08_899629_899627,0901500010007,CENTRO,0901500010015,GUERRERO,2024-11-08,noche,2025-11-18T17:54:05.802356+00:00,2025-11-18T17:54:05.802358+00:00
a8077d4bb4e119c9032a3a650d081c100679832e28c2c346f9f4a83abda115f2_2024-11-08_2182171_2182185,0901600010058,POLANCO III SECCIÓN,0901600010059,POLANCO IV SECCIÓN,2024-11-08,mañana,2025-11-18T17:54:05.802367+00:00,2025-11-18T17:54:05.802370+00:00
b0782ee10009ab5ce9b517b284b93f69d686114b0ea34d8bb2442fe1ebfbfe58_2024-11-08_2033798_2033808,0901500010025,ROMA NORTE,0900500010186,7 DE NOVIEMBRE,2024-11-08,mañana,2025-11-18T17:54:05.802379+00:00,2025-11-18T17:54:05.802381+00:00
b210775061b75ea6025469bb1338bbd7133d6013d18920d4c931c6a5e966a3e2_2024-11-08_842722_842780,0900300010054,DEL CARMEN,0900300010012,SAN LUCAS,2024-11-08,mañana,2025-11-18T17:54:05.802390+00:00,2025-11-18T17:54:05.802393+00:00
ba3dd28b5ae055f3788c0ea5d4ef449c5b193175e89fd0e13e2d61c9fd4b3520_2024-11-08_120475_120477,0901000010219,SAN ÁNGEL,0901600010059,POLANCO IV SECCIÓN,2024-11-08,mañana,2025-11-18T17:54:05.802402+00:00,2025-11-18T17:54:05.802404+00:00
bc973a21fce9eea725536790449fd9f565e755946b179f72183af20cb121e62f_2024-11-08_1847994_1848004,0901500010007,CENTRO,0901500010020,MORELOS,2024-11-08,mañana,2025-11-18T17:54:05.802413+00:00,2025-11-18T17:54:05.802415+00:00
c44ec7d92a7fc320b30095fe2e5ab5ef85d002ae58d96fb434fbc38ee7188b17_2024-11-08_3329830_3329839,0901500010007,CENTRO,0900300010114,VILLA COYOACÁN,2024-11-08,mañana,2025-11-18T17:54:05.802424+00:00,2025-11-18T17:54:05.802427+00:00
c75faab869f517d00c9994f27e30d1520dd217449f17d00cfc209b2d24783769_2024-11-08_1416307_1416331,0901500010010,CUAUHTÉMOC,0901500010018,JUÁREZ,2024-11-08,mañana,2025-11-18T17:54:05.802436+00:00,2025-11-18T17:54:05.802438+00:00
d135ed894d375499beca51148736df8441c58ca92887b4ba19c06dd404e024fb_2024-11-08_3259245_3259258,0901500010018,JUÁREZ,0901500010007,CENTRO,2024-11-08,madrugada,2025-11-18T17:54:05.802447+00:00,2025-11-18T17:54:05.802450+00:00
d4d7f9752adde1fd5bdc786edd9109f681a323122587d98f4a5e003192dca549_2024-11-08_1554045_1554063,0901600010085,BOSQUE DE CHAPULTEPEC,0901500010007,CENTRO,2024-11-08,noche,2025-11-18T17:54:05.802469+00:00,2025-11-18T17:54:05.802473+00:00
d5cc79cfaa66f443c8cbbbae4229adba795319401b024ae980587c856cec399e_2024-11-08_998520_998490,0901500010015,GUERRERO,0901500010007,CENTRO,2024-11-08,mañana,2025-11-18T17:54:05.802483+00:00,2025-11-18T17:54:05.802485+00:00
db5b6026ea53e5f19cb7983e2cf5a8ed242abe4790d0a7c026484140cdd3d240_2024-11-08_2913095_2913190,0901500010007,CENTRO,0901500010018,JUÁREZ,2024-11-08,mañana,2025-11-18T17:54:05.802494+00:00,2025-11-18T17:54:05.802496+00:00
dbf2f64793b4db2f69a5c461ed613c17908c40e8c6749e2331f145702ee29eb8_2024-11-08_939868_939865,0901500010007,CENTRO,0901500010025,ROMA NORTE,2024-11-08,mañana,2025-11-18T17:54:05.802506+00:00,2025-11-18T17:54:05.802509+00:00
ec78836c352bf50b9b5ac3cc7d0052ff032acadf802b4cfd93be13da363873a2_2024-11-08_1626141_1626150,0901500010018,JUÁREZ,0901500010010,CUAUHTÉMOC,2024-11-08,tarde,2025-11-18T17:54:05.802521+00:00,2025-11-18T17:54:05.802524+00:00
f0edc622886469de2200e7fff1e514108d072ff25c564a05c82f61ce8a9b4713_2024-11-08_4468776_4468773,0901600010060,POLANCO V SECCIÓN,0901500010009,CONDESA,2024-11-08,mañana,2025-11-18T17:54:05.802533+00:00,2025-11-18T17:54:05.802536+00:00
f4da86e621ed4f4f4aa98807fa1009f1bb1cdc6e7cfd4326ec14bc62204f057a_2024-11-08_1285488_1285520,0901500010007,CENTRO,0901500010018,JUÁREZ,2024-11-08,madrugada,2025-11-18T17:54:05.802545+00:00,2025-11-18T17:54:05.802547+00:00
f50750e507b305edcafe8c995b8b79431168b536983271d769f7e59c26c52d19_2024-11-08_3267608_3267601,0901600010059,POLANCO IV SECCIÓN,0901600010085,BOSQUE DE CHAPULTEPEC,2024-11-08,mañana,2025-11-18T17:54:05.802556+00:00,2025-11-18T17:54:05.802559+00:00
f82ce4de5884947a96dce944e2a765ed98b8d888027e69215d2ee73bd8226c88_2024-11-08_2082902_2082893,0901500010010,CUAUHTÉMOC,0901500010025,ROMA NORTE,2024-11-08,mañana,2025-11-18T17:54:05.802568+00:00,2025-11-18T17:54:05.802570+00:00
f993b682590b939ed669d085b0e3bb15a8df881b42f24c4d25bee7fdb70a9165_2024-11-08_2540906_2540915,0900300010059,ESPARTACO,0900300010098,SAN PABLO TEPETLAPA,2024-11-08,noche,2025-11-18T17:54:05.802579+00:00,2025-11-18T17:54:05.802581+00:00
fe7c6e4289b86b116f6973dba1e86064527583c0bf2bdfa0afaeff5a93715821_2024-11-08_3229434_3229435,0901600010010,ANZURES,GEN_22fa6c7bd720,TAXQUEÑA,2024-11-08,madrugada,2025-11-18T17:54:05.802590+00:00,2025-11-18T17:54:05.802593+00:00
0077890bbcb82ce600a43b1699d3968dd15ea5ea499e9b79f0dd5c8cdbe1a651_2024-11-07_241780_241771,0900300010114,VILLA COYOACÁN,0900300010014,SANTA CATARINA,2024-11-07,mañana,2025-11-18T17:54:05.801002+00:00,2025-11-18T17:54:05.801004+00:00
0169474ff7082eac5421c505d1d2ae85cd9983d878798911fba877487c409694_2024-11-07_2083085_2083094,0901600010058,POLANCO III SECCIÓN,0901600010056,POLANCO I SECCIÓN,2024-11-07,noche,2025-11-18T17:54:05.801013+00:00,2025-11-18T17:54:05.801016+00:00
096d1e7281b5449be649a230763a1eda9741f65bd21578e2d671f29bf326b74c_2024-11-07_2025695_2025698,0901500010024,TABACALERA,0900300010098,SAN PABLO TEPETLAPA,2024-11-07,mañana,2025-11-18T17:54:05.801025+00:00,2025-11-18T17:54:05.801028+00:00
0b48724153f8b5d8e702dd0c5a26eef6b615b071d1a0b574bb48563bc7fcff34_2024-11-07_2719970_2719980,0900500010186,7 DE NOVIEMBRE,0901500010010,CUAUHTÉMOC,2024-11-07,mañana,2025-11-18T17:54:05.801037+00:00,2025-11-18T17:54:05.801039+00:00
0dce0a66f25fcc4958f28ffb4e34643645b6a8ff973649058ea071f127cc7261_2024-11-07_2145660_2145670,0901500010015,GUERRERO,0901500010007,CENTRO,2024-11-07,mañana,2025-11-18T17:54:05.801048+00:00,2025-11-18T17:54:05.801051+00:00
0eab531e094f0f45a8783c16c2ec7065e0ceb632efd3422f0c42182c9f009708_2024-11-07_2769166_2769222,0900300010101,EL RELOJ,0900300010098,SAN PABLO TEPETLAPA,2024-11-07,mañana,2025-11-18T17:54:05.801060+00:00,2025-11-18T17:54:05.801063+00:00
1aaed47db6426717e6045e346c10473a8469011a2e538226822ab8c92901d990_2024-11-07_2418581_2418639,0901500010007,CENTRO,0900300010014,SANTA CATARINA,2024-11-07,mañana,2025-11-18T17:54:05.801072+00:00,2025-11-18T17:54:05.801074+00:00
24db99d1f2d4b9db3dd8e9f99cfa03f4d7e52161935a8ef74e50897543696c27_2024-11-07_111807_111772,0901500010017,HIPÓDROMO CONDESA,GEN_8df52115a76b,AICM Terminal I,2024-11-07,mañana,2025-11-18T17:54:05.801084+00:00,2025-11-18T17:54:05.801086+00:00
25ae2060d1f5c1eb4311da790784c2ba48bbfb0dbf82dd04614831d18d039f02_2024-11-07_200310_200290,0900300010059,ESPARTACO,0900300010095,PRADOS DE COYOACÁN,2024-11-07,mañana,2025-11-18T17:54:05.801095+00:00,2025-11-18T17:54:05.801098+00:00
26999bce75e7cbb9ceb1829d2cd359d79e526e783e9c163f24684f0c555cb029_2024-11-07_2773392_2773406,0900300010032,CIUDAD JARDÍN,0900300010006,ATLÁNTIDA,2024-11-07,mañana,2025-11-18T17:54:05.801107+00:00,2025-11-18T17:54:05.801109+00:00
27f536af68125c4d6258bb7e53882c8e3bd9b496ab2708c3b2606dc34f4271b3_2024-11-07_2097672_2097660,0900500010206,VALLEJO,0901500010007,CENTRO,2024-11-07,mañana,2025-11-18T17:54:05.801118+00:00,2025-11-18T17:54:05.801120+00:00
2aec734eb17964efe76cf79a1700085e17035b19325d195c290608b4b7a6d807_2024-11-07_3481275_3481380,0901500010007,CENTRO,0901500010024,TABACALERA,2024-11-07,mañana,2025-11-18T17:54:05.801129+00:00,2025-11-18T17:54:05.801132+00:00
2e8cc341aac99ca6790004154bb928e10ea80cd17aba9830e911d9d59c096b05_2024-11-07_464715_464708,0901000010319,SANTA FE CENTRO CIUDAD,0900400010060,SANTA FE CUAJIMALPA,2024-11-07,mañana,2025-11-18T17:54:05.801141+00:00,2025-11-18T17:54:05.801143+00:00
34fcd9f9d4a8d032c26430e7043f731917873b8f3dc97baa1e5030329783c25c_2024-11-07_2648089_2648105,0901600010060,POLANCO V SECCIÓN,0901600010085,BOSQUE DE CHAPULTEPEC,2024-11-07,mañana,2025-11-18T17:54:05.801152+00:00,2025-11-18T17:54:05.801155+00:00
373954ea0b478398540fa65ce831b9d9a5714855684aaa874e095d41069d17b9_2024-11-07_266618_266580,0900300010008,LA CONCEPCIÓN,0901500010007,CENTRO,2024-11-07,mañana,2025-11-18T17:54:05.801163+00:00,2025-11-18T17:54:05.801166+00:00
4add951a25081f65d63e769a83a63ceba107c2937936487ac57c7dafc1d84c11_2024-11-07_2117228_2117227,GEN_8df52115a76b,AICM Terminal I,0900300010114,VILLA COYOACÁN,2024-11-07,madrugada,2025-11-18T17:54:05.801175+00:00,2025-11-18T17:54:05.801177+00:00
4f3b12d153f539980eb36b478841751eeb0654d9913dbf318ab476ed7abff9cc_2024-11-07_4099276_4099275,0901600010058,POLANCO III SECCIÓN,0901600010059,POLANCO IV SECCIÓN,2024-11-07,mañana,2025-11-18T17:54:05.801186+00:00,2025-11-18T17:54:05.801189+00:00
5892a147d1663569a0f6da1bb7d458ffac9ee97c6f34d14129e06fdcd66bb21f_2024-11-07_2221739_2221737,0901500010016,HIPÓDROMO,0901500010026,ROMA SUR,2024-11-07,madrugada,2025-11-18T17:54:05.801198+00:00,2025-11-18T17:54:05.801200+00:00
5dddb16e7222a163957d707fdad0e785c39e9af3fbb37c56b3a27705dc80d7a0_2024-11-07_164649_164665,0901500010010,CUAUHTÉMOC,0901500010007,CENTRO,2024-11-07,mañana,2025-11-18T17:54:05.801209+00:00,2025-11-18T17:54:05.801211+00:00
601279a71e5a3101ab3a7592106e5f207ad1d0adc9bf79f30c109eb1ea8dc07a_2024-11-07_3978578_3978580,0900300010012,SAN LUCAS,0900300010054,DEL CARMEN,2024-11-07,mañana,2025-11-18T17:54:05.801221+00:00,2025-11-18T17:54:05.801223+00:00
6249dbb8d0a1f82c6dcec5bb97300cf944f4013da391e5b299d3c1486efcab95_2024-11-07_425764_425791,0901500010016,HIPÓDROMO,0901500010010,CUAUHTÉMOC,2024-11-07,mañana,2025-11-18T17:54:05.801232+00:00,2025-11-18T17:54:05.801235+00:00
62d81e16f8a00a012801c3f3f45d1a8d21f128c62951654167c9cc3bb5e427c0_2024-11-07_2449753_2449740,GEN_9e0c83ddab22,AICM Terminal II,GEN_8df52115a76b,AICM Terminal I,2024-11-07,mañana,2025-11-18T17:54:05.801244+00:00,2025-11-18T17:54:05.801246+00:00
632bb8d588344f953a233224a49e9da1748a5ea766cce01a507366eae59d7598_2024-11-07_385420_385401,0901500010010,CUAUHTÉMOC,0901600010010,ANZURES,2024-11-07,mañana,2025-11-18T17:54:05.801255+00:00,2025-11-18T17:54:05.801258+00:00
63fb4144e701d92240587eec8bdb776619780edd7ae9c3ca2b766ebd785d6302_2024-11-07_1029280_1029319,0901600010058,POLANCO III SECCIÓN,0901500010023,PERALVILLO,2024-11-07,mañana,2025-11-18T17:54:05.801266+00:00,2025-11-18T17:54:05.801269+00:00
6bfdb5aef7321dc79948f0ef7464a0b431d62ef8c5430a2049bfbbb8ae450f5f_2024-11-07_1657117_1657072,0901500010016,HIPÓDROMO,0901500010007,CENTRO,2024-11-07,mañana,2025-11-18T17:54:05.801278+00:00,2025-11-18T17:54:05.801280+00:00
721baa55f720716cadb0ef699d75e03dcfae4bf12e4128743d4e81cf94756bd4_2024-11-07_2106936_2106775,0900300010087,PARQUE SAN ANDRÉS,0900300010012,SAN LUCAS,2024-11-07,mañana,2025-11-18T17:54:05.801289+00:00,2025-11-18T17:54:05.801292+00:00
7a5d6e8c966e81461dd118ee64bc9ea0541107afdf4854d5beae3563dbeec44d_2024-11-07_463268_463291,0901500010023,PERALVILLO,0901500010007,CENTRO,2024-11-07,mañana,2025-11-18T17:54:05.801301+00:00,2025-11-18T17:54:05.801303+00:00
7a8217edfde4ea424d9ebcc692cfa1c5dd297f295a6ddd3dc593cf7ac7fe647f_2024-11-07_2904771_2904727,0901500010020,MORELOS,0901600010010,ANZURES,2024-11-07,madrugada,2025-11-18T17:54:05.801312+00:00,2025-11-18T17:54:05.801315+00:00
7e06b390cce1a26966832023658c17e1414d849c665b544f06065939c3d3fc00_2024-11-07_2656495_2656529,0901500010015,GUERRERO,0901500010007,CENTRO,2024-11-07,mañana,2025-11-18T17:54:05.801324+00:00,2025-11-18T17:54:05.801326+00:00
7ea4c7d981d88afc93ef54b56a9c26169d47a3e37560c7c4b0c731f66595eb50_2024-11-07_1665775_1665717,0901600010058,POLANCO III SECCIÓN,0901500010010,CUAUHTÉMOC,2024-11-07,mañana,2025-11-18T17:54:05.801338+00:00,2025-11-18T17:54:05.801341+00:00
81a76cf985b8108b0273ae65c50798c7bc81fe58b2ab6e6286e12eb069b38779_2024-11-07_1702483_1702475,0901200010185,TLALPAN CENTRO,0900400010060,SANTA FE CUAJIMALPA,2024-11-07,tarde,2025-11-18T17:54:05.801352+00:00,2025-11-18T17:54:05.801355+00:00
820656e5ee6f5a9781d6335f17646076b62571edb0eecbd91035a92249eb755b_2024-11-07_556764_556807,0900300010087,PARQUE SAN ANDRÉS,0900300010054,DEL CARMEN,2024-11-07,mañana,2025-11-18T17:54:05.801364+00:00,2025-11-18T17:54:05.801366+00:00
856961cbe01e4b2fcec96f39f9206755b5feb2a6d2df14e3939309d39a6a7ef3_2024-11-07_2283014_2283038,0901500010018,JUÁREZ,0901600010059,POLANCO IV SECCIÓN,2024-11-07,mañana,2025-11-18T17:54:05.801375+00:00,2025-11-18T17:54:05.801377+00:00
85c70a0f0f79e30ae5e961bde972094528046655999792515734501650b05bd0_2024-11-07_1586080_1586104,0901500010015,GUERRERO,0901500010007,CENTRO,2024-11-07,mañana,2025-11-18T17:54:05.801388+00:00,2025-11-18T17:54:05.801391+00:00
8b5dfb42b094ecbfea45b4dc38de53bfe08d3e1529e3be05cb1da95481a84ffc_2024-11-07_1197384_1197385,0901500010025,ROMA NORTE,GEN_9e0c83ddab22,AICM Terminal II,2024-11-07,mañana,2025-11-18T17:54:05.801400+00:00,2025-11-18T17:54:05.801403+00:00
8fa739132b0fda16e238f7920d66231c73ce3722d056b06d9dfef08efc846472_2024-11-07_725329_725320,0900300010087,PARQUE SAN ANDRÉS,0901600010010,ANZURES,2024-11-07,mañana,2025-11-18T17:54:05.801413+00:00,2025-11-18T17:54:05.801415+00:00
93ff0a00f540f3125ef105caaa7da6a3a163905a31c29600ff6442be200e31ca_2024-11-07_2434435_2434507,0900300010012,SAN LUCAS,0900300010008,LA CONCEPCIÓN,2024-11-07,mañana,2025-11-18T17:54:05.801437+00:00,2025-11-18T17:54:05.801440+00:00
9522f4f7802901c75d5db18d2105bab448cfb29eeae8af9e9d04159a04cb56eb_2024-11-07_1276268_1276267,0900300010014,SANTA CATARINA,0901500010025,ROMA NORTE,2024-11-07,noche,2025-11-18T17:54:05.801449+00:00,2025-11-18T17:54:05.801452+00:00
968576b09551b9a09bb555fe7fd98a9ad0e8c0c8e7f31a8b9f28faa132b5cab9_2024-11-07_680579_680549,0901500010009,CONDESA,0901600010085,BOSQUE DE CHAPULTEPEC,2024-11-07,madrugada,2025-11-18T17:54:05.801461+00:00,2025-11-18T17:54:05.801463+00:00
96e4d6458fdb6bdae6fe9bbbd53dd94b3a82c58e9df5cfc2d294ef6a698a6d2d_2024-11-07_3907155_3907152,0901500010018,JUÁREZ,0901500010010,CUAUHTÉMOC,2024-11-07,mañana,2025-11-18T17:54:05.801472+00:00,2025-11-18T17:54:05.801475+00:00
996350997a0738eb00033e64f8021ce335f8f3688c409ec5ff65a81676366ba9_2024-11-07_2446422_2446420,0901500010026,ROMA SUR,0901000010319,SANTA FE CENTRO CIUDAD,2024-11-07,mañana,2025-11-18T17:54:05.801483+00:00,2025-11-18T17:54:05.801486+00:00
999e20ae8acee66865b05dae1d503f3b245fe61d639ff3e7e45515ef5ba89b84_2024-11-07_1398621_1398620,0901500010023,PERALVILLO,0901600010058,POLANCO III SECCIÓN,2024-11-07,mañana,2025-11-18T17:54:05.801495+00:00,2025-11-18T17:54:05.801498+00:00
a157936f119cb153cde022f2711107229b9c0157d7d4dbc9a982ce40372d6ccf_2024-11-07_496843_496867,0901500010015,GUERRERO,0901600010058,POLANCO III SECCIÓN,2024-11-07,mañana,2025-11-18T17:54:05.801507+00:00,2025-11-18T17:54:05.801512+00:00
a78f5957882621f17dbbd0c188173f8ab6b8bfa6f533b2e3f5fbdef121f79ed0_2024-11-07_494342_494354,0900300010087,PARQUE SAN ANDRÉS,0900300010097,DE LOS REYES,2024-11-07,mañana,2025-11-18T17:54:05.801521+00:00,2025-11-18T17:54:05.801523+00:00
a8077d4bb4e119c9032a3a650d081c100679832e28c2c346f9f4a83abda115f2_2024-11-07_2139603_2139627,0901500010025,ROMA NORTE,0901600010059,POLANCO IV SECCIÓN,2024-11-07,mañana,2025-11-18T17:54:05.801533+00:00,2025-11-18T17:54:05.801535+00:00
a97934250180cf46fa8c2c356f4ac842020276d18ae86880e1ae53d3f6b89e03_2024-11-07_222245_222253,0901500010024,TABACALERA,0901500010007,CENTRO,2024-11-07,mañana,2025-11-18T17:54:05.801544+00:00,2025-11-18T17:54:05.801547+00:00
aae6881ac8e6e25c6b4e4254088552837c4ba30fbb78599fac97628550399f2b_2024-11-07_1673244_1673248,0901500010018,JUÁREZ,0901500010024,TABACALERA,2024-11-07,mañana,2025-11-18T17:54:05.801556+00:00,2025-11-18T17:54:05.801558+00:00
ad312ed0e9c184d9279b45829126f45b45729eee9cffa0bacd3bd8ec4309bc5c_2024-11-07_3369357_3369792,0901500010024,TABACALERA,0901500010007,CENTRO,2024-11-07,tarde,2025-11-18T17:54:05.801567+00:00,2025-11-18T17:54:05.801569+00:00
aee9d12d359b269ac36b400dd0edf75710bb62c85830ca45d8a6080dfbffd379_2024-11-07_1770948_1770953,0901500010020,MORELOS,GEN_9e0c83ddab22,AICM Terminal II,2024-11-07,tarde,2025-11-18T17:54:05.801578+00:00,2025-11-18T17:54:05.801581+00:00
b0fb3f4597b86b64553b3cc92a01d02158792d1849a04440b772a6e82df5c8be_2024-11-07_1474098_1474050,GEN_9e0c83ddab22,AICM Terminal II,0900300010054,DEL CARMEN,2024-11-07,mañana,2025-11-18T17:54:05.801590+00:00,2025-11-18T17:54:05.801592+00:00
b3627cc3437be58cdf283f6510f7b924f70eb83f3d51becbd0574fc4cda38ebd_2024-11-07_2525634_2525615,0901500010007,CENTRO,0900300010099,DE SANTA ÚRSULA COAPA,2024-11-07,mañana,2025-11-18T17:54:05.801601+00:00,2025-11-18T17:54:05.801603+00:00
b47d4e11d04f1f25d63c03d01f9ecc009b5966e74626a36c7058c2c1c102cb4a_2024-11-07_485306_485308,0901500010026,ROMA SUR,0901500010007,CENTRO,2024-11-07,madrugada,2025-11-18T17:54:05.801612+00:00,2025-11-18T17:54:05.801615+00:00
b9b03b1fd2043a77643101ad84acd18c11b54a0e58ce1807176471dae85142bb_2024-11-07_1673687_1673690,0901500010010,CUAUHTÉMOC,0901500010018,JUÁREZ,2024-11-07,madrugada,2025-11-18T17:54:05.801623+00:00,2025-11-18T17:54:05.801626+00:00
ba3dd28b5ae055f3788c0ea5d4ef449c5b193175e89fd0e13e2d61c9fd4b3520_2024-11-07_124019_124014,0901600010085,BOSQUE DE CHAPULTEPEC,0901600010059,POLANCO IV SECCIÓN,2024-11-07,mañana,2025-11-18T17:54:05.801635+00:00,2025-11-18T17:54:05.801637+00:00
c01012f3853f760aadc3b7c47427a0c6fd93739159fc6af3b5b0c520cc62d9d2_2024-11-07_3532984_3533000,GEN_22fa6c7bd720,TAXQUEÑA,0900300010006,ATLÁNTIDA,2024-11-07,mañana,2025-11-18T17:54:05.801646+00:00,2025-11-18T17:54:05.801668+00:00
c4b9abb219963e9931c507821c38778297f37fe679615ab5b7a2ed231175e45c_2024-11-07_239521_239534,0901500010016,HIPÓDROMO,0901600010010,ANZURES,2024-11-07,noche,2025-11-18T17:54:05.801679+00:00,2025-11-18T17:54:05.801685+00:00
c6f954d17595dea57fa941cec8265be34ec01ca6144ec54b57a78d4af3696d97_2024-11-07_2567880_2567893,0901500010018,JUÁREZ,0901500010024,TABACALERA,2024-11-07,tarde,2025-11-18T17:54:05.801694+00:00,2025-11-18T17:54:05.801697+00:00
c99b2f6d703f1530b3a943c4604f7ce0c034712e39aed26a8bf56af73bf27a91_2024-11-07_1182778_1182790,0901600010059,POLANCO IV SECCIÓN,0901600010058,POLANCO III SECCIÓN,2024-11-07,tarde,2025-11-18T17:54:05.801727+00:00,2025-11-18T17:54:05.801730+00:00
ce009d5713310769b04398d2e3710f7c7bdbf902333927c63b47975a88a66037_2024-11-07_2601955_2601965,0901500010007,CENTRO,0901500010016,HIPÓDROMO,2024-11-07,mañana,2025-11-18T17:54:05.801744+00:00,2025-11-18T17:54:05.801747+00:00
d4cd97a8592ed1b49965ce30a69652966df7776b9644e2d9f2976d6c02d88d90_2024-11-07_1675344_1675359,GEN_22fa6c7bd720,TAXQUEÑA,0900300010097,DE LOS REYES,2024-11-07,madrugada,2025-11-18T17:54:05.801757+00:00,2025-11-18T17:54:05.801761+00:00
d5cc79cfaa66f443c8cbbbae4229adba795319401b024ae980587c856cec399e_2024-11-07_978582_978599,0901500010024,TABACALERA,0901500010007,CENTRO,2024-11-07,noche,2025-11-18T17:54:05.801772+00:00,2025-11-18T17:54:05.801775+00:00
d5f7f26498d0da85da2e7aad94d4137ee61fef2a2db4c903af402f7da38c7d2b_2024-11-07_713191_713199,0901500010018,JUÁREZ,GEN_9e0c83ddab22,AICM Terminal II,2024-11-07,mañana,2025-11-18T17:54:05.801786+00:00,2025-11-18T17:54:05.801789+00:00
d76acd6239b7d80c1830470cfc14242ef72a23ed8a12cc8782d4f38e38a67ad2_2024-11-07_923142_923207,0901300010013,SAN CRISTÓBAL,0901600010085,BOSQUE DE CHAPULTEPEC,2024-11-07,mañana,2025-11-18T17:54:05.801800+00:00,2025-11-18T17:54:05.801803+00:00
db5b6026ea53e5f19cb7983e2cf5a8ed242abe4790d0a7c026484140cdd3d240_2024-11-07_2819442_2819434,0900500010084,GUADALUPE TEPEYAC,0901500010018,JUÁREZ,2024-11-07,mañana,2025-11-18T17:54:05.801815+00:00,2025-11-18T17:54:05.801817+00:00
e4f36294d640f54433cde8049c713c705a0316f395e1f87fd83469067d9e5c7b_2024-11-07_111854_111851,0901500010018,JUÁREZ,0901500010025,ROMA NORTE,2024-11-07,mañana,2025-11-18T17:54:05.801826+00:00,2025-11-18T17:54:05.801829+00:00
e7d7ec7d521c85df29cbd1ccd22e9daa49450bea9e27be5477fc1e85505e10e6_2024-11-07_2341069_2341121,0901600010057,POLANCO II SECCIÓN,0901600010058,POLANCO III SECCIÓN,2024-11-07,madrugada,2025-11-18T17:54:05.801838+00:00,2025-11-18T17:54:05.801841+00:00
e951cb93a53395eadeb64775b7ee41a11bca167c065e95337851b35a3b813969_2024-11-07_2361932_2361930,0901500010007,CENTRO,0901500010010,CUAUHTÉMOC,2024-11-07,mañana,2025-11-18T17:54:05.801850+00:00,2025-11-18T17:54:05.801852+00:00
eaa141bbdabaf79587d178fcf5f2e861366b91e84d1700b6b7e0598e99c041d1_2024-11-07_2847259_2847295,0901200010184,TLALPAN,0900400010060,SANTA FE CUAJIMALPA,2024-11-07,mañana,2025-11-18T17:54:05.801861+00:00,2025-11-18T17:54:05.801863+00:00
eed3e4b1256d896774a932a3e80beec7cf04be8f1eab350923857ca754486f0d_2024-11-07_254699_254698,0900300010007,AVANTE,0900300010029,EL CENTINELA,2024-11-07,madrugada,2025-11-18T17:54:05.801873+00:00,2025-11-18T17:54:05.801875+00:00
f43aa10176b2619f03880ca25671a90ef717aa07a7128ad56114db6edb9aaab0_2024-11-07_223876_223894,0900300010099,DE SANTA ÚRSULA COAPA,0901300010019,SAN PEDRO,2024-11-07,mañana,2025-11-18T17:54:05.801884+00:00,2025-11-18T17:54:05.801886+00:00
ff2cec74f924cdad7dd670d0e75424b39f7e67fc2f80023f8c8d258efad09a28_2024-11-07_2628677_2628587,0900500010193,TEPEYAC INSURGENTES,0901500010007,CENTRO,2024-11-07,mañana,2025-11-18T17:54:05.801896+00:00,2025-11-18T17:54:05.801899+00:00
ffe5048519f7d3365e303492bba4cd57436cfa2bb7d4449d9d294f1608bfa677_2024-11-07_2606885_2606896,0901500010009,CONDESA,0901500010016,HIPÓDROMO,2024-11-07,mañana,2025-11-18T17:54:05.801909+00:00,2025-11-18T17:54:05.801912+00:00
00ee60e01a722681a1b65697bf3e56ff3163850d7eacf8fd554355ea3c5ee9cd_2024-11-06_1516180_1516181,0900300010114,VILLA COYOACÁN,0900300010087,PARQUE SAN ANDRÉS,2024-11-06,mañana,2025-11-18T17:54:05.800338+00:00,2025-11-18T17:54:05.800340+00:00
03809a17386d30b48b0ce1752ec5959c83140f60c59b9f02a4c2453076745058_2024-11-06_2423807_2423827,0900300010099,DE SANTA ÚRSULA COAPA,0900300010098,SAN PABLO TEPETLAPA,2024-11-06,noche,2025-11-18T17:54:05.800350+00:00,2025-11-18T17:54:05.800352+00:00
089889239f212ea94a1732da54ebb86064f9192af4ec4004a5487157e1ea32a4_2024-11-06_1283981_1283985,0901500010007,CENTRO,0901300010013,SAN CRISTÓBAL,2024-11-06,mañana,2025-11-18T17:54:05.800362+00:00,2025-11-18T17:54:05.800364+00:00
0f58f0d14aea592664075edf063b209cd2eb105204ed6553b59b82c389cbffcc_2024-11-06_3896679_3896691,0901500010018,JUÁREZ,0901500010009,CONDESA,2024-11-06,noche,2025-11-18T17:54:05.800373+00:00,2025-11-18T17:54:05.800376+00:00
12ef72cb463169f2bbd8576f0c743a71d1622fdcb87d35f616312a7fd55ae3e0_2024-11-06_2589205_2589144,0900500010193,TEPEYAC INSURGENTES,0901500010007,CENTRO,2024-11-06,mañana,2025-11-18T17:54:05.800385+00:00,2025-11-18T17:54:05.800388+00:00
18efc90b92cf68aeb44da0cfd9d9331fa7bb5104495564ed24635db93b4da568_2024-11-06_210806_210861,0900300010101,EL RELOJ,0900300010099,DE SANTA ÚRSULA COAPA,2024-11-06,mañana,2025-11-18T17:54:05.800397+00:00,2025-11-18T17:54:05.800399+00:00
1cd0803c65b9d463bba4e388de1f182f6a570918edc04b6c9c891465cbb1c098_2024-11-06_3393114_3393146,0901600010085,BOSQUE DE CHAPULTEPEC,0901500010018,JUÁREZ,2024-11-06,mañana,2025-11-18T17:54:05.800408+00:00,2025-11-18T17:54:05.800411+00:00
214e6135f807c335d38223cf410e6c2bcec68f979dc5b13647e6c9ca930a4361_2024-11-06_4470244_4470258,0901500010018,JUÁREZ,GEN_9e0c83ddab22,AICM Terminal II,2024-11-06,mañana,2025-11-18T17:54:05.800420+00:00,2025-11-18T17:54:05.800422+00:00
21f95c22f43ccced50fb5087afa55b29cb7aaad012516ee66dd855ced10d9de2_2024-11-06_402148_402159,GEN_9e0c83ddab22,AICM Terminal II,0901600010010,ANZURES,2024-11-06,madrugada,2025-11-18T17:54:05.800431+00:00,2025-11-18T17:54:05.800434+00:00
2b1e1b39ceaeb22fbe962c5406ae7ed39d244e122c51cea9e440504f74b8688f_2024-11-06_10778_10772,0901600010058,POLANCO III SECCIÓN,0901500010007,CENTRO,2024-11-06,mañana,2025-11-18T17:54:05.800442+00:00,2025-11-18T17:54:05.800445+00:00
2b864c9213346c9997e30cbaaccfda0721a43703d225f1f42c4e890981a74a22_2024-11-06_2015676_2015671,0901500010025,ROMA NORTE,0901500010018,JUÁREZ,2024-11-06,mañana,2025-11-18T17:54:05.800454+00:00,2025-11-18T17:54:05.800456+00:00
335832c5e3945131b1026d0dca31bb7a0e398a89a8a4127b088a3e8c1b983db4_2024-11-06_4089185_4089233,0900300010008,LA CONCEPCIÓN,0900300010012,SAN LUCAS,2024-11-06,tarde,2025-11-18T17:54:05.800465+00:00,2025-11-18T17:54:05.800467+00:00
3de0e9bd47155ff1e901e0eebc87d95ba5b586e62e6585d3567dbcfec3cbaa3d_2024-11-06_3200586_3200549,0900300010054,DEL CARMEN,0900300010114,VILLA COYOACÁN,2024-11-06,madrugada,2025-11-18T17:54:05.800477+00:00,2025-11-18T17:54:05.800479+00:00
3ef99d52f070ac05d041bc06f24fd84bc9e891f5dc9cdec10fd1fa2b98d336a3_2024-11-06_2469239_2469227,0901500010010,CUAUHTÉMOC,0901600010058,POLANCO III SECCIÓN,2024-11-06,mañana,2025-11-18T17:54:05.800488+00:00,2025-11-18T17:54:05.800490+00:00
44fb20949847acb3f69e62470739d02f0c6ce3d0e50864358c1ef249f2e9a39b_2024-11-06_25159_25180,GEN_0fdc5f82cfb5,,0900300010099,DE SANTA ÚRSULA COAPA,2024-11-06,noche,2025-11-18T17:54:05.800499+00:00,2025-11-18T17:54:05.800502+00:00
4779e93527d762ff00e3be86aed798ea414234b9c938794106c053bc07216ac4_2024-11-06_2000455_2000446,0901500010018,JUÁREZ,0901500010007,CENTRO,2024-11-06,mañana,2025-11-18T17:54:05.800511+00:00,2025-11-18T17:54:05.800513+00:00
53a03ff2f48cdf21141a677cffb72d87661efec0a5dc8ddaa78bdcac66354425_2024-11-06_3046328_3046046,0901500010018,JUÁREZ,0901500010007,CENTRO,2024-11-06,mañana,2025-11-18T17:54:05.800522+00:00,2025-11-18T17:54:05.800525+00:00
54bbac54e906ee35b518cbfa99885439e8805b51d4825e426a16f9fec9d7c3f4_2024-11-06_4106197_4106199,0900300010087,PARQUE SAN ANDRÉS,0900500010060,ESTRELLA,2024-11-06,mañana,2025-11-18T17:54:05.800534+00:00,2025-11-18T17:54:05.800536+00:00
580a0bb36599672176fc77999be95a1e37792bcf84b3248969a84cea87b23026_2024-11-06_2706869_2706936,0901500010025,ROMA NORTE,0901500010018,JUÁREZ,2024-11-06,mañana,2025-11-18T17:54:05.800545+00:00,2025-11-18T17:54:05.800548+00:00
5892a147d1663569a0f6da1bb7d458ffac9ee97c6f34d14129e06fdcd66bb21f_2024-11-06_2222936_2222934,0901500010009,CONDESA,0901500010025,ROMA NORTE,2024-11-06,mañana,2025-11-18T17:54:05.800557+00:00,2025-11-18T17:54:05.800559+00:00
601279a71e5a3101ab3a7592106e5f207ad1d0adc9bf79f30c109eb1ea8dc07a_2024-11-06_3976493_3976486,0900300010012,SAN LUCAS,0901300010013,SAN CRISTÓBAL,2024-11-06,mañana,2025-11-18T17:54:05.800568+00:00,2025-11-18T17:54:05.800571+00:00
626b131826b4614f1120e84350ead2215c848ac4888aab9c0fd03d1fd6b9d674_2024-11-06_392542_392532,0901600010058,POLANCO III SECCIÓN,0901500010007,CENTRO,2024-11-06,mañana,2025-11-18T17:54:05.800580+00:00,2025-11-18T17:54:05.800583+00:00
68bc26d8ebedf2604ff2f901d6dbe2d2407ca88fa51e79c1474ff5fcb444b207_2024-11-06_3639816_3639798,0901500010009,CONDESA,0901600010059,POLANCO IV SECCIÓN,2024-11-06,mañana,2025-11-18T17:54:05.800592+00:00,2025-11-18T17:54:05.800594+00:00
6c9b94aa13d880e39b01b81a8ea7c7546c4e273953a3dbd084109b3bcec565cc_2024-11-06_529896_529949,0901500010007,CENTRO,0901500010024,TABACALERA,2024-11-06,mañana,2025-11-18T17:54:05.800603+00:00,2025-11-18T17:54:05.800606+00:00
77732ee543036073a425fc7c44b491bd68317a55bccb3a4d01ad2254c75317d5_2024-11-06_65599_65545,0901500010025,ROMA NORTE,0901500010026,ROMA SUR,2024-11-06,mañana,2025-11-18T17:54:05.800615+00:00,2025-11-18T17:54:05.800617+00:00
7da428b7a96e24ef1b23fd701d4b106b96bee4615bb200b227528a5f591c659a_2024-11-06_2487862_2487857,0901200010185,TLALPAN CENTRO,0900300010062,EX-HACIENDA COAPA,2024-11-06,mañana,2025-11-18T17:54:05.800626+00:00,2025-11-18T17:54:05.800629+00:00
80f759821a4fb0d2b28ab8239e45077fe680e97d29bf1732695c55bbbf347a26_2024-11-06_4356217_4356231,0901600010058,POLANCO III SECCIÓN,0901600010060,POLANCO V SECCIÓN,2024-11-06,tarde,2025-11-18T17:54:05.800638+00:00,2025-11-18T17:54:05.800640+00:00
815443ab935196323a004efeb56451faccbc44553cf3eae63f764b67587a1d09_2024-11-06_4276909_4276908,0901500010007,CENTRO,0900300010099,DE SANTA ÚRSULA COAPA,2024-11-06,mañana,2025-11-18T17:54:05.800649+00:00,2025-11-18T17:54:05.800652+00:00
8fc05c30e3d2aa4e149a57bbab07789d07dde2258da89903e9ca7f386b4e6e9d_2024-11-06_4295340_4295331,0900300010054,DEL CARMEN,0900300010114,VILLA COYOACÁN,2024-11-06,mañana,2025-11-18T17:54:05.800661+00:00,2025-11-18T17:54:05.800663+00:00
90c5c8a0383baea4fa14688b7f3161a52b5dc5458f43b365e4f40bcab89818db_2024-11-06_1928861_1928947,0901500010018,JUÁREZ,0901600010059,POLANCO IV SECCIÓN,2024-11-06,tarde,2025-11-18T17:54:05.800672+00:00,2025-11-18T17:54:05.800674+00:00
9522f4f7802901c75d5db18d2105bab448cfb29eeae8af9e9d04159a04cb56eb_2024-11-06_1277813_1277814,0900300010097,DE LOS REYES,0900300010054,DEL CARMEN,2024-11-06,mañana,2025-11-18T17:54:05.800683+00:00,2025-11-18T17:54:05.800685+00:00
962ec9ecda3ee2c52cbf3024d3e7a82045146895df1fa622d890961e79b58224_2024-11-06_1999002_1999021,0901500010018,JUÁREZ,0901600010059,POLANCO IV SECCIÓN,2024-11-06,mañana,2025-11-18T17:54:05.800694+00:00,2025-11-18T17:54:05.800697+00:00
9fbb5e25c73e255e05a20119274b8361f2c6ffbb79cb341197279c3724af67dc_2024-11-06_1515105_1515179,0901500010024,TABACALERA,GEN_9e0c83ddab22,AICM Terminal II,2024-11-06,noche,2025-11-18T17:54:05.800715+00:00,2025-11-18T17:54:05.800718+00:00
a1f3d3fd0cd5a4cf5c952e2b53232234b958ea5fc8bd882b755e752a2a8d638b_2024-11-06_767378_767363,0901500010009,CONDESA,0901500010025,ROMA NORTE,2024-11-06,mañana,2025-11-18T17:54:05.800727+00:00,2025-11-18T17:54:05.800730+00:00
a7877b18110cad5bbb4a4bf5ad9c6513d64d24298f2db55e1a43ce52b689d469_2024-11-06_1506809_1506790,0900300010008,LA CONCEPCIÓN,0900300010104,EL ROSEDAL,2024-11-06,mañana,2025-11-18T17:54:05.800739+00:00,2025-11-18T17:54:05.800741+00:00
a854ae5c1af50d3dca538990e31e310a4dc7ddd959220ff3fb42e2615d818f03_2024-11-06_3375808_3375789,0901500010010,CUAUHTÉMOC,0901600010060,POLANCO V SECCIÓN,2024-11-06,madrugada,2025-11-18T17:54:05.800754+00:00,2025-11-18T17:54:05.800757+00:00
ab5e6329775430f199968614614ad7ac0681a1ae092b109b066261c4572b016d_2024-11-06_3834541_3834532,0901600010010,ANZURES,0901600010059,POLANCO IV SECCIÓN,2024-11-06,mañana,2025-11-18T17:54:05.800766+00:00,2025-11-18T17:54:05.800768+00:00
bb7352a390024cd3e575ea939d921dd9e73fb49caa83c92d8ff493baf63710d1_2024-11-06_395598_395605,0901600010057,POLANCO II SECCIÓN,0901600010056,POLANCO I SECCIÓN,2024-11-06,tarde,2025-11-18T17:54:05.800777+00:00,2025-11-18T17:54:05.800780+00:00
c0a395e1a25204394dc9a394037b9d960e9c6d68a80a800bb2d8699d45ab970d_2024-11-06_2674018_2674023,0901500010009,CONDESA,0901600010085,BOSQUE DE CHAPULTEPEC,2024-11-06,mañana,2025-11-18T17:54:05.800789+00:00,2025-11-18T17:54:05.800792+00:00
c8eb34e7bda70dc2ddc25af054be02dfd9b62ffc3d12193f3da9c90ae830419e_2024-11-06_1712099_1712106,0901500010007,CENTRO,0901600010060,POLANCO V SECCIÓN,2024-11-06,mañana,2025-11-18T17:54:05.800801+00:00,2025-11-18T17:54:05.800803+00:00
ce8150e6f56a97c9285041538e2b220a2cc817756d9ebf2f29bdd97dbcf994eb_2024-11-06_113193_113181,0900300010104,EL ROSEDAL,0901500010007,CENTRO,2024-11-06,mañana,2025-11-18T17:54:05.800812+00:00,2025-11-18T17:54:05.800814+00:00
d7adcf0c2cacebe191e14817746d9e89c6a8c87bd8d7722a3e2448e4c51c4608_2024-11-06_35860_35844,0901500010007,CENTRO,0901000010219,SAN ÁNGEL,2024-11-06,mañana,2025-11-18T17:54:05.800823+00:00,2025-11-18T17:54:05.800826+00:00
d9d2ee6f8f671d39f5ad49c15c9473021c146d077ebd49ae9e9f893ded009fa9_2024-11-06_36290_36194,0901500010007,CENTRO,0900500010087,VILLA GUSTAVO A. MADERO,2024-11-06,mañana,2025-11-18T17:54:05.800835+00:00,2025-11-18T17:54:05.800837+00:00
dfde595984895b9dc57dcae3e8c28f583a5c03a11bfde45b8242c36782ad36f5_2024-11-06_3167824_3167854,0901600010010,ANZURES,0900300010054,DEL CARMEN,2024-11-06,mañana,2025-11-18T17:54:05.800846+00:00,2025-11-18T17:54:05.800849+00:00
dfef07b5d454c43fc40d439e6854b0b4c1009eb7083f081999446cb647fd746d_2024-11-06_1451714_1451689,0901500010007,CENTRO,0901500010020,MORELOS,2024-11-06,mañana,2025-11-18T17:54:05.800860+00:00,2025-11-18T17:54:05.800866+00:00
e0f96633fd82b730c91e5857dc3014fcd870a6c09280170747dc1c44ee5e0c28_2024-11-06_2494041_2494067,0901600010058,POLANCO III SECCIÓN,0901500010007,CENTRO,2024-11-06,mañana,2025-11-18T17:54:05.800875+00:00,2025-11-18T17:54:05.800877+00:00
e2c2fda74e71d94ff79b4926493dc9e5920b87e8a5028c1e4a307e34df3f326d_2024-11-06_3759021_3759010,0901500010009,CONDESA,0901500010007,CENTRO,2024-11-06,mañana,2025-11-18T17:54:05.800886+00:00,2025-11-18T17:54:05.800889+00:00
e6093f203229d9866e38a18b2674b4c68ed123c3833b5a2a167722751f67b58c_2024-11-06_4506772_4506800,0901500010016,HIPÓDROMO,GEN_9e0c83ddab22,AICM Terminal II,2024-11-06,mañana,2025-11-18T17:54:05.800898+00:00,2025-11-18T17:54:05.800900+00:00
e791f00fd4a5d2a22383e4e5a0a66acad55bd9ada32c691a2d2ba742c5276829_2024-11-06_2690921_2690846,0901500010026,ROMA SUR,0901500010025,ROMA NORTE,2024-11-06,noche,2025-11-18T17:54:05.800909+00:00,2025-11-18T17:54:05.800912+00:00
efad085071c08a9145af0f6135b921a203b29ed09e57a6442229eb627719112d_2024-11-06_3338863_3338867,0901500010025,ROMA NORTE,0901500010016,HIPÓDROMO,2024-11-06,madrugada,2025-11-18T17:54:05.800921+00:00,2025-11-18T17:54:05.800923+00:00
f0edc622886469de2200e7fff1e514108d072ff25c564a05c82f61ce8a9b4713_2024-11-06_4327826_4327823,0901600010060,POLANCO V SECCIÓN,0901500010009,CONDESA,2024-11-06,mañana,2025-11-18T17:54:05.800942+00:00,2025-11-18T17:54:05.800945+00:00
f43aa10176b2619f03880ca25671a90ef717aa07a7128ad56114db6edb9aaab0_2024-11-06_226124_226151,0901300010019,SAN PEDRO,0900300010099,DE SANTA ÚRSULA COAPA,2024-11-06,mañana,2025-11-18T17:54:05.800956+00:00,2025-11-18T17:54:05.800958+00:00
f5176e8a82aa791dca74088cee53259b7587108a25167a34b71640a393bf2049_2024-11-06_782240_782241,0901500010018,JUÁREZ,0901600010085,BOSQUE DE CHAPULTEPEC,2024-11-06,mañana,2025-11-18T17:54:05.800967+00:00,2025-11-18T17:54:05.800970+00:00
f56ea85657601b03b961f2d8d0f11cd3ae2e57a64e5ea3907116f6ff8d65e329_2024-11-06_3803390_3803419,0900300010104,EL ROSEDAL,0900300010098,SAN PABLO TEPETLAPA,2024-11-06,mañana,2025-11-18T17:54:05.800979+00:00,2025-11-18T17:54:05.800981+00:00
fc415f31900fe61e5b1258b8c93ffd05846efcd5508f08b96b6a8bb0d4d40c94_2024-11-06_3330804_3330821,0901600010058,POLANCO III SECCIÓN,0901500010007,CENTRO,2024-11-06,mañana,2025-11-18T17:54:05.800990+00:00,2025-11-18T17:54:05.800993+00:00
0077890bbcb82ce600a43b1699d3968dd15ea5ea499e9b79f0dd5c8cdbe1a651_2024-11-05_245270_245264,0900300010054,DEL CARMEN,0900300010014,SANTA CATARINA,2024-11-05,mañana,2025-11-18T17:54:05.799373+00:00,2025-11-18T17:54:05.799378+00:00
017a51bd6905ddfa8930ed6620d900a2f12fc7748c1fb7eeda17616584c3d4c2_2024-11-05_2203626_2203631,0901600010056,POLANCO I SECCIÓN,0901600010060,POLANCO V SECCIÓN,2024-11-05,mañana,2025-11-18T17:54:05.799390+00:00,2025-11-18T17:54:05.799393+00:00
06779a0f79bb207011790dd5215aa73954bc9f54178aa775a16935f7794a58df_2024-11-05_1419380_1419396,GEN_9e0c83ddab22,AICM Terminal II,GEN_8df52115a76b,AICM Terminal I,2024-11-05,mañana,2025-11-18T17:54:05.799402+00:00,2025-11-18T17:54:05.799405+00:00
0c55f17df9d8ff64fa74df8579f1d29acecb8826f586d0ee628af1147bb7c3bb_2024-11-05_1137391_1137747,0901500010007,CENTRO,0901500010018,JUÁREZ,2024-11-05,noche,2025-11-18T17:54:05.799414+00:00,2025-11-18T17:54:05.799417+00:00
0f58f0d14aea592664075edf063b209cd2eb105204ed6553b59b82c389cbffcc_2024-11-05_3898470_3898488,0901500010018,JUÁREZ,0901500010015,GUERRERO,2024-11-05,mañana,2025-11-18T17:54:05.799426+00:00,2025-11-18T17:54:05.799428+00:00
0fe818b5d6e44f3b8be71467267371c11b3001386b92e66439030fb26961adbf_2024-11-05_3513924_3513908,0901500010024,TABACALERA,0901500010018,JUÁREZ,2024-11-05,madrugada,2025-11-18T17:54:05.799437+00:00,2025-11-18T17:54:05.799440+00:00
1001317e7a933e2ada81ae73a0869dbc78961fb050bf17b3466ca1284d4c17bd_2024-11-05_335208_335199,0901500010018,JUÁREZ,0901500010010,CUAUHTÉMOC,2024-11-05,mañana,2025-11-18T17:54:05.799449+00:00,2025-11-18T17:54:05.799452+00:00
1030563ce5bcf1d7214198aaad2a154ae0f8944a16a45e11c5be42c16f0fb75c_2024-11-05_2542201_2542199,0901000010219,SAN ÁNGEL,0900300010054,DEL CARMEN,2024-11-05,mañana,2025-11-18T17:54:05.799460+00:00,2025-11-18T17:54:05.799463+00:00
17a18bd2a56975f0cda97e31368355df1616f7680c842af3a941a49708ad8fd9_2024-11-05_2369572_2369569,0900300010014,SANTA CATARINA,0900300010054,DEL CARMEN,2024-11-05,madrugada,2025-11-18T17:54:05.799472+00:00,2025-11-18T17:54:05.799474+00:00
196ea1682b94de663f5bfdc5e840ccfa115c38fd501a58dfbfc04fc48c864b85_2024-11-05_820285_820305,0901500010009,CONDESA,0901500010025,ROMA NORTE,2024-11-05,mañana,2025-11-18T17:54:05.799483+00:00,2025-11-18T17:54:05.799485+00:00
1cd0803c65b9d463bba4e388de1f182f6a570918edc04b6c9c891465cbb1c098_2024-11-05_3401765_3401800,0901600010010,ANZURES,0901600010057,POLANCO II SECCIÓN,2024-11-05,tarde,2025-11-18T17:54:05.799494+00:00,2025-11-18T17:54:05.799496+00:00
1f1647880c86d42ec572b25567fe25e97a09e0c993c9678c5fe025245c59c18f_2024-11-05_158654_158658,0901500010010,CUAUHTÉMOC,0901500010009,CONDESA,2024-11-05,mañana,2025-11-18T17:54:05.799505+00:00,2025-11-18T17:54:05.799508+00:00
1f64219b1c5ced0159f48537f72f8f853a6cbc5d2f9b145472a1a837461211c7_2024-11-05_1002052_1002057,0901500010019,MAZA,0901200010163,SAN LORENZO HUIPULCO,2024-11-05,madrugada,2025-11-18T17:54:05.799517+00:00,2025-11-18T17:54:05.799519+00:00
26d58866c106dbd2926372a21f8f1bb9983b94b25e2166a24ebe836131912bdd_2024-11-05_1043624_1043327,0901500010024,TABACALERA,0901500010007,CENTRO,2024-11-05,mañana,2025-11-18T17:54:05.799528+00:00,2025-11-18T17:54:05.799530+00:00
2aec734eb17964efe76cf79a1700085e17035b19325d195c290608b4b7a6d807_2024-11-05_3487216_3487295,0901500010018,JUÁREZ,0901500010007,CENTRO,2024-11-05,mañana,2025-11-18T17:54:05.799540+00:00,2025-11-18T17:54:05.799542+00:00
2b6a73c784b0de847705ddaabcfbcff7aaafbf1ddd9f23d148edc799ee009884_2024-11-05_1341728_1341706,0901500010007,CENTRO,0900500010087,VILLA GUSTAVO A. MADERO,2024-11-05,noche,2025-11-18T17:54:05.799552+00:00,2025-11-18T17:54:05.799557+00:00
33437a613c01f5fa73b412588866b375f1dba8921024c64039599c5b44fa79ce_2024-11-05_3190511_3190524,0901500010020,MORELOS,0901500010007,CENTRO,2024-11-05,tarde,2025-11-18T17:54:05.799566+00:00,2025-11-18T17:54:05.799568+00:00
36696cfc1fc12570a384f4655371dcd1797e0e944b235ca729bf8cd7097a18e9_2024-11-05_450699_450697,0901600010060,POLANCO V SECCIÓN,0901600010059,POLANCO IV SECCIÓN,2024-11-05,mañana,2025-11-18T17:54:05.799577+00:00,2025-11-18T17:54:05.799580+00:00
3b572fd883bfe918c3c2200b3b9b85fb4450d5cac6dbfd8ec4cff568bcb02d63_2024-11-05_3353220_3353167,0901600010058,POLANCO III SECCIÓN,0901500010015,GUERRERO,2024-11-05,mañana,2025-11-18T17:54:05.799588+00:00,2025-11-18T17:54:05.799591+00:00
437d897666e465404fb32c61b54d5f06df33c2ffca725f580cd49b3af7583461_2024-11-05_4129512_4129522,0901500010024,TABACALERA,0901500010013,EX HIPÓDROMO DE PERALVILLO,2024-11-05,madrugada,2025-11-18T17:54:05.799600+00:00,2025-11-18T17:54:05.799603+00:00
43ee0a978e1508fef72d28bfaa2b9a205fcc9f6bce843d0ec9c778156a7dc7ea_2024-11-05_1148934_1148939,0901600010057,POLANCO II SECCIÓN,0901500010025,ROMA NORTE,2024-11-05,madrugada,2025-11-18T17:54:05.799612+00:00,2025-11-18T17:54:05.799614+00:00
45400e3eb4697243f753ed1a88e46b667c9e5996bb6f17f4dbbf5002a4762a20_2024-11-05_3984307_3984321,0901500010025,ROMA NORTE,0901500010007,CENTRO,2024-11-05,mañana,2025-11-18T17:54:05.799623+00:00,2025-11-18T17:54:05.799625+00:00
47452c441cf9e95860094691c6148aa6512a1b868ffcf82d54302abe7044b04a_2024-11-05_4294071_4294082,0901500010025,ROMA NORTE,0901500010018,JUÁREZ,2024-11-05,mañana,2025-11-18T17:54:05.799634+00:00,2025-11-18T17:54:05.799637+00:00
4a98e2bf0d4807bea8124a76f6bf0c9677232a023ab039c4fe7ae364369cd1f0_2024-11-05_132_143,0901500010018,JUÁREZ,0901600010085,BOSQUE DE CHAPULTEPEC,2024-11-05,mañana,2025-11-18T17:54:05.799646+00:00,2025-11-18T17:54:05.799648+00:00
4b179f1b30cdb857df7d50048b75e3908d9a706af22b2789e07cb6495315ddd1_2024-11-05_1603749_1603747,0901500010018,JUÁREZ,GEN_8df52115a76b,AICM Terminal I,2024-11-05,mañana,2025-11-18T17:54:05.799657+00:00,2025-11-18T17:54:05.799659+00:00
4b58b53d86304965add01093d31cafeca97d86ac41b227d2122422096ce379ac_2024-11-05_3152240_3152208,0901300010019,SAN PEDRO,0900300010054,DEL CARMEN,2024-11-05,mañana,2025-11-18T17:54:05.799668+00:00,2025-11-18T17:54:05.799670+00:00
4f3b12d153f539980eb36b478841751eeb0654d9913dbf318ab476ed7abff9cc_2024-11-05_4101645_4101649,0901600010059,POLANCO IV SECCIÓN,0900400010060,SANTA FE CUAJIMALPA,2024-11-05,tarde,2025-11-18T17:54:05.799679+00:00,2025-11-18T17:54:05.799681+00:00
53a03ff2f48cdf21141a677cffb72d87661efec0a5dc8ddaa78bdcac66354425_2024-11-05_3048940_3048630,0901500010007,CENTRO,0901600010085,BOSQUE DE CHAPULTEPEC,2024-11-05,mañana,2025-11-18T17:54:05.799690+00:00,2025-11-18T17:54:05.799693+00:00
53fce1765ecafecc7d553f3fc2079f01cfd501e5dd777b363e5bcf4d539a971c_2024-11-05_2859847_2859735,0900300010099,DE SANTA ÚRSULA COAPA,GEN_0fdc5f82cfb5,,2024-11-05,mañana,2025-11-18T17:54:05.799702+00:00,2025-11-18T17:54:05.799713+00:00
542d848fd1c1daa1d8d65281c354440aaa3523d1dc318131e5bd7b8361c77906_2024-11-05_3938720_3938735,GEN_9e0c83ddab22,AICM Terminal II,GEN_8df52115a76b,AICM Terminal I,2024-11-05,mañana,2025-11-18T17:54:05.799723+00:00,2025-11-18T17:54:05.799726+00:00
5430d25054b9137263c393df91212a9916af344eadf9b7da790865717b389842_2024-11-05_3654063_3654062,GEN_22fa6c7bd720,TAXQUEÑA,0900300010099,DE SANTA ÚRSULA COAPA,2024-11-05,mañana,2025-11-18T17:54:05.799735+00:00,2025-11-18T17:54:05.799737+00:00
54f3a7d56323d1cb7008fa25ccd93df92ce76e9a1a542e4b75afc53766273f4d_2024-11-05_3513916_3513949,0901500010025,ROMA NORTE,0901500010016,HIPÓDROMO,2024-11-05,noche,2025-11-18T17:54:05.799746+00:00,2025-11-18T17:54:05.799749+00:00
55be1515820ab4e440ea4e79efcbd819f9e0919a0aca21ab86b9c6badf6f3a99_2024-11-05_3535107_3534914,0901500010007,CENTRO,0901500010020,MORELOS,2024-11-05,madrugada,2025-11-18T17:54:05.799758+00:00,2025-11-18T17:54:05.799760+00:00
59a5240dcc84f5088c3d27dde79953fcde347974103a0e6ea541919dd602aa3b_2024-11-05_238543_238531,0901500010007,CENTRO,0901500010015,GUERRERO,2024-11-05,mañana,2025-11-18T17:54:05.799769+00:00,2025-11-18T17:54:05.799772+00:00
5c1638d7057a036b4e9cdd6b44095a387e3a7497d3f381e4e6fbabd808d2bd6c_2024-11-05_3956213_3956185,0900300010087,PARQUE SAN ANDRÉS,0900300010097,DE LOS REYES,2024-11-05,noche,2025-11-18T17:54:05.799781+00:00,2025-11-18T17:54:05.799783+00:00
600e2de0d8223c5cf43ef977a59d09b0d375476e2bfafd74b3e70eef6c198405_2024-11-05_4447722_4447695,0901500010024,TABACALERA,0901500010007,CENTRO,2024-11-05,noche,2025-11-18T17:54:05.799793+00:00,2025-11-18T17:54:05.799795+00:00
60a78333e3aa5739119f18518012ad7cda62893a1a7b6715445e656144453326_2024-11-05_1927712_1927713,0901600010060,POLANCO V SECCIÓN,0901600010085,BOSQUE DE CHAPULTEPEC,2024-11-05,noche,2025-11-18T17:54:05.799804+00:00,2025-11-18T17:54:05.799807+00:00
6543e87b28f6bd01b5141d819344210fe0bbc570a09cd9ddf196a19e4ee9a5ec_2024-11-05_2400111_2400118,0901500010016,HIPÓDROMO,0901500010026,ROMA SUR,2024-11-05,madrugada,2025-11-18T17:54:05.799816+00:00,2025-11-18T17:54:05.799818+00:00
67642ea7446394bd80ebfc6149d0959ca9c2e8da98b541d539329f3112a5c44b_2024-11-05_4045751_4045763,0901600010010,ANZURES,0901500010013,EX HIPÓDROMO DE PERALVILLO,2024-11-05,mañana,2025-11-18T17:54:05.799827+00:00,2025-11-18T17:54:05.799830+00:00
69f2e032a374309d9b1b75ebb5bf767e05ef3e0cee92b65e9a89978826225146_2024-11-05_1498329_1498334,0900300010023,LA CANDELARIA,0900300010104,EL ROSEDAL,2024-11-05,madrugada,2025-11-18T17:54:05.799844+00:00,2025-11-18T17:54:05.799847+00:00
6a1b63d9d58ca976ddf577560348b6c413f3fd0086aeea41b2c63812815936f6_2024-11-05_3026732_3026734,0901600010058,POLANCO III SECCIÓN,0901600010059,POLANCO IV SECCIÓN,2024-11-05,mañana,2025-11-18T17:54:05.799856+00:00,2025-11-18T17:54:05.799859+00:00
6cf40fefcee756f8d7c5a8c1a98362a8bd5abbc21eff3a54aa2b29cca8770e14_2024-11-05_1603694_1603692,0900300010101,EL RELOJ,0900500010186,7 DE NOVIEMBRE,2024-11-05,noche,2025-11-18T17:54:05.799868+00:00,2025-11-18T17:54:05.799870+00:00
7f33a60e381e8fa9b09b8b39f293f03ef3da5209bd0f4b2c94ab5f4a4ba66164_2024-11-05_3986066_3986073,0901500010009,CONDESA,0901500010015,GUERRERO,2024-11-05,mañana,2025-11-18T17:54:05.799879+00:00,2025-11-18T17:54:05.799882+00:00
856961cbe01e4b2fcec96f39f9206755b5feb2a6d2df14e3939309d39a6a7ef3_2024-11-05_2286528_2286571,0901600010058,POLANCO III SECCIÓN,0901600010059,POLANCO IV SECCIÓN,2024-11-05,mañana,2025-11-18T17:54:05.799891+00:00,2025-11-18T17:54:05.799893+00:00
86eb002e027abf33cca0ad2ee86a0f2779e2bf515f90d34853da8638d8eff2b5_2024-11-05_2970235_2970227,0900300010087,PARQUE SAN ANDRÉS,0900300010104,EL ROSEDAL,2024-11-05,madrugada,2025-11-18T17:54:05.799902+00:00,2025-11-18T17:54:05.799905+00:00
87f78c457b068bb0f7fa4f5b2bd88a013e74026e17f08c60a6a0106e9d996329_2024-11-05_659838_659835,0900500010093,INDUSTRIAL,0901500010007,CENTRO,2024-11-05,mañana,2025-11-18T17:54:05.799913+00:00,2025-11-18T17:54:05.799916+00:00
8fa739132b0fda16e238f7920d66231c73ce3722d056b06d9dfef08efc846472_2024-11-05_729132_729106,0900300010087,PARQUE SAN ANDRÉS,0901600010060,POLANCO V SECCIÓN,2024-11-05,mañana,2025-11-18T17:54:05.799925+00:00,2025-11-18T17:54:05.799927+00:00
8fc05c30e3d2aa4e149a57bbab07789d07dde2258da89903e9ca7f386b4e6e9d_2024-11-05_4295124_4295150,0900300010014,SANTA CATARINA,0900300010114,VILLA COYOACÁN,2024-11-05,mañana,2025-11-18T17:54:05.799936+00:00,2025-11-18T17:54:05.799939+00:00
91b1ce33ac77641baefca327f2ee16449cc32ad3f1f582584aef05d9f0b71b8f_2024-11-05_3075335_3075421,0900500010206,VALLEJO,0900500010093,INDUSTRIAL,2024-11-05,noche,2025-11-18T17:54:05.799947+00:00,2025-11-18T17:54:05.799950+00:00
959d974e42ddf275886dd78c5cf116532c67546fb2e57a37c6594e6956de51b6_2024-11-05_226198_226201,0901500010015,GUERRERO,0901600010058,POLANCO III SECCIÓN,2024-11-05,mañana,2025-11-18T17:54:05.799959+00:00,2025-11-18T17:54:05.799961+00:00
9b86bafd3be520b78a8cda16a458423eb51a92cced6049384deed82ccc17513b_2024-11-05_2110355_2110350,0901500010025,ROMA NORTE,0901500010007,CENTRO,2024-11-05,mañana,2025-11-18T17:54:05.799970+00:00,2025-11-18T17:54:05.799973+00:00
9bb8ee16515db963249678cf34ba880ede7791339f89f0e46ce9738050cf0cf0_2024-11-05_2559394_2559402,0901500010024,TABACALERA,0901500010025,ROMA NORTE,2024-11-05,mañana,2025-11-18T17:54:05.799981+00:00,2025-11-18T17:54:05.799984+00:00
9be8be234999d754a094f088cc093875491d61993caee1baf9a1a2e9bd913d51_2024-11-05_3267294_3267305,0901600010010,ANZURES,0901600010060,POLANCO V SECCIÓN,2024-11-05,noche,2025-11-18T17:54:05.799993+00:00,2025-11-18T17:54:05.799995+00:00
9d74b08032e88af1114abd290a0a3691b63ad56aed1f8b6a99164e31929d088c_2024-11-05_2574174_2574175,0901500010009,CONDESA,0901600010059,POLANCO IV SECCIÓN,2024-11-05,mañana,2025-11-18T17:54:05.800004+00:00,2025-11-18T17:54:05.800007+00:00
9e7b24c0ceef57a0600fb0fb254b9b290a6812e0c1cb31fce2f0b1d98a36bada_2024-11-05_4274084_4274095,0900300010104,EL ROSEDAL,0901500010007,CENTRO,2024-11-05,mañana,2025-11-18T17:54:05.800016+00:00,2025-11-18T17:54:05.800018+00:00
9fbb5e25c73e255e05a20119274b8361f2c6ffbb79cb341197279c3724af67dc_2024-11-05_1514928_1514902,0901500010024,TABACALERA,0901500010018,JUÁREZ,2024-11-05,mañana,2025-11-18T17:54:05.800027+00:00,2025-11-18T17:54:05.800029+00:00
aee9d12d359b269ac36b400dd0edf75710bb62c85830ca45d8a6080dfbffd379_2024-11-05_1763539_1763562,0901500010007,CENTRO,0901500010020,MORELOS,2024-11-05,mañana,2025-11-18T17:54:05.800049+00:00,2025-11-18T17:54:05.800052+00:00
af97a5214d874d420716dd2c64e41634b16613c48324777f6226a682115f4108_2024-11-05_791862_791837,0901600010085,BOSQUE DE CHAPULTEPEC,0901600010059,POLANCO IV SECCIÓN,2024-11-05,mañana,2025-11-18T17:54:05.800062+00:00,2025-11-18T17:54:05.800064+00:00
b61f0c3f7f55ff4e50cbb026f1ca0c9ec19328d429a432a15709c2d8a2f12c6a_2024-11-05_879127_879131,0900300010054,DEL CARMEN,0900300010014,SANTA CATARINA,2024-11-05,mañana,2025-11-18T17:54:05.800073+00:00,2025-11-18T17:54:05.800076+00:00
b775f6d49b62d7376b9211f832e5ddf00152f02257e12ba53bcb8f2735a07aee_2024-11-05_3305581_3305590,0901500010025,ROMA NORTE,0901500010018,JUÁREZ,2024-11-05,noche,2025-11-18T17:54:05.800088+00:00,2025-11-18T17:54:05.800091+00:00
c103eae939604eab57455afc1dfe4482432c17ffecf96d1a19f2f0ee4059cb68_2024-11-05_3588644_3588640,0900300010054,DEL CARMEN,0900300010012,SAN LUCAS,2024-11-05,mañana,2025-11-18T17:54:05.800100+00:00,2025-11-18T17:54:05.800102+00:00
c135e61210c920e3023c98c2be525fc77631517f93ab917bc3a961bb03b3af99_2024-11-05_1604940_1604856,0901500010007,CENTRO,0901500010025,ROMA NORTE,2024-11-05,mañana,2025-11-18T17:54:05.800111+00:00,2025-11-18T17:54:05.800114+00:00
c4b9abb219963e9931c507821c38778297f37fe679615ab5b7a2ed231175e45c_2024-11-05_241895_241873,0901500010025,ROMA NORTE,0901600010085,BOSQUE DE CHAPULTEPEC,2024-11-05,mañana,2025-11-18T17:54:05.800123+00:00,2025-11-18T17:54:05.800125+00:00
d5ce8ebdbd023cdf52358244eb100fc1d0958670829c7a968b092513ae72ed6a_2024-11-05_1860958_1860946,0901500010025,ROMA NORTE,0901500010018,JUÁREZ,2024-11-05,mañana,2025-11-18T17:54:05.800134+00:00,2025-11-18T17:54:05.800137+00:00
d7da803351fec5557cbb47889526999959ffeb7eeaa74ba242eb10ae858b36b1_2024-11-05_3667697_3667690,0901500010024,TABACALERA,GEN_9e0c83ddab22,AICM Terminal II,2024-11-05,mañana,2025-11-18T17:54:05.800146+00:00,2025-11-18T17:54:05.800148+00:00
da28841d579ccbe64de3733618b861f456a164a3799d429bfa19792c402deeea_2024-11-05_2697987_2697999,GEN_22fa6c7bd720,TAXQUEÑA,0900300010054,DEL CARMEN,2024-11-05,mañana,2025-11-18T17:54:05.800157+00:00,2025-11-18T17:54:05.800160+00:00
db5b6026ea53e5f19cb7983e2cf5a8ed242abe4790d0a7c026484140cdd3d240_2024-11-05_2824920_2824850,0901500010010,CUAUHTÉMOC,0901500010018,JUÁREZ,2024-11-05,mañana,2025-11-18T17:54:05.800168+00:00,2025-11-18T17:54:05.800171+00:00
db70cabb0bad7747fd9d8d623a5b89d42379cf17310b356fb14e5aef2c5b6241_2024-11-05_497258_497295,0901500010010,CUAUHTÉMOC,0901500010026,ROMA SUR,2024-11-05,mañana,2025-11-18T17:54:05.800180+00:00,2025-11-18T17:54:05.800182+00:00
e2c2fda74e71d94ff79b4926493dc9e5920b87e8a5028c1e4a307e34df3f326d_2024-11-05_3761424_3761411,0901500010007,CENTRO,0901500010009,CONDESA,2024-11-05,mañana,2025-11-18T17:54:05.800191+00:00,2025-11-18T17:54:05.800194+00:00
e540c842644c332c5cb0cd1f710bfd3fa84457fe299a865c6aca99a8312b3396_2024-11-05_4320231_4320207,0901500010025,ROMA NORTE,0901500010009,CONDESA,2024-11-05,noche,2025-11-18T17:54:05.800203+00:00,2025-11-18T17:54:05.800205+00:00
e8458debf4e15181c283bbefbc572a2421601e6c5a101e75b9bd0a4d6cdf9c21_2024-11-05_1559935_1559943,0901500010016,HIPÓDROMO,0901500010026,ROMA SUR,2024-11-05,mañana,2025-11-18T17:54:05.800214+00:00,2025-11-18T17:54:05.800217+00:00
e8598c14e470a76140d22400af47dc30548afe35f98b7f7f4d19689ceaa0f96b_2024-11-05_241876_241879,0900300010098,SAN PABLO TEPETLAPA,0901500010007,CENTRO,2024-11-05,mañana,2025-11-18T17:54:05.800225+00:00,2025-11-18T17:54:05.800228+00:00
e8890c5db77b0f89849f84d6a6dca5c98bbc817a0317711e3378208d7fa5c56d_2024-11-05_3805391_3805400,0901600010059,POLANCO IV SECCIÓN,0901600010060,POLANCO V SECCIÓN,2024-11-05,mañana,2025-11-18T17:54:05.800237+00:00,2025-11-18T17:54:05.800239+00:00
e9b5e5ca9488de4972392ac5b9776a72dd7b0ec8b8a05007a510734785eea3dc_2024-11-05_2699317_2699305,0901500010018,JUÁREZ,GEN_8df52115a76b,AICM Terminal I,2024-11-05,mañana,2025-11-18T17:54:05.800248+00:00,2025-11-18T17:54:05.800254+00:00
eaa141bbdabaf79587d178fcf5f2e861366b91e84d1700b6b7e0598e99c041d1_2024-11-05_2859075_2859098,0901600010057,POLANCO II SECCIÓN,0900400010060,SANTA FE CUAJIMALPA,2024-11-05,mañana,2025-11-18T17:54:05.800263+00:00,2025-11-18T17:54:05.800266+00:00
eac2dd38b1227b21951c73fddc92912e81ea531738f2f9b3a5ffa2e7a6050805_2024-11-05_4029362_4029387,0901300010019,SAN PEDRO,GEN_8df52115a76b,AICM Terminal I,2024-11-05,mañana,2025-11-18T17:54:05.800274+00:00,2025-11-18T17:54:05.800277+00:00
f701bc8ddf86599004bacea0c4a562c49a092a167c0c90b2e407a08264bedb0e_2024-11-05_859874_859856,0900300010062,EX-HACIENDA COAPA,0900300010113,VIEJO EJIDO DE SANTA ÚRSULA COAPA,2024-11-05,madrugada,2025-11-18T17:54:05.800286+00:00,2025-11-18T17:54:05.800288+00:00
fb99ee74bc8679c574ddc37380130fccf4ac23e6ed1cd5f873d3808eda66fcfa_2024-11-05_2360743_2360737,0900300010059,ESPARTACO,0900300010054,DEL CARMEN,2024-11-05,noche,2025-11-18T17:54:05.800301+00:00,2025-11-18T17:54:05.800303+00:00
fced88679a549897823313013ef7e9d8701998ca7ed784ccbe00294b8b0412ef_2024-11-05_480262_480267,0900300010012,SAN LUCAS,0901500010007,CENTRO,2024-11-05,mañana,2025-11-18T17:54:05.800313+00:00,2025-11-18T17:54:05.800317+00:00
fd7d22c5e84a6a162dc77b973c59ec7b4522bc9631790a569f586ccd31a28e11_2024-11-05_4004617_4004618,0901300010022,LA CONCEPCIÓN TLACOAPA,0901500010007,CENTRO,2024-11-05,mañana,2025-11-18T17:54:05.800327+00:00,2025-11-18T17:54:05.800329+00:00
04fff9ee03771ef6fa1806f9faf661113a30c40dc99221df8919e7cbc9ea640b_2024-11-04_3413973_3413974,0901500010020,MORELOS,0901500010015,GUERRERO,2024-11-04,madrugada,2025-11-18T17:54:05.798370+00:00,2025-11-18T17:54:05.798372+00:00
057ace59aee50c5ca6b30b67a452d011de562a4779dfecd89e32bb2dc5a409b6_2024-11-04_992778_992783,0901500010023,PERALVILLO,0901600010058,POLANCO III SECCIÓN,2024-11-04,madrugada,2025-11-18T17:54:05.798381+00:00,2025-11-18T17:54:05.798384+00:00
09f8f6e8c0382bcfda1d3e6bb6a09c2149b3831eb282b2cfc4b06c147cc9acab_2024-11-04_753525_753612,0901500010007,CENTRO,0901500010024,TABACALERA,2024-11-04,mañana,2025-11-18T17:54:05.798393+00:00,2025-11-18T17:54:05.798398+00:00
0d1a7f142d04efffb78a9e23b9955bb0dc64cd361b2ba3715d587df6774a6c0b_2024-11-04_4526547_4526562,0901500010023,PERALVILLO,0900500010206,VALLEJO,2024-11-04,mañana,2025-11-18T17:54:05.798408+00:00,2025-11-18T17:54:05.798410+00:00
0d30946da39e2ddf32452e21fed495b7054731824154664299463545a8fb93b6_2024-11-04_2146783_2146857,0901500010018,JUÁREZ,0901600010060,POLANCO V SECCIÓN,2024-11-04,mañana,2025-11-18T17:54:05.798419+00:00,2025-11-18T17:54:05.798422+00:00
1012e7295d031d73839610d68e0f76e0e77561d201532457dcd8bc9d5856c947_2024-11-04_1674115_1674097,0900300010054,DEL CARMEN,0900300010097,DE LOS REYES,2024-11-04,mañana,2025-11-18T17:54:05.798431+00:00,2025-11-18T17:54:05.798436+00:00
10a052d04f0ca6834c9af8bfc6c8f3fe319a562d7a8949181cabb24f286ad807_2024-11-04_1977681_1977667,0901500010007,CENTRO,0900300010008,LA CONCEPCIÓN,2024-11-04,madrugada,2025-11-18T17:54:05.798445+00:00,2025-11-18T17:54:05.798447+00:00
1abe7c0619a4e448307d62dbeab382c06ef8c795dbdee59a5cb9727b8fd1d90e_2024-11-04_4051538_4051558,0901500010020,MORELOS,0901500010007,CENTRO,2024-11-04,mañana,2025-11-18T17:54:05.798456+00:00,2025-11-18T17:54:05.798459+00:00
1e680ee7de463980dcfc6b662b931b1b5a2d969c21323215034dd63fde341e6a_2024-11-04_2470536_2470586,0901500010025,ROMA NORTE,0901600010056,POLANCO I SECCIÓN,2024-11-04,mañana,2025-11-18T17:54:05.798468+00:00,2025-11-18T17:54:05.798471+00:00
1eae4d4ed6aeaac80f3e6c893eb2a08287c592925419af89db7d0e5302689502_2024-11-04_3867560_3867580,0900300010023,LA CANDELARIA,0901500010010,CUAUHTÉMOC,2024-11-04,mañana,2025-11-18T17:54:05.798493+00:00,2025-11-18T17:54:05.798497+00:00
204d121d93c5297aa1b84428ea0b3e95c485db555d7c3de231e8c56ff7b8f9a4_2024-11-04_3842147_3842136,0901500010007,CENTRO,0901500010015,GUERRERO,2024-11-04,mañana,2025-11-18T17:54:05.798506+00:00,2025-11-18T17:54:05.798509+00:00
28893f199b934e54cbf360534e6f151817a37f599fbdd0505982ca29c21487b9_2024-11-04_3186168_3186162,0900300010008,LA CONCEPCIÓN,0900300010099,DE SANTA ÚRSULA COAPA,2024-11-04,mañana,2025-11-18T17:54:05.798518+00:00,2025-11-18T17:54:05.798521+00:00
2b864c9213346c9997e30cbaaccfda0721a43703d225f1f42c4e890981a74a22_2024-11-04_2017979_2017985,0901500010018,JUÁREZ,0901500010010,CUAUHTÉMOC,2024-11-04,madrugada,2025-11-18T17:54:05.798530+00:00,2025-11-18T17:54:05.798532+00:00
2e8cc341aac99ca6790004154bb928e10ea80cd17aba9830e911d9d59c096b05_2024-11-04_467660_467662,0900400010060,SANTA FE CUAJIMALPA,0901000010219,SAN ÁNGEL,2024-11-04,mañana,2025-11-18T17:54:05.798541+00:00,2025-11-18T17:54:05.798544+00:00
35a0729b078661e9c22a933c8fdb8b94ada8f37a5f0941f0ed7602b9f5a08a0d_2024-11-04_2939722_2939745,0901500010007,CENTRO,0901500010018,JUÁREZ,2024-11-04,mañana,2025-11-18T17:54:05.798553+00:00,2025-11-18T17:54:05.798555+00:00
3b49cd4bc3b5d3234a1231c6975afd52a58a2dbd142fea557bbe2a8287e12d04_2024-11-04_706186_706083,0900300010114,VILLA COYOACÁN,0901600010010,ANZURES,2024-11-04,mañana,2025-11-18T17:54:05.798567+00:00,2025-11-18T17:54:05.798570+00:00
3be7258f0a1d12a8add84dfa57d80a7d70ef18f8272d5e71826f5d9b3f166320_2024-11-04_1708294_1708296,0900300010006,ATLÁNTIDA,0900300010012,SAN LUCAS,2024-11-04,tarde,2025-11-18T17:54:05.798579+00:00,2025-11-18T17:54:05.798582+00:00
446b15be9323b8ed7fbb7f6fb025ff416eef3c40605ede1009813ddb5ae8150f_2024-11-04_2919116_2919090,0901600010060,POLANCO V SECCIÓN,0900300010054,DEL CARMEN,2024-11-04,mañana,2025-11-18T17:54:05.798591+00:00,2025-11-18T17:54:05.798593+00:00
44e00c0538938e295b03756cbcff97442786034010c6739f0d314bd2529314b5_2024-11-04_1037129_1036997,0901500010007,CENTRO,0901500010020,MORELOS,2024-11-04,mañana,2025-11-18T17:54:05.798602+00:00,2025-11-18T17:54:05.798604+00:00
49e10277f0cbe75e4ca99e33ab75a03106c1fbe6ef95933096c577f31d9f59cb_2024-11-04_4392610_4392611,0901500010007,CENTRO,0901500010025,ROMA NORTE,2024-11-04,madrugada,2025-11-18T17:54:05.798614+00:00,2025-11-18T17:54:05.798616+00:00
4d8843f07229f58a8023a6e010fc07452dd3d589721b1013f18d164121bad352_2024-11-04_2479257_2479277,0900300010118,XOTEPINGO,0900300010032,CIUDAD JARDÍN,2024-11-04,noche,2025-11-18T17:54:05.798625+00:00,2025-11-18T17:54:05.798627+00:00
53a03ff2f48cdf21141a677cffb72d87661efec0a5dc8ddaa78bdcac66354425_2024-11-04_3036326_3035893,0901600010085,BOSQUE DE CHAPULTEPEC,0901500010025,ROMA NORTE,2024-11-04,mañana,2025-11-18T17:54:05.798637+00:00,2025-11-18T17:54:05.798639+00:00
5430d25054b9137263c393df91212a9916af344eadf9b7da790865717b389842_2024-11-04_3656947_3656944,0900300010113,VIEJO EJIDO DE SANTA ÚRSULA COAPA,0900500010206,VALLEJO,2024-11-04,madrugada,2025-11-18T17:54:05.798649+00:00,2025-11-18T17:54:05.798651+00:00
5528db604007fd388d2da1b249358ec0369e8e79c86a342b12d6217f464982e3_2024-11-04_1728935_1728989,0900300010007,AVANTE,0900300010097,DE LOS REYES,2024-11-04,mañana,2025-11-18T17:54:05.798660+00:00,2025-11-18T17:54:05.798662+00:00
555273f1d81f20b7a818f1300febc40aeb8a7ee293c123664eeeca4d1ae7c4f1_2024-11-04_1199686_1199715,0901500010026,ROMA SUR,0901500010025,ROMA NORTE,2024-11-04,mañana,2025-11-18T17:54:05.798671+00:00,2025-11-18T17:54:05.798674+00:00
568dd4c06b6a19a1aeb5aec5e1f0ed022b43a873d6230230b162f113977d4644_2024-11-04_2606644_2606694,0901500010007,CENTRO,0901500010020,MORELOS,2024-11-04,tarde,2025-11-18T17:54:05.798683+00:00,2025-11-18T17:54:05.798686+00:00
5ec234f7e139ac2c17eb64774c78e948ab3b947c0012e091186adca159719d0c_2024-11-04_2632981_2632985,0901600010010,ANZURES,0901500010007,CENTRO,2024-11-04,mañana,2025-11-18T17:54:05.798695+00:00,2025-11-18T17:54:05.798697+00:00
601279a71e5a3101ab3a7592106e5f207ad1d0adc9bf79f30c109eb1ea8dc07a_2024-11-04_3975816_3975769,0900300010012,SAN LUCAS,0901300010019,SAN PEDRO,2024-11-04,noche,2025-11-18T17:54:05.798715+00:00,2025-11-18T17:54:05.798717+00:00
69011c4a1f9e4aa783911f00920b6e55b5529a35a9a657e184af085e0eadc651_2024-11-04_2123265_2123258,GEN_9e0c83ddab22,AICM Terminal II,0901500010018,JUÁREZ,2024-11-04,noche,2025-11-18T17:54:05.798727+00:00,2025-11-18T17:54:05.798729+00:00
69441031aa62a1ae8adfa0883960f2bf0b1d37872fce76e51e28efa0a534f792_2024-11-04_3541174_3541143,0901500010024,TABACALERA,0901500010009,CONDESA,2024-11-04,mañana,2025-11-18T17:54:05.798738+00:00,2025-11-18T17:54:05.798740+00:00
6de3d09b59e1c40c83d1f26f93ca4ed1f74e27c2bdcadf6ff5af94b282f6407b_2024-11-04_4156254_4156246,0901500010020,MORELOS,0901500010007,CENTRO,2024-11-04,noche,2025-11-18T17:54:05.798749+00:00,2025-11-18T17:54:05.798752+00:00
740e74e670e8489fc5cdb8f9fd7ee737fb5368c99491d48a6d444e7c0c145c86_2024-11-04_4127066_4127135,0901500010026,ROMA SUR,0901500010007,CENTRO,2024-11-04,mañana,2025-11-18T17:54:05.798761+00:00,2025-11-18T17:54:05.798772+00:00
7b81729953871b6d22ddefc61bc6a92d0b4e5417c3d38a8e933fce5830793517_2024-11-04_2008904_2008951,0901600010057,POLANCO II SECCIÓN,0901600010058,POLANCO III SECCIÓN,2024-11-04,madrugada,2025-11-18T17:54:05.798783+00:00,2025-11-18T17:54:05.798786+00:00
80ed627504de1e2419f32c1e128b0d155fb4ef812234006a77df76003d502654_2024-11-04_179439_179422,0900300010062,EX-HACIENDA COAPA,0900500010093,INDUSTRIAL,2024-11-04,mañana,2025-11-18T17:54:05.798795+00:00,2025-11-18T17:54:05.798798+00:00
81a37784d47be4a6dce2bcbaf7e355c95718c44f67be0a2291ac5d1c54a429c4_2024-11-04_4376145_4376128,0901500010007,CENTRO,0901500010025,ROMA NORTE,2024-11-04,mañana,2025-11-18T17:54:05.798806+00:00,2025-11-18T17:54:05.798809+00:00
843aae4fa053832aa90621e947b82e09c4cbc0712279ec399f6888333537efb8_2024-11-04_1091252_1091351,0901600010010,ANZURES,0901500010007,CENTRO,2024-11-04,mañana,2025-11-18T17:54:05.798818+00:00,2025-11-18T17:54:05.798820+00:00
856961cbe01e4b2fcec96f39f9206755b5feb2a6d2df14e3939309d39a6a7ef3_2024-11-04_2282754_2282791,0901500010010,CUAUHTÉMOC,0901600010059,POLANCO IV SECCIÓN,2024-11-04,mañana,2025-11-18T17:54:05.798829+00:00,2025-11-18T17:54:05.798832+00:00
8983c6df361c66a6c60c013b40e987db1455d7e97c12150577e2b12d882fe969_2024-11-04_4239791_4239801,0901500010018,JUÁREZ,0901500010024,TABACALERA,2024-11-04,noche,2025-11-18T17:54:05.798841+00:00,2025-11-18T17:54:05.798843+00:00
903cd74d8c31795a9816ed7ab29aada9eaec30bdbf31128ebacfdec3dafcd035_2024-11-04_4180764_4180760,0901500010025,ROMA NORTE,0901500010026,ROMA SUR,2024-11-04,madrugada,2025-11-18T17:54:05.798853+00:00,2025-11-18T17:54:05.798855+00:00
91e15c4eb85ba12a3dfca4ba84ab2a0caaee0d7b6bc944f09231857190cf656c_2024-11-04_1056441_1056437,0900300010007,AVANTE,0900300010029,EL CENTINELA,2024-11-04,mañana,2025-11-18T17:54:05.798864+00:00,2025-11-18T17:54:05.798867+00:00
996350997a0738eb00033e64f8021ce335f8f3688c409ec5ff65a81676366ba9_2024-11-04_2442856_2442869,0900400010060,SANTA FE CUAJIMALPA,0901000010294,SANTA FE,2024-11-04,mañana,2025-11-18T17:54:05.798876+00:00,2025-11-18T17:54:05.798878+00:00
9d73d2a598a3521107832e7919432247fd18366550d6d3745b4b9cadd0d70718_2024-11-04_1346738_1346746,0901300010018,SAN MARCOS,0901300010019,SAN PEDRO,2024-11-04,mañana,2025-11-18T17:54:05.798887+00:00,2025-11-18T17:54:05.798890+00:00
a3dc031e92600b530b222b437386f88a15ac84ef507f821cbefbb360bbbb448a_2024-11-04_3893523_3893606,0901500010020,MORELOS,0901500010007,CENTRO,2024-11-04,madrugada,2025-11-18T17:54:05.798900+00:00,2025-11-18T17:54:05.798906+00:00
ab5e6329775430f199968614614ad7ac0681a1ae092b109b066261c4572b016d_2024-11-04_3830626_3830624,0901500010025,ROMA NORTE,0901500010018,JUÁREZ,2024-11-04,tarde,2025-11-18T17:54:05.798915+00:00,2025-11-18T17:54:05.798918+00:00
af97a5214d874d420716dd2c64e41634b16613c48324777f6226a682115f4108_2024-11-04_782282_782295,0901600010058,POLANCO III SECCIÓN,0901600010059,POLANCO IV SECCIÓN,2024-11-04,mañana,2025-11-18T17:54:05.798927+00:00,2025-11-18T17:54:05.798930+00:00
ba8eb75d5faf98a15aa3bedb22ca6d50603be09bdd445f5ad423e54a701f065e_2024-11-04_2904161_2904176,0901600010059,POLANCO IV SECCIÓN,0901600010058,POLANCO III SECCIÓN,2024-11-04,mañana,2025-11-18T17:54:05.798939+00:00,2025-11-18T17:54:05.798941+00:00
c67b3364465b165d4930f54f89af0cce106f6591151ad92405a739111821e318_2024-11-04_3201176_3201097,0901500010018,JUÁREZ,0901600010058,POLANCO III SECCIÓN,2024-11-04,madrugada,2025-11-18T17:54:05.798950+00:00,2025-11-18T17:54:05.798952+00:00
c7fcf4daf6bcf5c8237de91e51d18fab3327ed7cec3f85f87f22072ddd21924a_2024-11-04_3529208_3529221,0901500010009,CONDESA,0901500010016,HIPÓDROMO,2024-11-04,mañana,2025-11-18T17:54:05.798961+00:00,2025-11-18T17:54:05.798964+00:00
d2f91eca04e9974063b3536dc95213784f7b24957416f7acd17ecea6fa6267f7_2024-11-04_2408000_2408002,0900300010023,LA CANDELARIA,0900300010097,DE LOS REYES,2024-11-04,mañana,2025-11-18T17:54:05.798972+00:00,2025-11-18T17:54:05.798975+00:00
d30ae17f1ed8ab99049b9a478512f2edf6ce1a0edc5a58f2411607fcaa5583a8_2024-11-04_3189603_3189600,0901500010015,GUERRERO,0901500010007,CENTRO,2024-11-04,mañana,2025-11-18T17:54:05.798984+00:00,2025-11-18T17:54:05.798986+00:00
d3f074fde6521065e19ed4a556554d407b12b306f47e8ec2dc9358dbe60e0a2f_2024-11-04_2176515_2176514,0901600010085,BOSQUE DE CHAPULTEPEC,0901600010010,ANZURES,2024-11-04,madrugada,2025-11-18T17:54:05.798995+00:00,2025-11-18T17:54:05.798997+00:00
d6f8d5e585a9f97b5a5707e5945266ee29fba59da0837245374dffc4d9e811fc_2024-11-04_189244_189259,0901500010010,CUAUHTÉMOC,0901500010015,GUERRERO,2024-11-04,mañana,2025-11-18T17:54:05.799006+00:00,2025-11-18T17:54:05.799008+00:00
da09de6d24e9028d0e5f9940e877b4c79bd27d80689e7f3514d104532db0f09d_2024-11-04_3823288_3823373,0900300010099,DE SANTA ÚRSULA COAPA,0901500010007,CENTRO,2024-11-04,noche,2025-11-18T17:54:05.799017+00:00,2025-11-18T17:54:05.799020+00:00
db9d65784c31528ef6c280ec7cd7adbefcc49de5a98ff2d3028469c5c9c3d4c8_2024-11-04_2125524_2125532,0901600010057,POLANCO II SECCIÓN,0901600010059,POLANCO IV SECCIÓN,2024-11-04,mañana,2025-11-18T17:54:05.799028+00:00,2025-11-18T17:54:05.799031+00:00
e08001ca951ac0bf3630dfc07611d0475294b5189fa37fa349bdf9678b4a3240_2024-11-04_330736_330740,0900300010114,VILLA COYOACÁN,0900300010097,DE LOS REYES,2024-11-04,mañana,2025-11-18T17:54:05.799040+00:00,2025-11-18T17:54:05.799042+00:00
e1e27168ae1d31c5762dcae5ea1b90ef82bc9e3f708972685d2290be406c0973_2024-11-04_1698512_1698501,0901500010018,JUÁREZ,0901500010010,CUAUHTÉMOC,2024-11-04,mañana,2025-11-18T17:54:05.799051+00:00,2025-11-18T17:54:05.799053+00:00
e2c2fda74e71d94ff79b4926493dc9e5920b87e8a5028c1e4a307e34df3f326d_2024-11-04_3767448_3767441,0901500010009,CONDESA,0901500010007,CENTRO,2024-11-04,mañana,2025-11-18T17:54:05.799062+00:00,2025-11-18T17:54:05.799064+00:00
e2e7546c9d253c7dbdb49f6472c12128f0423c6daad273b14b1fd569bc99dc1c_2024-11-04_3829460_3829324,0900300010012,SAN LUCAS,0900300010008,LA CONCEPCIÓN,2024-11-04,madrugada,2025-11-18T17:54:05.799073+00:00,2025-11-18T17:54:05.799076+00:00
e77fc1fab4d8d289fcccfb042e026d0a8d3ce82963adc965e1939a50b4605831_2024-11-04_1068806_1068752,0901500010018,JUÁREZ,0901500010025,ROMA NORTE,2024-11-04,mañana,2025-11-18T17:54:05.799084+00:00,2025-11-18T17:54:05.799087+00:00
e893aedcc225dcb8b8c6919c33c5ad481fec11606954c1b08a70fb15e8343fdf_2024-11-04_4441055_4440897,0900300010114,VILLA COYOACÁN,0900300010054,DEL CARMEN,2024-11-04,mañana,2025-11-18T17:54:05.799096+00:00,2025-11-18T17:54:05.799104+00:00
eabf78cc723621f2c314c89cd24db36ad91ace2778084cb1ff1e072822f7a261_2024-11-04_1828184_1828162,0901500010015,GUERRERO,0901500010018,JUÁREZ,2024-11-04,mañana,2025-11-18T17:54:05.799113+00:00,2025-11-18T17:54:05.799115+00:00
eafbf8438852c5e80091b6bc6266bf7bd2ba036cddb52ea02cf447c3b71d39a9_2024-11-04_823745_823767,0901500010010,CUAUHTÉMOC,0901500010018,JUÁREZ,2024-11-04,madrugada,2025-11-18T17:54:05.799126+00:00,2025-11-18T17:54:05.799129+00:00
f38be4b20c74bee87b596d9ac068c55ad199bdc81d2c5193ea38a25741758ee8_2024-11-04_1862841_1862813,0901500010015,GUERRERO,0901500010007,CENTRO,2024-11-04,mañana,2025-11-18T17:54:05.799138+00:00,2025-11-18T17:54:05.799141+00:00
f56ea85657601b03b961f2d8d0f11cd3ae2e57a64e5ea3907116f6ff8d65e329_2024-11-04_3803753_3803775,0900300010126,NUEVA DÍAZ ORDAZ,0900300010098,SAN PABLO TEPETLAPA,2024-11-04,mañana,2025-11-18T17:54:05.799149+00:00,2025-11-18T17:54:05.799152+00:00
f8b5acdd8ff2f02b6bdd8564d44377a8ae571e1ed4feac9c03bafdeedf4b9bf1_2024-11-04_3413108_3413037,0901500010007,CENTRO,GEN_8df52115a76b,AICM Terminal I,2024-11-04,mañana,2025-11-18T17:54:05.799161+00:00,2025-11-18T17:54:05.799163+00:00
0077890bbcb82ce600a43b1699d3968dd15ea5ea499e9b79f0dd5c8cdbe1a651_2024-11-03_4659646_4664538,0900300010008,LA CONCEPCIÓN,0900300010014,SANTA CATARINA,2024-11-03,mañana,2025-11-18T17:54:05.797329+00:00,2025-11-18T17:54:05.797331+00:00
047b27be95603eb375294c2260c84d5c101bfe8d7e416f7fa86c30eded364f59_2024-11-03_3856482_3856495,0901500010024,TABACALERA,0900500010087,VILLA GUSTAVO A. MADERO,2024-11-03,mañana,2025-11-18T17:54:05.797341+00:00,2025-11-18T17:54:05.797343+00:00
080cfb5d2d5c02cc2f19f28b4b31579063656ff844ac3e065dd8a14b72105f2c_2024-11-03_1662468_1814165,0901500010018,JUÁREZ,0901500010010,CUAUHTÉMOC,2024-11-03,mañana,2025-11-18T17:54:05.797352+00:00,2025-11-18T17:54:05.797355+00:00
0825bc5a9dd031582bd158ce955065641f3b91072400811866bd358ed171e214_2024-11-03_4594755_4594754,0901500010007,CENTRO,0901600010085,BOSQUE DE CHAPULTEPEC,2024-11-03,mañana,2025-11-18T17:54:05.797364+00:00,2025-11-18T17:54:05.797367+00:00
08aef5eb2ef431e18895e56183bf4ddd6513a3a2f7befca023ab9c1c503f2de5_2024-11-03_1373218_1382492,0901500010024,TABACALERA,0901500010007,CENTRO,2024-11-03,mañana,2025-11-18T17:54:05.797376+00:00,2025-11-18T17:54:05.797378+00:00
09dd976b77227926266d55d6ce0976a77b0fc6f63aa1c615db708cbfc5548049_2024-11-03_1369652_1369670,0901500010007,CENTRO,0901500010010,CUAUHTÉMOC,2024-11-03,tarde,2025-11-18T17:54:05.797387+00:00,2025-11-18T17:54:05.797390+00:00
0a160e96286280bba6982cb15cc9d723d9dff4f8e36b285a1555a28165ed9489_2024-11-03_3853561_3853543,0901600010085,BOSQUE DE CHAPULTEPEC,0901600010059,POLANCO IV SECCIÓN,2024-11-03,noche,2025-11-18T17:54:05.797399+00:00,2025-11-18T17:54:05.797402+00:00
0acfa6be85ef5d59fa426074fc3d3c43e11c1bd23d902d6e93dcb0cea6e09910_2024-11-03_2251740_2251741,0901500010009,CONDESA,0901500010016,HIPÓDROMO,2024-11-03,mañana,2025-11-18T17:54:05.797411+00:00,2025-11-18T17:54:05.797413+00:00
0f4ab0c3e35282cfcfcf5e9d8f7a097168ebaca3a5f12e93ab082e8552cc10a9_2024-11-03_4561000_4563526,0901500010024,TABACALERA,0901500010007,CENTRO,2024-11-03,mañana,2025-11-18T17:54:05.797422+00:00,2025-11-18T17:54:05.797425+00:00
1001317e7a933e2ada81ae73a0869dbc78961fb050bf17b3466ca1284d4c17bd_2024-11-03_4596547_4599232,0901500010018,JUÁREZ,0901500010010,CUAUHTÉMOC,2024-11-03,mañana,2025-11-18T17:54:05.797434+00:00,2025-11-18T17:54:05.797436+00:00
115403a9055673108f7e3d6395ffcced3d883552e189fba9c06f110e2109542c_2024-11-03_743133_743151,0901600010058,POLANCO III SECCIÓN,0901500010013,EX HIPÓDROMO DE PERALVILLO,2024-11-03,mañana,2025-11-18T17:54:05.797446+00:00,2025-11-18T17:54:05.797448+00:00
1238d4f066b2736f3f0411bf66102055cd24b47a052ac5f3e4f7ee3a610c590d_2024-11-03_4222274_4222282,0900300010113,VIEJO EJIDO DE SANTA ÚRSULA COAPA,0900300010099,DE SANTA ÚRSULA COAPA,2024-11-03,mañana,2025-11-18T17:54:05.797457+00:00,2025-11-18T17:54:05.797460+00:00
131c80b284d166512c1d66b602ce4cef987fdbcf988097c18125bb7974eaaefa_2024-11-03_3276197_3482461,0900300010126,NUEVA DÍAZ ORDAZ,0900300010023,LA CANDELARIA,2024-11-03,tarde,2025-11-18T17:54:05.797469+00:00,2025-11-18T17:54:05.797471+00:00
1793f1bb6c782259cd5b74308a92e0d0141c2d86dae86e769eb8419b0c7d20bb_2024-11-03_3187262_3187239,0901500010010,CUAUHTÉMOC,0901500010018,JUÁREZ,2024-11-03,mañana,2025-11-18T17:54:05.797480+00:00,2025-11-18T17:54:05.797483+00:00
1a3a1d08bb8006ece44430f6328b0f418e27cab9b4cf216b44e7211d941417d9_2024-11-03_1360722_1360844,0901500010007,CENTRO,0901500010010,CUAUHTÉMOC,2024-11-03,mañana,2025-11-18T17:54:05.797492+00:00,2025-11-18T17:54:05.797494+00:00
1aa39d344faba317b9f35a2cda16716c863465296426c760bee7377f4a1c7ae4_2024-11-03_4659651_4664530,0900300010114,VILLA COYOACÁN,0900300010054,DEL CARMEN,2024-11-03,tarde,2025-11-18T17:54:05.797503+00:00,2025-11-18T17:54:05.797505+00:00
1e680ee7de463980dcfc6b662b931b1b5a2d969c21323215034dd63fde341e6a_2024-11-03_4045500_4355044,0901500010025,ROMA NORTE,0901500010009,CONDESA,2024-11-03,mañana,2025-11-18T17:54:05.797514+00:00,2025-11-18T17:54:05.797517+00:00
22cee51ebcade017a6a8e6c476761e978f2fb63389f709a072797b34ea6ee680_2024-11-03_4602506_4603631,0901500010007,CENTRO,0901500010015,GUERRERO,2024-11-03,mañana,2025-11-18T17:54:05.797526+00:00,2025-11-18T17:54:05.797528+00:00
22eb750f2ee13fbd7479444c0a73a947bc266c0984448dd0f5e72f15443ecdbf_2024-11-03_1527512_1527514,0901500010009,CONDESA,0901500010017,HIPÓDROMO CONDESA,2024-11-03,madrugada,2025-11-18T17:54:05.797537+00:00,2025-11-18T17:54:05.797540+00:00
2b79194f4bd3b0e856f142c06d21604bb98cfe7df9817720e15a2097be641bef_2024-11-03_4566568_4579740,GEN_0fdc5f82cfb5,,0901500010007,CENTRO,2024-11-03,mañana,2025-11-18T17:54:05.797549+00:00,2025-11-18T17:54:05.797551+00:00
2b864c9213346c9997e30cbaaccfda0721a43703d225f1f42c4e890981a74a22_2024-11-03_536047_536003,0901300010023,XALTOCAN,0900300010029,EL CENTINELA,2024-11-03,mañana,2025-11-18T17:54:05.797560+00:00,2025-11-18T17:54:05.797563+00:00
2ba41607414bd063f9cbfec0989fa26542a618b797cba4e8f2cd778c64b79533_2024-11-03_4682427_4682411,0901600010059,POLANCO IV SECCIÓN,0901600010060,POLANCO V SECCIÓN,2024-11-03,mañana,2025-11-18T17:54:05.797572+00:00,2025-11-18T17:54:05.797574+00:00
2bb05ddd90648924ef8e899a74026c03efb61a1ea5b36ace32ab547406798e57_2024-11-03_4701398_4704780,0901500010016,HIPÓDROMO,0901600010060,POLANCO V SECCIÓN,2024-11-03,mañana,2025-11-18T17:54:05.797583+00:00,2025-11-18T17:54:05.797586+00:00
2df0fa9e98a30d6e2c343d0e32ec6bb6cb8308355f867888fe527a42caebbfc1_2024-11-03_554141_554113,0901500010023,PERALVILLO,0901500010024,TABACALERA,2024-11-03,madrugada,2025-11-18T17:54:05.797595+00:00,2025-11-18T17:54:05.797597+00:00
3260d45f182b53c7c1fd21f4a57a7342f37a04e7e1a5449bfd4eeb1b94c2621e_2024-11-03_4688747_4688631,0901500010010,CUAUHTÉMOC,0901500010018,JUÁREZ,2024-11-03,mañana,2025-11-18T17:54:05.797606+00:00,2025-11-18T17:54:05.797612+00:00
337e21a1e5bea88d4358e65bd00a85d8af52701a75794ef8f689e316fb59304d_2024-11-03_1398468_1398473,0901500010015,GUERRERO,0901500010018,JUÁREZ,2024-11-03,mañana,2025-11-18T17:54:05.797622+00:00,2025-11-18T17:54:05.797624+00:00
426729b8e94ed7c085c4f315e7eac86eea6ac9481bf89d2bbfd7ca5ad0d38325_2024-11-03_4542629_4542642,GEN_9e0c83ddab22,AICM Terminal II,GEN_8df52115a76b,AICM Terminal I,2024-11-03,mañana,2025-11-18T17:54:05.797633+00:00,2025-11-18T17:54:05.797636+00:00
47192167407f32320b095f0fae017c2e1997fd80cbdf15fcb73e4dd0369379c4_2024-11-03_4662078_4664051,0901500010025,ROMA NORTE,0901500010018,JUÁREZ,2024-11-03,tarde,2025-11-18T17:54:05.797645+00:00,2025-11-18T17:54:05.797648+00:00
48b36ab9eff77f4fa1d6a15f5ce2fbaf8d192d84c183f1ffc8c1948c23848d61_2024-11-03_2625955_2650069,0901500010015,GUERRERO,0901500010007,CENTRO,2024-11-03,madrugada,2025-11-18T17:54:05.797657+00:00,2025-11-18T17:54:05.797659+00:00
4b7c2d85a23e721737b397a4069a84e7fe4e78f75155114736b96475b0a83dc7_2024-11-03_4583065_4590101,0901500010025,ROMA NORTE,0901600010085,BOSQUE DE CHAPULTEPEC,2024-11-03,mañana,2025-11-18T17:54:05.797668+00:00,2025-11-18T17:54:05.797671+00:00
4b8f28e044ea1bf951560518843c47984ab256fd766ddf962c64231eadb1add4_2024-11-03_3613695_3758052,0901500010018,JUÁREZ,0901500010024,TABACALERA,2024-11-03,tarde,2025-11-18T17:54:05.797680+00:00,2025-11-18T17:54:05.797682+00:00
4bff5fa1604e93ceee392718d37bc940b5328c9f4eccfc0e5f947ecd99b593dd_2024-11-03_881408_881409,0901500010025,ROMA NORTE,0901600010058,POLANCO III SECCIÓN,2024-11-03,mañana,2025-11-18T17:54:05.797691+00:00,2025-11-18T17:54:05.797694+00:00
4d6415b49720beed35d155c291c30c7ee6ee70dffff726e963d554249cdb243f_2024-11-03_4548039_4550986,0901300010013,SAN CRISTÓBAL,0901500010018,JUÁREZ,2024-11-03,mañana,2025-11-18T17:54:05.797724+00:00,2025-11-18T17:54:05.797728+00:00
4da48496a5dd40b3715997784c4d85cae6d0427e72c016dfa22d53e165752e03_2024-11-03_41162_41209,0900300010029,EL CENTINELA,0900300010099,DE SANTA ÚRSULA COAPA,2024-11-03,madrugada,2025-11-18T17:54:05.797738+00:00,2025-11-18T17:54:05.797740+00:00
541ef971dd9377ea2f6be5fa80d0e7a76339e3fb3ed684d1064ff4df6b4a700c_2024-11-03_1849108_1849091,0901500010018,JUÁREZ,0901500010024,TABACALERA,2024-11-03,noche,2025-11-18T17:54:05.797749+00:00,2025-11-18T17:54:05.797752+00:00
592f54f2c90bb084a3ecb3fdaabdd656b5ad2282b9df2d21f055a49d94787999_2024-11-03_4709476_4709378,0901600010056,POLANCO I SECCIÓN,0901600010010,ANZURES,2024-11-03,mañana,2025-11-18T17:54:05.797761+00:00,2025-11-18T17:54:05.797763+00:00
60f61028f5cde4915430dd8e90d77250b220b6e7c7e53123b871c410bbd1bea6_2024-11-03_2809163_2925277,0900300010087,PARQUE SAN ANDRÉS,0901500010007,CENTRO,2024-11-03,mañana,2025-11-18T17:54:05.797772+00:00,2025-11-18T17:54:05.797774+00:00
613a6ce560ba6174c16ab93a7d19227e732bca2ef6a185223267903338176655_2024-11-03_469972_469969,0901500010010,CUAUHTÉMOC,0901500010007,CENTRO,2024-11-03,mañana,2025-11-18T17:54:05.797783+00:00,2025-11-18T17:54:05.797786+00:00
6249dbb8d0a1f82c6dcec5bb97300cf944f4013da391e5b299d3c1486efcab95_2024-11-03_464968_464997,0901500010016,HIPÓDROMO,0901500010025,ROMA NORTE,2024-11-03,mañana,2025-11-18T17:54:05.797795+00:00,2025-11-18T17:54:05.797797+00:00
631e7b6deebafd4b64895204785862752460e08649c5837bc82c4df523c00b74_2024-11-03_4598513_4601442,GEN_8df52115a76b,AICM Terminal I,GEN_9e0c83ddab22,AICM Terminal II,2024-11-03,noche,2025-11-18T17:54:05.797806+00:00,2025-11-18T17:54:05.797809+00:00
63fb4144e701d92240587eec8bdb776619780edd7ae9c3ca2b766ebd785d6302_2024-11-03_4707354_4710191,0901600010058,POLANCO III SECCIÓN,0901500010023,PERALVILLO,2024-11-03,mañana,2025-11-18T17:54:05.797818+00:00,2025-11-18T17:54:05.797820+00:00
655d804eeb3be72f0846bbe46a90672ff270a42c6391f505d96659df64a7c676_2024-11-03_4670815_4670686,GEN_8df52115a76b,AICM Terminal I,GEN_3f2df81cdecf,Observatorio,2024-11-03,mañana,2025-11-18T17:54:05.797829+00:00,2025-11-18T17:54:05.797832+00:00
6593bff437cda9199867e217a2509dd11fca7682a61e85f819574df8eb015c47_2024-11-03_4660512_4661509,0900300010032,CIUDAD JARDÍN,0900300010087,PARQUE SAN ANDRÉS,2024-11-03,madrugada,2025-11-18T17:54:05.797841+00:00,2025-11-18T17:54:05.797843+00:00
687f838302571808f796446323688bd2e7c070e58bfb0851e7f7a01e1e4857ed_2024-11-03_63489_63473,0900500010060,ESTRELLA,0901500010007,CENTRO,2024-11-03,mañana,2025-11-18T17:54:05.797852+00:00,2025-11-18T17:54:05.797855+00:00
68aa89dfb7150d67b15b9105279c1b5e34e341ff62ff67fb3c6556a2f9ef31f8_2024-11-03_4628377_4635379,0901600010058,POLANCO III SECCIÓN,0901600010057,POLANCO II SECCIÓN,2024-11-03,noche,2025-11-18T17:54:05.797864+00:00,2025-11-18T17:54:05.797867+00:00
68d9e64e1fae5c986811213dd582f0199774a23880b72c4546b33a1d5e9f102d_2024-11-03_2949180_3546489,0901600010010,ANZURES,0901600010085,BOSQUE DE CHAPULTEPEC,2024-11-03,tarde,2025-11-18T17:54:05.797876+00:00,2025-11-18T17:54:05.797878+00:00
69441031aa62a1ae8adfa0883960f2bf0b1d37872fce76e51e28efa0a534f792_2024-11-03_403502_403514,0901500010024,TABACALERA,0901500010007,CENTRO,2024-11-03,noche,2025-11-18T17:54:05.797887+00:00,2025-11-18T17:54:05.797890+00:00
6d705859c8c33789a2873184a63d69d391700f953e2c0f6ce5fe325f9c96f857_2024-11-03_4681025_4687089,0901500010025,ROMA NORTE,0901500010018,JUÁREZ,2024-11-03,madrugada,2025-11-18T17:54:05.797899+00:00,2025-11-18T17:54:05.797901+00:00
72516642476928d8c15345e0f46d18d59665479530110617a6e84f583fb02aef_2024-11-03_4663852_4664363,0901500010007,CENTRO,0901500010018,JUÁREZ,2024-11-03,madrugada,2025-11-18T17:54:05.797910+00:00,2025-11-18T17:54:05.797916+00:00
7519d6efd3ae6704c684c563244604d7dfdb7a2661c13434e91179bc76772a1f_2024-11-03_1877015_1876983,0900300010126,NUEVA DÍAZ ORDAZ,0900300010023,LA CANDELARIA,2024-11-03,noche,2025-11-18T17:54:05.797928+00:00,2025-11-18T17:54:05.797930+00:00
82c7664d8d9e8861caa5a825618253f7edf71bd95ac4172b6d0f7f9bd7772208_2024-11-03_4689476_4690937,GEN_0fdc5f82cfb5,,0901500010007,CENTRO,2024-11-03,mañana,2025-11-18T17:54:05.797939+00:00,2025-11-18T17:54:05.797942+00:00
8b5dfb42b094ecbfea45b4dc38de53bfe08d3e1529e3be05cb1da95481a84ffc_2024-11-03_70226_70186,0901500010025,ROMA NORTE,0901500010026,ROMA SUR,2024-11-03,noche,2025-11-18T17:54:05.797951+00:00,2025-11-18T17:54:05.797954+00:00
8dfd885b6a82927bc277e780ccb87b5d4b2d98c4d8ac24790b292a84f6be7d09_2024-11-03_4550403_4552997,0901600010058,POLANCO III SECCIÓN,0901600010057,POLANCO II SECCIÓN,2024-11-03,mañana,2025-11-18T17:54:05.797963+00:00,2025-11-18T17:54:05.797965+00:00
8ecabd7ce9175c9b51ad8775c7a096e54911f5590d86321220cd54179480ab7f_2024-11-03_4682137_4686068,0900300010054,DEL CARMEN,0901500010016,HIPÓDROMO,2024-11-03,mañana,2025-11-18T17:54:05.797978+00:00,2025-11-18T17:54:05.797980+00:00
97fe06f0b1147ec67db0084592b5b1132711174cfab12bcd7e4c1551ad7c64f1_2024-11-03_4542186_4542300,GEN_8df52115a76b,AICM Terminal I,0900300010114,VILLA COYOACÁN,2024-11-03,madrugada,2025-11-18T17:54:05.797995+00:00,2025-11-18T17:54:05.797997+00:00
9ae1b7cfc0e895fce2c0ebd291019c662a9d671deeb0b7c86ad4f5711844102d_2024-11-03_4611450_4611495,0900300010014,SANTA CATARINA,0900300010008,LA CONCEPCIÓN,2024-11-03,mañana,2025-11-18T17:54:05.798006+00:00,2025-11-18T17:54:05.798009+00:00
9d02afd0ad23fffe7b7390a1c8bf8519ecf377c0bd269d93ce25a10f0d4aa716_2024-11-03_2817316_2817309,GEN_9e0c83ddab22,AICM Terminal II,0900500010186,7 DE NOVIEMBRE,2024-11-03,noche,2025-11-18T17:54:05.798018+00:00,2025-11-18T17:54:05.798021+00:00
9f1b9ee2217148d3c1300b6ce57ea6f21863626d7c0f614b8cd69975d66b0ac8_2024-11-03_4548297_4552300,0901600010060,POLANCO V SECCIÓN,0901600010059,POLANCO IV SECCIÓN,2024-11-03,mañana,2025-11-18T17:54:05.798030+00:00,2025-11-18T17:54:05.798032+00:00
9fbb5e25c73e255e05a20119274b8361f2c6ffbb79cb341197279c3724af67dc_2024-11-03_420441_420739,0901500010018,JUÁREZ,0901500010024,TABACALERA,2024-11-03,mañana,2025-11-18T17:54:05.798041+00:00,2025-11-18T17:54:05.798044+00:00
a389fb90e169bb1bafe43ee337cf8a117624aef98d8d12c6dc2ea45fc91871e4_2024-11-03_1098231_1098232,0901500010025,ROMA NORTE,0901500010024,TABACALERA,2024-11-03,mañana,2025-11-18T17:54:05.798053+00:00,2025-11-18T17:54:05.798055+00:00
ad01ce4ca3bfabd07a6b2de67a2da17d5561ce10491cebbdb00120a0b4006d43_2024-11-03_4549218_4553384,0901500010007,CENTRO,0901500010010,CUAUHTÉMOC,2024-11-03,mañana,2025-11-18T17:54:05.798065+00:00,2025-11-18T17:54:05.798067+00:00
added374c9cc03513c9a1bc00e8db8bbbc2a9cbda1c84df34f43ac9fda3028fd_2024-11-03_3747133_3904779,0901500010016,HIPÓDROMO,GEN_3f2df81cdecf,Observatorio,2024-11-03,mañana,2025-11-18T17:54:05.798076+00:00,2025-11-18T17:54:05.798079+00:00
b000e15ba819b15f6811b6746d94fce21bed48f2e42c858bd1eb319ffabd377b_2024-11-03_4710410_4710652,0901500010016,HIPÓDROMO,0901500010018,JUÁREZ,2024-11-03,tarde,2025-11-18T17:54:05.798088+00:00,2025-11-18T17:54:05.798091+00:00
b5851b52840ba3ed95609fe75abfe83da118cadc13f822a59bf90e39a62f00b5_2024-11-03_4636656_4636650,0900300010023,LA CANDELARIA,0901500010018,JUÁREZ,2024-11-03,mañana,2025-11-18T17:54:05.798100+00:00,2025-11-18T17:54:05.798103+00:00
b5c542291545e33d713eb6adeb7f210979d75f5641f7ae7f4d0a2d263669971e_2024-11-03_4656290_4660285,GEN_0fdc5f82cfb5,,0900300010097,DE LOS REYES,2024-11-03,tarde,2025-11-18T17:54:05.798112+00:00,2025-11-18T17:54:05.798114+00:00
b9ca5c9c3d0522536e77fdf2672e6472e654114e9172f2bb47b777f9fbd9380a_2024-11-03_4605044_4605806,0900300010012,SAN LUCAS,0900300010087,PARQUE SAN ANDRÉS,2024-11-03,tarde,2025-11-18T17:54:05.798125+00:00,2025-11-18T17:54:05.798127+00:00
bb8f44edc577aff657a4d552c9eb5c390c62770038c874c54e98b40466804077_2024-11-03_3953344_4486822,0900300010097,DE LOS REYES,0901300010019,SAN PEDRO,2024-11-03,noche,2025-11-18T17:54:05.798137+00:00,2025-11-18T17:54:05.798139+00:00
bf9e56be48b7a9ba7fc12bb0b2869ed1c2c6f2457ecfcca535ac9dd40f8c8ac0_2024-11-03_4706993_4708584,0901500010025,ROMA NORTE,0901500010018,JUÁREZ,2024-11-03,mañana,2025-11-18T17:54:05.798148+00:00,2025-11-18T17:54:05.798151+00:00
bfacd0d8af35babc22c632d775ddbdda5e3eea2fddda1c7e3f9ff5aa25238940_2024-11-03_766366_766373,0900300010118,XOTEPINGO,0900300010062,EX-HACIENDA COAPA,2024-11-03,madrugada,2025-11-18T17:54:05.798160+00:00,2025-11-18T17:54:05.798162+00:00
c39366b6a905c76e93973fc146388906fc6cde5a9ff78598fb45c7a217776f8a_2024-11-03_4015693_4366727,0901500010016,HIPÓDROMO,0901500010025,ROMA NORTE,2024-11-03,mañana,2025-11-18T17:54:05.798171+00:00,2025-11-18T17:54:05.798174+00:00
c49bada15db4cc2ee939a240806ec604240f6b606ef3522ac97c6346f9700473_2024-11-03_4664678_4675295,0900300010099,DE SANTA ÚRSULA COAPA,0900300010032,CIUDAD JARDÍN,2024-11-03,mañana,2025-11-18T17:54:05.798183+00:00,2025-11-18T17:54:05.798186+00:00
cdd914de8af9dce26f5f1d0a48000d7a1a637818449c2afab49cc2b517405a38_2024-11-03_472173_472193,0901500010024,TABACALERA,0900500010186,7 DE NOVIEMBRE,2024-11-03,mañana,2025-11-18T17:54:05.798195+00:00,2025-11-18T17:54:05.798197+00:00
d479622606d4da5790d40183442930b2f802b39114cb7fa9bfb32525888abe2b_2024-11-03_4681135_4687222,0901500010024,TABACALERA,0901500010023,PERALVILLO,2024-11-03,tarde,2025-11-18T17:54:05.798207+00:00,2025-11-18T17:54:05.798209+00:00
d4d7f9752adde1fd5bdc786edd9109f681a323122587d98f4a5e003192dca549_2024-11-03_4646386_4648083,0901500010007,CENTRO,0901500010018,JUÁREZ,2024-11-03,mañana,2025-11-18T17:54:05.798220+00:00,2025-11-18T17:54:05.798223+00:00
d5cc79cfaa66f443c8cbbbae4229adba795319401b024ae980587c856cec399e_2024-11-03_4386882_4386905,0901500010007,CENTRO,0901500010015,GUERRERO,2024-11-03,mañana,2025-11-18T17:54:05.798232+00:00,2025-11-18T17:54:05.798235+00:00
e2c2fda74e71d94ff79b4926493dc9e5920b87e8a5028c1e4a307e34df3f326d_2024-11-03_4665787_4668136,0901500010007,CENTRO,0901500010009,CONDESA,2024-11-03,mañana,2025-11-18T17:54:05.798244+00:00,2025-11-18T17:54:05.798246+00:00
e3437055ec439411187ad18c043a8ed032260ab9f2364b2958163aa2c82b6b22_2024-11-03_1702781_1702780,0900300010062,EX-HACIENDA COAPA,GEN_0fdc5f82cfb5,,2024-11-03,noche,2025-11-18T17:54:05.798255+00:00,2025-11-18T17:54:05.798258+00:00
e3f5d017fd7c31fdc164cbf72604bf9eae76afa8aee7074776507e9423cc66f1_2024-11-03_4573002_4579120,0900500010087,VILLA GUSTAVO A. MADERO,0900500010193,TEPEYAC INSURGENTES,2024-11-03,mañana,2025-11-18T17:54:05.798267+00:00,2025-11-18T17:54:05.798269+00:00
e4da7841734403678c5783ceb261985059039ff8b010353a87d9adbab5cc2e5b_2024-11-03_4662648_4662676,0901500010007,CENTRO,0900300010054,DEL CARMEN,2024-11-03,mañana,2025-11-18T17:54:05.798279+00:00,2025-11-18T17:54:05.798281+00:00
e8890c5db77b0f89849f84d6a6dca5c98bbc817a0317711e3378208d7fa5c56d_2024-11-03_4564923_4564943,0901600010060,POLANCO V SECCIÓN,0901600010059,POLANCO IV SECCIÓN,2024-11-03,mañana,2025-11-18T17:54:05.798290+00:00,2025-11-18T17:54:05.798293+00:00
eb22c4f6d3b2f52a21555e869319b1e89c7b2f81c6c570a788d9e23f9b194034_2024-11-03_4663770_4664281,0901500010007,CENTRO,0900300010099,DE SANTA ÚRSULA COAPA,2024-11-03,noche,2025-11-18T17:54:05.798301+00:00,2025-11-18T17:54:05.798304+00:00
f513e92b628d8259952f76b318e9186191bb256f87711d48ca4274d6da994bb2_2024-11-03_718430_718432,0901300010013,SAN CRISTÓBAL,0901300010023,XALTOCAN,2024-11-03,mañana,2025-11-18T17:54:05.798313+00:00,2025-11-18T17:54:05.798315+00:00
f56ea85657601b03b961f2d8d0f11cd3ae2e57a64e5ea3907116f6ff8d65e329_2024-11-03_4564965_4571865,0900300010007,AVANTE,0900300010098,SAN PABLO TEPETLAPA,2024-11-03,tarde,2025-11-18T17:54:05.798324+00:00,2025-11-18T17:54:05.798327+00:00
f82ce4de5884947a96dce944e2a765ed98b8d888027e69215d2ee73bd8226c88_2024-11-03_387481_387468,0901500010025,ROMA NORTE,0901500010018,JUÁREZ,2024-11-03,mañana,2025-11-18T17:54:05.798336+00:00,2025-11-18T17:54:05.798338+00:00
f84c2d2633215d522fc47864494865a9826f2a6448ac4e78749dc31b4f648c70_2024-11-03_4310680_4529468,0901600010056,POLANCO I SECCIÓN,0901600010085,BOSQUE DE CHAPULTEPEC,2024-11-03,mañana,2025-11-18T17:54:05.798347+00:00,2025-11-18T17:54:05.798350+00:00
ff86b31e597c944091990b8cc124cfc3dc3203a97c5e0bbe1bdb2753b27d9226_2024-11-03_4607983_4616004,0901500010010,CUAUHTÉMOC,0901600010085,BOSQUE DE CHAPULTEPEC,2024-11-03,tarde,2025-11-18T17:54:05.798359+00:00,2025-11-18T17:54:05.798361+00:00
0077890bbcb82ce600a43b1699d3968dd15ea5ea499e9b79f0dd5c8cdbe1a651_2024-11-02_243030_243009,0900300010114,VILLA COYOACÁN,0900300010014,SANTA CATARINA,2024-11-02,mañana,2025-11-18T17:54:05.796179+00:00,2025-11-18T17:54:05.796181+00:00
033c0c8470e35f4ba66c2ead776f1837bd0bf3baf687f2b4d3bb71086ca32a4e_2024-11-02_2303381_2303423,GEN_0fdc5f82cfb5,,0901500010025,ROMA NORTE,2024-11-02,madrugada,2025-11-18T17:54:05.796190+00:00,2025-11-18T17:54:05.796193+00:00
0f4ab0c3e35282cfcfcf5e9d8f7a097168ebaca3a5f12e93ab082e8552cc10a9_2024-11-02_911608_911618,0901500010007,CENTRO,0901600010085,BOSQUE DE CHAPULTEPEC,2024-11-02,mañana,2025-11-18T17:54:05.796202+00:00,2025-11-18T17:54:05.796204+00:00
1012e7295d031d73839610d68e0f76e0e77561d201532457dcd8bc9d5856c947_2024-11-02_1676935_1676966,0900300010097,DE LOS REYES,0900300010008,LA CONCEPCIÓN,2024-11-02,madrugada,2025-11-18T17:54:05.796216+00:00,2025-11-18T17:54:05.796219+00:00
1238d4f066b2736f3f0411bf66102055cd24b47a052ac5f3e4f7ee3a610c590d_2024-11-02_51551_51552,GEN_cfb2e3c7d056,,0901500010010,CUAUHTÉMOC,2024-11-02,mañana,2025-11-18T17:54:05.796228+00:00,2025-11-18T17:54:05.796231+00:00
1ab75bc900e220edadaee6cfdc721d51da5f490a8ecb3777e600f9a6b0d053c9_2024-11-02_2468461_2468474,0901500010024,TABACALERA,0901300010013,SAN CRISTÓBAL,2024-11-02,mañana,2025-11-18T17:54:05.796240+00:00,2025-11-18T17:54:05.796243+00:00
1d05ddc201387fd63bcd0a7b4785ed3df6524ed90b051ab611657102e9caaa95_2024-11-02_1999618_1999471,0901500010010,CUAUHTÉMOC,0901500010018,JUÁREZ,2024-11-02,madrugada,2025-11-18T17:54:05.796252+00:00,2025-11-18T17:54:05.796255+00:00
1e680ee7de463980dcfc6b662b931b1b5a2d969c21323215034dd63fde341e6a_2024-11-02_2474332_2474364,0901600010059,POLANCO IV SECCIÓN,0901600010057,POLANCO II SECCIÓN,2024-11-02,mañana,2025-11-18T17:54:05.796266+00:00,2025-11-18T17:54:05.796269+00:00
237c1e13ca8341e9957467cefcb878eb63d51e97fe91cf7c3fc00394c63f4f6c_2024-11-02_2673855_2673844,0901600010010,ANZURES,0901500010007,CENTRO,2024-11-02,tarde,2025-11-18T17:54:05.796278+00:00,2025-11-18T17:54:05.796281+00:00
2661a2d3cb348a7354fe2f0e99ded8e43f1cb4fae78751ec0720e9526bcc3868_2024-11-02_1151331_1151330,GEN_0fdc5f82cfb5,,0900300010008,LA CONCEPCIÓN,2024-11-02,madrugada,2025-11-18T17:54:05.796290+00:00,2025-11-18T17:54:05.796293+00:00
2b864c9213346c9997e30cbaaccfda0721a43703d225f1f42c4e890981a74a22_2024-11-02_2020402_2020432,0901500010018,JUÁREZ,0900300010054,DEL CARMEN,2024-11-02,mañana,2025-11-18T17:54:05.796302+00:00,2025-11-18T17:54:05.796308+00:00
2d6ef498b671a86955cc9f4db426ec7728dc6a30a3b55727c8dd989b8a2d331a_2024-11-02_3296796_3296793,0901500010020,MORELOS,0901500010007,CENTRO,2024-11-02,madrugada,2025-11-18T17:54:05.796317+00:00,2025-11-18T17:54:05.796319+00:00
2e22f28374c8114549b9419ce9750dfb407a3aabbb92b19b7b1113e573ed89f2_2024-11-02_676600_676577,GEN_8df52115a76b,AICM Terminal I,GEN_9e0c83ddab22,AICM Terminal II,2024-11-02,noche,2025-11-18T17:54:05.796330+00:00,2025-11-18T17:54:05.796333+00:00
2fb865a9802b68ebe4155a5a1fad2715d5dcafd41f3cc09d41cd204806b748e1_2024-11-02_249459_249497,0901500010016,HIPÓDROMO,0901500010026,ROMA SUR,2024-11-02,mañana,2025-11-18T17:54:05.796344+00:00,2025-11-18T17:54:05.796347+00:00
317a0274439f320a93fdbd03ce88ceb73105ea8b67e3e17d2ef5317e8629ffb5_2024-11-02_1787039_1787013,0901500010020,MORELOS,0901500010007,CENTRO,2024-11-02,mañana,2025-11-18T17:54:05.796359+00:00,2025-11-18T17:54:05.796361+00:00
35a0729b078661e9c22a933c8fdb8b94ada8f37a5f0941f0ed7602b9f5a08a0d_2024-11-02_2946337_2946373,0901500010018,JUÁREZ,0901500010007,CENTRO,2024-11-02,tarde,2025-11-18T17:54:05.796370+00:00,2025-11-18T17:54:05.796373+00:00
39aaf8d7e1a905c4602ddc9f533521bda29b8245657e6968dbea554819670ba8_2024-11-02_3116409_3116400,0900300010006,ATLÁNTIDA,0900300010104,EL ROSEDAL,2024-11-02,mañana,2025-11-18T17:54:05.796382+00:00,2025-11-18T17:54:05.796385+00:00
39b7132d6d5c3a499e87ff408e8837e374f95124ab49a8203ca53d274d635f34_2024-11-02_3834569_3834619,0900300010114,VILLA COYOACÁN,0900300010054,DEL CARMEN,2024-11-02,mañana,2025-11-18T17:54:05.796394+00:00,2025-11-18T17:54:05.796396+00:00
3f0ec5dbf4f6907e1977cb218456ca2c0356ee97e0832da9e9aa33e0fe07dbbf_2024-11-02_1578597_1578600,0901500010023,PERALVILLO,0901500010015,GUERRERO,2024-11-02,mañana,2025-11-18T17:54:05.796406+00:00,2025-11-18T17:54:05.796408+00:00
3fb89c0123d8dcb75bdd2473fd620863abe017a148d680e83d535d8883edcd67_2024-11-02_4001866_4001863,0901500010010,CUAUHTÉMOC,0901500010015,GUERRERO,2024-11-02,mañana,2025-11-18T17:54:05.796417+00:00,2025-11-18T17:54:05.796420+00:00
402edda2c6b455afa6254e7bca9f32f1014a0eb8bc2655750094e7ab3624ab8f_2024-11-02_707677_707674,0901300010019,SAN PEDRO,0901300010018,SAN MARCOS,2024-11-02,mañana,2025-11-18T17:54:05.796429+00:00,2025-11-18T17:54:05.796432+00:00
4268b792bd6c57f892c4398b798a40238d161e63c77660e13396395b0b5add63_2024-11-02_2394349_2394351,0901500010007,CENTRO,0901500010015,GUERRERO,2024-11-02,noche,2025-11-18T17:54:05.796451+00:00,2025-11-18T17:54:05.796454+00:00
4ad9ced4564b8b19c3fcbb29ddf9426cc7e07e17de9ea48f2380e8143dc9ab9b_2024-11-02_1191241_1191373,0901500010024,TABACALERA,0901500010017,HIPÓDROMO CONDESA,2024-11-02,mañana,2025-11-18T17:54:05.796464+00:00,2025-11-18T17:54:05.796467+00:00
5062c09650e94043d070ef45e9fed23245d538b09d0055aa216c04c7c7f19490_2024-11-02_3655831_3655833,0901500010025,ROMA NORTE,0901500010018,JUÁREZ,2024-11-02,mañana,2025-11-18T17:54:05.796476+00:00,2025-11-18T17:54:05.796478+00:00
53a03ff2f48cdf21141a677cffb72d87661efec0a5dc8ddaa78bdcac66354425_2024-11-02_3044391_3044470,0901100110003,SAN BARTOLOMÉ,0901500010007,CENTRO,2024-11-02,mañana,2025-11-18T17:54:05.796488+00:00,2025-11-18T17:54:05.796490+00:00
5516ff63ec4255da166324eed971cb5aeb811d6c0f96f3d203742d0f26c1a8f9_2024-11-02_2192618_2192620,0901500010010,CUAUHTÉMOC,0901600010085,BOSQUE DE CHAPULTEPEC,2024-11-02,madrugada,2025-11-18T17:54:05.796499+00:00,2025-11-18T17:54:05.796502+00:00
5a72fafcd2effe7356ce70838b04fdad69edafe6d6e5a904a5a6343cdb819654_2024-11-02_4061011_4061001,GEN_0fdc5f82cfb5,,0901500010007,CENTRO,2024-11-02,mañana,2025-11-18T17:54:05.796511+00:00,2025-11-18T17:54:05.796514+00:00
5f4207fdea78cbdfd59b1072e9d8da214ca3a2b7c3920433c27abd23ef1dba42_2024-11-02_4465288_4465295,0901500010025,ROMA NORTE,0901500010018,JUÁREZ,2024-11-02,mañana,2025-11-18T17:54:05.796524+00:00,2025-11-18T17:54:05.796527+00:00
5f46f7f373636f6a48a237033b359e4cfaff768b2a322f1e2f7bb0b39c5eb24d_2024-11-02_3795077_3795100,0901500010010,CUAUHTÉMOC,0901500010018,JUÁREZ,2024-11-02,mañana,2025-11-18T17:54:05.796537+00:00,2025-11-18T17:54:05.796539+00:00
601d47330e392cbd452ed4df38b87c9874e7670339ab69c43a79671e8c628c94_2024-11-02_2940989_2940945,0901500010024,TABACALERA,0901500010015,GUERRERO,2024-11-02,noche,2025-11-18T17:54:05.796548+00:00,2025-11-18T17:54:05.796551+00:00
61d171717d8991c1fb7afc116dbb77611ef52a25bd83ae36cbb5aed02452479b_2024-11-02_2364466_2364444,0901500010010,CUAUHTÉMOC,0901500010018,JUÁREZ,2024-11-02,noche,2025-11-18T17:54:05.796560+00:00,2025-11-18T17:54:05.796563+00:00
61f15165c8a7a4a962aac6d54db56efd060b728d1793e73fc33273bc459d6974_2024-11-02_2387116_2387104,0901500010023,PERALVILLO,0900500010206,VALLEJO,2024-11-02,mañana,2025-11-18T17:54:05.796574+00:00,2025-11-18T17:54:05.796576+00:00
636ff125eb6419a74d0a0b3ac8fc1138bdaa98ba4e6d05c60efca5edcf3595c9_2024-11-02_4458211_4458186,GEN_9e0c83ddab22,AICM Terminal II,GEN_8df52115a76b,AICM Terminal I,2024-11-02,madrugada,2025-11-18T17:54:05.796586+00:00,2025-11-18T17:54:05.796588+00:00
6734f8f975f34e1bc74e68218d62b961189c8641e38d4d8d0d7ab35ada61afa3_2024-11-02_71923_71920,0901500010024,TABACALERA,0901500010007,CENTRO,2024-11-02,mañana,2025-11-18T17:54:05.796597+00:00,2025-11-18T17:54:05.796600+00:00
67454a4b451bcb1beb994c3de83c6a7e7210d04e4749812b8f74c2e00af34aef_2024-11-02_2088007_2088013,0900300010054,DEL CARMEN,0901500010025,ROMA NORTE,2024-11-02,mañana,2025-11-18T17:54:05.796609+00:00,2025-11-18T17:54:05.796611+00:00
6929c24c1d6bc7afef75f7a618de458917a7e2c9d82761daaef7c9588c4bdad3_2024-11-02_781864_781879,0901600010060,POLANCO V SECCIÓN,0901600010059,POLANCO IV SECCIÓN,2024-11-02,mañana,2025-11-18T17:54:05.796620+00:00,2025-11-18T17:54:05.796623+00:00
6cd8ee05d006f3278b6155368a111dedb8c26dc4cafe14ce9a36d5e38b2720b2_2024-11-02_1646601_1646622,0901500010023,PERALVILLO,0901500010007,CENTRO,2024-11-02,mañana,2025-11-18T17:54:05.796632+00:00,2025-11-18T17:54:05.796635+00:00
6d6143116f2221d823921bd1f49fe96818a39651151af1b3476d85624b9ddebc_2024-11-02_4107972_4107975,0901500010010,CUAUHTÉMOC,0901500010016,HIPÓDROMO,2024-11-02,madrugada,2025-11-18T17:54:05.796644+00:00,2025-11-18T17:54:05.796647+00:00
6e7ef765fb22f6f9e5368d6a8400345dd488f3bb62934f05639b7a47940d1ddb_2024-11-02_2800226_2800241,0900300010014,SANTA CATARINA,0900300010008,LA CONCEPCIÓN,2024-11-02,mañana,2025-11-18T17:54:05.796658+00:00,2025-11-18T17:54:05.796660+00:00
721baa55f720716cadb0ef699d75e03dcfae4bf12e4128743d4e81cf94756bd4_2024-11-02_2107984_2108018,0900300010012,SAN LUCAS,0900300010087,PARQUE SAN ANDRÉS,2024-11-02,mañana,2025-11-18T17:54:05.796669+00:00,2025-11-18T17:54:05.796672+00:00
7616f248a76ac6167bb23ee575de4115363a13e38c3ebe4678d8ecbffed16fc6_2024-11-02_1680601_1680604,0901500010009,CONDESA,0901500010018,JUÁREZ,2024-11-02,mañana,2025-11-18T17:54:05.796681+00:00,2025-11-18T17:54:05.796683+00:00
7b7f05702339dfd5ba788fbbe8dd17145a755920c7fb0d6be152ea7b6f08b44a_2024-11-02_2571854_2571841,0901500010007,CENTRO,0901000010219,SAN ÁNGEL,2024-11-02,mañana,2025-11-18T17:54:05.796693+00:00,2025-11-18T17:54:05.796695+00:00
82c7664d8d9e8861caa5a825618253f7edf71bd95ac4172b6d0f7f9bd7772208_2024-11-02_802203_802198,0900300010114,VILLA COYOACÁN,0900300010054,DEL CARMEN,2024-11-02,mañana,2025-11-18T17:54:05.796714+00:00,2025-11-18T17:54:05.796717+00:00
8401d39446352dd4572ec989093307e7835842355ba138c3889d0c80b3530e97_2024-11-02_3399201_3399156,0901500010025,ROMA NORTE,0901600010060,POLANCO V SECCIÓN,2024-11-02,mañana,2025-11-18T17:54:05.796726+00:00,2025-11-18T17:54:05.796729+00:00
848f23df24ffb3501489c98019d53e92043c1eed177f0cde0f892de63f3d4a22_2024-11-02_96289_96303,0900300010097,DE LOS REYES,0900300010104,EL ROSEDAL,2024-11-02,mañana,2025-11-18T17:54:05.796741+00:00,2025-11-18T17:54:05.796744+00:00
856961cbe01e4b2fcec96f39f9206755b5feb2a6d2df14e3939309d39a6a7ef3_2024-11-02_2285854_2285860,0901600010059,POLANCO IV SECCIÓN,0901600010058,POLANCO III SECCIÓN,2024-11-02,mañana,2025-11-18T17:54:05.796753+00:00,2025-11-18T17:54:05.796755+00:00
8694b04757261dd70a403d2111dc5f0372f87453eceab2e4df2c8b2c452a1e82_2024-11-02_4198094_4198079,0901500010007,CENTRO,0900500010193,TEPEYAC INSURGENTES,2024-11-02,mañana,2025-11-18T17:54:05.796765+00:00,2025-11-18T17:54:05.796768+00:00
8757c1d0e840ef5bd614b7776c830b459147b3224b96c721800b086bc93b5170_2024-11-02_391262_391278,0901600010085,BOSQUE DE CHAPULTEPEC,0901600010058,POLANCO III SECCIÓN,2024-11-02,tarde,2025-11-18T17:54:05.796779+00:00,2025-11-18T17:54:05.796782+00:00
8794149af701d97a73c731f59eeffc8807ba14ef95a549551df6495846bf090c_2024-11-02_904222_904223,0901500010025,ROMA NORTE,0901500010018,JUÁREZ,2024-11-02,mañana,2025-11-18T17:54:05.796791+00:00,2025-11-18T17:54:05.796794+00:00
8983c6df361c66a6c60c013b40e987db1455d7e97c12150577e2b12d882fe969_2024-11-02_4248795_4248863,0901500010018,JUÁREZ,0901500010024,TABACALERA,2024-11-02,mañana,2025-11-18T17:54:05.796803+00:00,2025-11-18T17:54:05.796806+00:00
8eeb381742ca76fafbc8fb5cb68908394a1afd03c2cc35bf4225cb2dde2fdda4_2024-11-02_2510978_2511010,0901500010018,JUÁREZ,0901500010007,CENTRO,2024-11-02,mañana,2025-11-18T17:54:05.796815+00:00,2025-11-18T17:54:05.796817+00:00
8f64957658b50b428ed817af34f9cdb49745cbd8858236015acceb1063354ae4_2024-11-02_1439434_1439340,0901500010007,CENTRO,0900300010054,DEL CARMEN,2024-11-02,mañana,2025-11-18T17:54:05.796827+00:00,2025-11-18T17:54:05.796829+00:00
919bbb754d16fc4348f26b10e9defc4cacfe7e427c9e2b9bab860f28ae6bd278_2024-11-02_3831629_3831639,0900300010097,DE LOS REYES,0900300010023,LA CANDELARIA,2024-11-02,mañana,2025-11-18T17:54:05.796839+00:00,2025-11-18T17:54:05.796842+00:00
9280cb8d1adf5b634cff6d0eb886803ffc8382755279a0a672d2e8235a86242a_2024-11-02_2523615_2523652,0901600010057,POLANCO II SECCIÓN,0901600010058,POLANCO III SECCIÓN,2024-11-02,mañana,2025-11-18T17:54:05.796851+00:00,2025-11-18T17:54:05.796854+00:00
9354b4f09d1a7cd17cd5ec6f9fb05886728b705aa798a25b6303d50c95662570_2024-11-02_297646_297652,0901500010013,EX HIPÓDROMO DE PERALVILLO,0901600010058,POLANCO III SECCIÓN,2024-11-02,mañana,2025-11-18T17:54:05.796863+00:00,2025-11-18T17:54:05.796865+00:00
95c6e2c1aeec657509cc3814d402e08acff0cbdfed60a337dde4208af42a64c3_2024-11-02_1605422_1605390,0901600010059,POLANCO IV SECCIÓN,0901600010058,POLANCO III SECCIÓN,2024-11-02,mañana,2025-11-18T17:54:05.796875+00:00,2025-11-18T17:54:05.796877+00:00
968576b09551b9a09bb555fe7fd98a9ad0e8c0c8e7f31a8b9f28faa132b5cab9_2024-11-02_682003_682106,0901500010025,ROMA NORTE,0901500010016,HIPÓDROMO,2024-11-02,mañana,2025-11-18T17:54:05.796886+00:00,2025-11-18T17:54:05.796889+00:00
9764971c1e8ec606cf78a3b76e8396565e6a9c54bfa99bf8bfab92f5c97af8c0_2024-11-02_2040918_2040900,0901500010018,JUÁREZ,0901500010009,CONDESA,2024-11-02,mañana,2025-11-18T17:54:05.796898+00:00,2025-11-18T17:54:05.796900+00:00
9a5b01ded224e8cf197df2505fd7d74a2c00e64f62abff69013dd8649f35203c_2024-11-02_1182444_1182475,0901500010007,CENTRO,0901500010016,HIPÓDROMO,2024-11-02,mañana,2025-11-18T17:54:05.796909+00:00,2025-11-18T17:54:05.796912+00:00
9be1dc7a42e72094f8afa3f2ebc6f8ab6a0055cdd2318224f46c267a9e77af6d_2024-11-02_3435694_3435698,0900400010060,SANTA FE CUAJIMALPA,0901600010059,POLANCO IV SECCIÓN,2024-11-02,mañana,2025-11-18T17:54:05.796921+00:00,2025-11-18T17:54:05.796923+00:00
9c41afd36d7eff5d517279f27aa8c1917ac737243a5f375277d1d33e6e909dec_2024-11-02_998916_998908,0901500010026,ROMA SUR,0901500010016,HIPÓDROMO,2024-11-02,madrugada,2025-11-18T17:54:05.796933+00:00,2025-11-18T17:54:05.796935+00:00
a36f2b05d594a6b909c0adeb6e5ea74db4602cb0a307da6f3a52492084e0072b_2024-11-02_872441_872480,0901600010057,POLANCO II SECCIÓN,0901600010058,POLANCO III SECCIÓN,2024-11-02,mañana,2025-11-18T17:54:05.796944+00:00,2025-11-18T17:54:05.796946+00:00
a4dea7fc0a53ec88f42fc50c728fa626ef9dfc3d1d5dbd32d238f8031d3b5b3e_2024-11-02_2748630_2748639,0901500010016,HIPÓDROMO,0901600010085,BOSQUE DE CHAPULTEPEC,2024-11-02,mañana,2025-11-18T17:54:05.796955+00:00,2025-11-18T17:54:05.796958+00:00
ab5d1c52b492e8004307a47f8fa7252ecb773363a8f5edd50810f6e35f4c7b0e_2024-11-02_1101997_1102041,GEN_4245ade3f1ac,TAPO,0901600010085,BOSQUE DE CHAPULTEPEC,2024-11-02,mañana,2025-11-18T17:54:05.796967+00:00,2025-11-18T17:54:05.796969+00:00
ab986c27f2f526fe1da6d1846ffa3d8b752cb31d6b10011cdebcfd98a60a3e10_2024-11-02_2893380_2893378,0901500010007,CENTRO,0901500010024,TABACALERA,2024-11-02,mañana,2025-11-18T17:54:05.796978+00:00,2025-11-18T17:54:05.796980+00:00
ac6f2cd20030f18b349884f0a9ea499a0357ff58b38dee127087712e39f123f4_2024-11-02_2958704_2958717,0901600010056,POLANCO I SECCIÓN,0901500010007,CENTRO,2024-11-02,mañana,2025-11-18T17:54:05.796989+00:00,2025-11-18T17:54:05.796992+00:00
afb6de5d8c593f20533cddcc50302fc2a5a59cb7bdc1933080a92a30a4446c86_2024-11-02_2322590_2322644,0900400010060,SANTA FE CUAJIMALPA,0901600010059,POLANCO IV SECCIÓN,2024-11-02,mañana,2025-11-18T17:54:05.797001+00:00,2025-11-18T17:54:05.797004+00:00
b5b9420528ac5e01953ea20a7a317ab635ed2fc66c0f141979871f36644b174b_2024-11-02_3359932_3359918,0900500010093,INDUSTRIAL,0900500010193,TEPEYAC INSURGENTES,2024-11-02,mañana,2025-11-18T17:54:05.797012+00:00,2025-11-18T17:54:05.797015+00:00
b9ca5c9c3d0522536e77fdf2672e6472e654114e9172f2bb47b777f9fbd9380a_2024-11-02_2718306_2718364,0900300010087,PARQUE SAN ANDRÉS,0900300010012,SAN LUCAS,2024-11-02,mañana,2025-11-18T17:54:05.797024+00:00,2025-11-18T17:54:05.797027+00:00
bbaac443e45b3eb214a5b7483cf537d9525eb5b0cccb97cce8b835f6a1a2f8c2_2024-11-02_426908_426848,0901500010025,ROMA NORTE,0901500010007,CENTRO,2024-11-02,mañana,2025-11-18T17:54:05.797036+00:00,2025-11-18T17:54:05.797038+00:00
bc53dfc78f82a4f26aaa76ea65cd1915fbb0ee80f786a6eb2f8b943175fa5c49_2024-11-02_2866676_2866648,0900500010193,TEPEYAC INSURGENTES,0901500010007,CENTRO,2024-11-02,mañana,2025-11-18T17:54:05.797048+00:00,2025-11-18T17:54:05.797050+00:00
c26556c8d0902e45e933446e115bb0c46f91452e3db25abd0bb1f38027d8c3f3_2024-11-02_3949681_3949574,0900300010098,SAN PABLO TEPETLAPA,0900300010118,XOTEPINGO,2024-11-02,mañana,2025-11-18T17:54:05.797059+00:00,2025-11-18T17:54:05.797062+00:00
d169f09a213b89492661d20a9860853d9f422bdf8c1fac002e382d8698cdee00_2024-11-02_2896225_2896204,0900300010023,LA CANDELARIA,0900300010104,EL ROSEDAL,2024-11-02,mañana,2025-11-18T17:54:05.797071+00:00,2025-11-18T17:54:05.797073+00:00
d18d0523bfc63afabc1e05d513693536d7871fbd096291c440924e8c9082f7e2_2024-11-02_2776300_2776303,0901000010294,SANTA FE,0900400010060,SANTA FE CUAJIMALPA,2024-11-02,mañana,2025-11-18T17:54:05.797083+00:00,2025-11-18T17:54:05.797085+00:00
d1f645b19f0849d69cb08431674f196ac2d864d511a0f7c1e4c2912eec723afc_2024-11-02_1893594_1893593,0901500010007,CENTRO,0900300010114,VILLA COYOACÁN,2024-11-02,mañana,2025-11-18T17:54:05.797094+00:00,2025-11-18T17:54:05.797097+00:00
d4cd97a8592ed1b49965ce30a69652966df7776b9644e2d9f2976d6c02d88d90_2024-11-02_1675775_1675762,0900300010097,DE LOS REYES,0900300010014,SANTA CATARINA,2024-11-02,mañana,2025-11-18T17:54:05.797106+00:00,2025-11-18T17:54:05.797108+00:00
d6219ef228e3534a4d2f4b5ae1f1ecd96b5d2743a93a8a84af2876de6140881d_2024-11-02_1768805_1768804,0901500010026,ROMA SUR,0901500010018,JUÁREZ,2024-11-02,noche,2025-11-18T17:54:05.797118+00:00,2025-11-18T17:54:05.797120+00:00
d78a9275c939f98dbeddffd06425984860304b06ae4ffbb80eb1e15d22fbda34_2024-11-02_3485873_3485941,0901600010057,POLANCO II SECCIÓN,0901600010059,POLANCO IV SECCIÓN,2024-11-02,mañana,2025-11-18T17:54:05.797129+00:00,2025-11-18T17:54:05.797132+00:00
dbf2f64793b4db2f69a5c461ed613c17908c40e8c6749e2331f145702ee29eb8_2024-11-02_913958_913961,0901500010007,CENTRO,0901500010025,ROMA NORTE,2024-11-02,mañana,2025-11-18T17:54:05.797144+00:00,2025-11-18T17:54:05.797147+00:00
df4f0055f173dc1b660d29d2a5aab0517a91386703a54e397a4c27ea02343b5f_2024-11-02_901113_901117,0901500010018,JUÁREZ,0901500010025,ROMA NORTE,2024-11-02,madrugada,2025-11-18T17:54:05.797156+00:00,2025-11-18T17:54:05.797158+00:00
e341aa3a20be59fde0f5905a421a8ef7210624b2e2d0112161ec2d85c5e6865e_2024-11-02_1246267_1246277,0900300010008,LA CONCEPCIÓN,0900300010012,SAN LUCAS,2024-11-02,noche,2025-11-18T17:54:05.797167+00:00,2025-11-18T17:54:05.797170+00:00
e48191915effe9f7dffa07d85ff1399b8600d85e0acdfebb68b081af4d85a3cd_2024-11-02_1000961_1001119,0901600010058,POLANCO III SECCIÓN,0901500010016,HIPÓDROMO,2024-11-02,mañana,2025-11-18T17:54:05.797179+00:00,2025-11-18T17:54:05.797181+00:00
e4da7841734403678c5783ceb261985059039ff8b010353a87d9adbab5cc2e5b_2024-11-02_1481651_1481614,0901500010007,CENTRO,0901500010018,JUÁREZ,2024-11-02,mañana,2025-11-18T17:54:05.797190+00:00,2025-11-18T17:54:05.797193+00:00
e5bbf0be2d864854674e50abbfb7b630ef299fde0ed580700dc7dcd43116a7fa_2024-11-02_283466_283460,GEN_9e0c83ddab22,AICM Terminal II,0901600010059,POLANCO IV SECCIÓN,2024-11-02,madrugada,2025-11-18T17:54:05.797202+00:00,2025-11-18T17:54:05.797204+00:00
e8458debf4e15181c283bbefbc572a2421601e6c5a101e75b9bd0a4d6cdf9c21_2024-11-02_1560917_1560924,0901600010010,ANZURES,0901600010059,POLANCO IV SECCIÓN,2024-11-02,mañana,2025-11-18T17:54:05.797213+00:00,2025-11-18T17:54:05.797216+00:00
e85cd921fc5d85136f717cce32bbc1b2005cbafbc0a7b4bf1d3f25209aec7c76_2024-11-02_3748989_3748962,0900300010087,PARQUE SAN ANDRÉS,0900300010023,LA CANDELARIA,2024-11-02,tarde,2025-11-18T17:54:05.797225+00:00,2025-11-18T17:54:05.797228+00:00
eb10cf3e7b16a4f8bd9080cce5fc24d498136efb4d61330d8b40e259f86a37dd_2024-11-02_1510643_1510637,0901500010007,CENTRO,0901500010015,GUERRERO,2024-11-02,mañana,2025-11-18T17:54:05.797237+00:00,2025-11-18T17:54:05.797239+00:00
efad085071c08a9145af0f6135b921a203b29ed09e57a6442229eb627719112d_2024-11-02_3343304_3343305,GEN_0fdc5f82cfb5,,0900300010007,AVANTE,2024-11-02,mañana,2025-11-18T17:54:05.797248+00:00,2025-11-18T17:54:05.797251+00:00
f36ae2bff30787973b081394a951025df10197e38625b56de3ff0c60a0cfff92_2024-11-02_2770775_2770723,0901600010059,POLANCO IV SECCIÓN,0901500010024,TABACALERA,2024-11-02,mañana,2025-11-18T17:54:05.797260+00:00,2025-11-18T17:54:05.797262+00:00
f513e92b628d8259952f76b318e9186191bb256f87711d48ca4274d6da994bb2_2024-11-02_2465645_2465656,0901300010013,SAN CRISTÓBAL,0901300010023,XALTOCAN,2024-11-02,mañana,2025-11-18T17:54:05.797271+00:00,2025-11-18T17:54:05.797274+00:00
f6fd3a89e47e9a544a5ee13230cdf6747f14af59228b7ef001cb44b2fde962a2_2024-11-02_1224459_1224500,0900300010032,CIUDAD JARDÍN,0900300010008,LA CONCEPCIÓN,2024-11-02,mañana,2025-11-18T17:54:05.797282+00:00,2025-11-18T17:54:05.797285+00:00
f993b682590b939ed669d085b0e3bb15a8df881b42f24c4d25bee7fdb70a9165_2024-11-02_2493636_2493617,0900300010059,ESPARTACO,0900300010056,EMILIANO ZAPATA,2024-11-02,mañana,2025-11-18T17:54:05.797294+00:00,2025-11-18T17:54:05.797296+00:00
f9b6cd91a5a4dcc60f11d7497727c344cebb3f53305d50d8984809f275f3e20a_2024-11-02_243822_243813,0901600010059,POLANCO IV SECCIÓN,0901600010085,BOSQUE DE CHAPULTEPEC,2024-11-02,tarde,2025-11-18T17:54:05.797306+00:00,2025-11-18T17:54:05.797308+00:00
fbb31dc1deebc79c07eb1fdf3fe538f4f3f42d7866c014c829b0673b49c96c54_2024-11-02_2450769_2450776,0901500010025,ROMA NORTE,0901500010026,ROMA SUR,2024-11-02,madrugada,2025-11-18T17:54:05.797317+00:00,2025-11-18T17:54:05.797320+00:00
00767574520c210c41897428796e9b9090dde1501bdeef0dce50ba60e044af82_2024-11-01_1263628_1263623,0901500010007,CENTRO,0901500010018,JUÁREZ,2024-11-01,mañana,2025-11-18T17:54:05.794901+00:00,2025-11-18T17:54:05.794953+00:00
0077890bbcb82ce600a43b1699d3968dd15ea5ea499e9b79f0dd5c8cdbe1a651_2024-11-01_243605_243604,0900300010114,VILLA COYOACÁN,0900300010014,SANTA CATARINA,2024-11-01,mañana,2025-11-18T17:54:05.794968+00:00,2025-11-18T17:54:05.794971+00:00
0acfa6be85ef5d59fa426074fc3d3c43e11c1bd23d902d6e93dcb0cea6e09910_2024-11-01_2270576_2270587,0901500010009,CONDESA,0901500010016,HIPÓDROMO,2024-11-01,mañana,2025-11-18T17:54:05.794982+00:00,2025-11-18T17:54:05.794984+00:00
0f7c88d677136e481548198a3ab90005491091fb4e5cdf591d39b6d592e3110e_2024-11-01_681246_681216,0901500010007,CENTRO,0900300010104,EL ROSEDAL,2024-11-01,mañana,2025-11-18T17:54:05.794994+00:00,2025-11-18T17:54:05.794996+00:00
152939c6d0ee292f5bb1a5aaffff7f1b0860ccdbe7d5d0f341e0b4aa3618654e_2024-11-01_451982_451995,0901500010025,ROMA NORTE,0901500010007,CENTRO,2024-11-01,madrugada,2025-11-18T17:54:05.795009+00:00,2025-11-18T17:54:05.795012+00:00
153c56e5c686601e62c01af6c5d5a6aa9a96b0f74152c740c3032fc4ca1bcd75_2024-11-01_4043618_4043615,0901500010026,ROMA SUR,0901500010025,ROMA NORTE,2024-11-01,mañana,2025-11-18T17:54:05.795021+00:00,2025-11-18T17:54:05.795024+00:00
165bb71b91788f3be1fb2a42cc2c1f9315e85a181e967392372729e94b1d96f9_2024-11-01_4516846_4516833,0901600010085,BOSQUE DE CHAPULTEPEC,0901500010015,GUERRERO,2024-11-01,madrugada,2025-11-18T17:54:05.795042+00:00,2025-11-18T17:54:05.795046+00:00
1aa2abe9f449dd9ec3dbfa492471d8df581f093f68fd931cbb1da69ebf0c6576_2024-11-01_2730086_2730093,0900300010012,SAN LUCAS,0900300010008,LA CONCEPCIÓN,2024-11-01,mañana,2025-11-18T17:54:05.795057+00:00,2025-11-18T17:54:05.795059+00:00
21a6b999990c8199da4e5c11ffedb7f2ad69d80457f595e99ff10294ec01104b_2024-11-01_1801252_1801245,0900500010206,VALLEJO,GEN_8df52115a76b,AICM Terminal I,2024-11-01,mañana,2025-11-18T17:54:05.795069+00:00,2025-11-18T17:54:05.795072+00:00
237c1e13ca8341e9957467cefcb878eb63d51e97fe91cf7c3fc00394c63f4f6c_2024-11-01_2681464_2681477,0901600010059,POLANCO IV SECCIÓN,0901600010085,BOSQUE DE CHAPULTEPEC,2024-11-01,mañana,2025-11-18T17:54:05.795081+00:00,2025-11-18T17:54:05.795084+00:00
241d69900285e9250f73a584a91a66affb2bb311b1c1e19cd2632f35cd0cc2ea_2024-11-01_25516_25567,0901600010058,POLANCO III SECCIÓN,0901500010023,PERALVILLO,2024-11-01,mañana,2025-11-18T17:54:05.795094+00:00,2025-11-18T17:54:05.795096+00:00
26a4c51d332577f63b8551b7aab5c74a40f29c39e511ef833d71a0c08b630314_2024-11-01_3982058_3982025,0901500010015,GUERRERO,0901500010007,CENTRO,2024-11-01,noche,2025-11-18T17:54:05.795105+00:00,2025-11-18T17:54:05.795108+00:00
278e722f55bc83cd5a230315827902cf4ecf4d3a03f1da78445ba2c51a73c51f_2024-11-01_2764281_2764289,GEN_9e0c83ddab22,AICM Terminal II,GEN_5e552dba4dcd,Central del Norte,2024-11-01,madrugada,2025-11-18T17:54:05.795117+00:00,2025-11-18T17:54:05.795120+00:00
28893f199b934e54cbf360534e6f151817a37f599fbdd0505982ca29c21487b9_2024-11-01_3184923_3184942,0900300010008,LA CONCEPCIÓN,0900300010114,VILLA COYOACÁN,2024-11-01,noche,2025-11-18T17:54:05.795129+00:00,2025-11-18T17:54:05.795132+00:00
2b1e1b39ceaeb22fbe962c5406ae7ed39d244e122c51cea9e440504f74b8688f_2024-11-01_11751_11743,0901500010015,GUERRERO,0901600010085,BOSQUE DE CHAPULTEPEC,2024-11-01,noche,2025-11-18T17:54:05.795141+00:00,2025-11-18T17:54:05.795144+00:00
2b5f83ca6218a100b13b263c9ad9144c9d00a79df786c4d54be437b1ebe72eb1_2024-11-01_2527875_2527884,0900300010008,LA CONCEPCIÓN,0901500010007,CENTRO,2024-11-01,mañana,2025-11-18T17:54:05.795153+00:00,2025-11-18T17:54:05.795159+00:00
2d3fb648c644d609d833cec778861e24eca878ce539a388776187509eb59d609_2024-11-01_1731896_1731874,GEN_8df52115a76b,AICM Terminal I,GEN_22fa6c7bd720,TAXQUEÑA,2024-11-01,madrugada,2025-11-18T17:54:05.795168+00:00,2025-11-18T17:54:05.795170+00:00
2e8cc341aac99ca6790004154bb928e10ea80cd17aba9830e911d9d59c096b05_2024-11-01_465017_465025,0901600010059,POLANCO IV SECCIÓN,0900400010060,SANTA FE CUAJIMALPA,2024-11-01,mañana,2025-11-18T17:54:05.795180+00:00,2025-11-18T17:54:05.795182+00:00
317a0274439f320a93fdbd03ce88ceb73105ea8b67e3e17d2ef5317e8629ffb5_2024-11-01_1787185_1787194,0900500010206,VALLEJO,0901500010007,CENTRO,2024-11-01,mañana,2025-11-18T17:54:05.795192+00:00,2025-11-18T17:54:05.795194+00:00
3385e5eec57a12ef3738a9df5b7a2b5f3f159c3a7bfc12e351bdb97b9fff8729_2024-11-01_1242725_1242714,0900300010099,DE SANTA ÚRSULA COAPA,0901200010184,TLALPAN,2024-11-01,tarde,2025-11-18T17:54:05.795203+00:00,2025-11-18T17:54:05.795206+00:00
34ae0420bd426c7611f9d631c594443ebad0ab6c69028071c72b23a981696ffc_2024-11-01_1694111_1694080,0901500010007,CENTRO,0901600010060,POLANCO V SECCIÓN,2024-11-01,mañana,2025-11-18T17:54:05.795215+00:00,2025-11-18T17:54:05.795218+00:00
373954ea0b478398540fa65ce831b9d9a5714855684aaa874e095d41069d17b9_2024-11-01_268763_268780,0900300010104,EL ROSEDAL,0901500010007,CENTRO,2024-11-01,mañana,2025-11-18T17:54:05.795227+00:00,2025-11-18T17:54:05.795229+00:00
3fb89c0123d8dcb75bdd2473fd620863abe017a148d680e83d535d8883edcd67_2024-11-01_4004660_4004658,0901500010015,GUERRERO,0901500010010,CUAUHTÉMOC,2024-11-01,madrugada,2025-11-18T17:54:05.795239+00:00,2025-11-18T17:54:05.795241+00:00
426ac5e47cec46025f48fbdba01f259456b56b696392a8a5976840d28856e596_2024-11-01_4204349_4204467,0901500010025,ROMA NORTE,0901500010026,ROMA SUR,2024-11-01,mañana,2025-11-18T17:54:05.795251+00:00,2025-11-18T17:54:05.795253+00:00
43978aaf498f24e0a293b4c3f3fd2649a5f741d6946e2efd5b4b27bb97afbfd0_2024-11-01_838965_838937,0900300010062,EX-HACIENDA COAPA,0900300010099,DE SANTA ÚRSULA COAPA,2024-11-01,mañana,2025-11-18T17:54:05.795263+00:00,2025-11-18T17:54:05.795265+00:00
43dc76ee33e3b879624b9dd58084d9953044b8ba477fb6d86605ec2b775fb00a_2024-11-01_2551581_2551564,0901500010015,GUERRERO,0901600010085,BOSQUE DE CHAPULTEPEC,2024-11-01,madrugada,2025-11-18T17:54:05.795274+00:00,2025-11-18T17:54:05.795277+00:00
467e004d8afa759a8693b28728310bccc36ae529d9df21e15d61db28476d00b5_2024-11-01_1413082_1413080,0901500010015,GUERRERO,0901600010085,BOSQUE DE CHAPULTEPEC,2024-11-01,mañana,2025-11-18T17:54:05.795286+00:00,2025-11-18T17:54:05.795288+00:00
46e0fffedb7e768eed9d00af0df0d7efea1b64b9337fa92d3571a8bb6ea6181a_2024-11-01_3678616_3678618,0901500010025,ROMA NORTE,0901500010018,JUÁREZ,2024-11-01,tarde,2025-11-18T17:54:05.795298+00:00,2025-11-18T17:54:05.795300+00:00
4806674e8ada4078c87ba222338193b3dce8a45d6ab176d7e096fb5184fc15b2_2024-11-01_3839374_3839375,0900300010104,EL ROSEDAL,0901500010007,CENTRO,2024-11-01,mañana,2025-11-18T17:54:05.795309+00:00,2025-11-18T17:54:05.795312+00:00
49712575d9c57aa15af94870e6d33cd029cdbbd7f6ae62c4838db751ea41aebe_2024-11-01_1355698_1355758,0901600010085,BOSQUE DE CHAPULTEPEC,0901500010007,CENTRO,2024-11-01,mañana,2025-11-18T17:54:05.795321+00:00,2025-11-18T17:54:05.795324+00:00
4ad9ced4564b8b19c3fcbb29ddf9426cc7e07e17de9ea48f2380e8143dc9ab9b_2024-11-01_1187447_1187443,0901500010026,ROMA SUR,0901500010018,JUÁREZ,2024-11-01,mañana,2025-11-18T17:54:05.795333+00:00,2025-11-18T17:54:05.795336+00:00
4bd768d4322f6e2ce86b580a4e420874d057729ea6e2d44bef65c4753f96cd94_2024-11-01_1214256_1214255,0901600010058,POLANCO III SECCIÓN,0901600010085,BOSQUE DE CHAPULTEPEC,2024-11-01,madrugada,2025-11-18T17:54:05.795345+00:00,2025-11-18T17:54:05.795347+00:00
4fe1b476d88c65217dafef84c56aa496f45d80f2c592c0e6278b64a4cd33aa00_2024-11-01_420180_420140,0901500010007,CENTRO,0900300010087,PARQUE SAN ANDRÉS,2024-11-01,mañana,2025-11-18T17:54:05.795356+00:00,2025-11-18T17:54:05.795359+00:00
51021302c6a04c65969949d6af09d8ca0c1790a42379cc2c64f5d878d21ceae9_2024-11-01_609530_609522,0901600010056,POLANCO I SECCIÓN,0901500010018,JUÁREZ,2024-11-01,mañana,2025-11-18T17:54:05.795368+00:00,2025-11-18T17:54:05.795371+00:00
51a72a8c1eb66bbca8549b4ec43d70719b1c0338d777ef0a97c1e97dd363d43e_2024-11-01_378961_378883,0901500010018,JUÁREZ,0901500010024,TABACALERA,2024-11-01,mañana,2025-11-18T17:54:05.795380+00:00,2025-11-18T17:54:05.795383+00:00
5269b78041b959d17936dd8a33feaa36225c5efd0e5db8eafa4d8e47103d454a_2024-11-01_781913_781909,0901500010025,ROMA NORTE,0901500010018,JUÁREZ,2024-11-01,mañana,2025-11-18T17:54:05.795392+00:00,2025-11-18T17:54:05.795394+00:00
52806d9fd39273ba7432b6b815d52a14c510877203c78907e9b1210837f2094b_2024-11-01_3879383_3879408,0900300010104,EL ROSEDAL,0900300010087,PARQUE SAN ANDRÉS,2024-11-01,mañana,2025-11-18T17:54:05.795403+00:00,2025-11-18T17:54:05.795405+00:00
53a03ff2f48cdf21141a677cffb72d87661efec0a5dc8ddaa78bdcac66354425_2024-11-01_3036740_3037051,0901500010010,CUAUHTÉMOC,0900300010054,DEL CARMEN,2024-11-01,mañana,2025-11-18T17:54:05.795417+00:00,2025-11-18T17:54:05.795420+00:00
55f416345396610bd3a48486e681803e1e7e3241a8211173ad44c126f2f2baa9_2024-11-01_842549_842550,0901600010058,POLANCO III SECCIÓN,0901600010060,POLANCO V SECCIÓN,2024-11-01,mañana,2025-11-18T17:54:05.795429+00:00,2025-11-18T17:54:05.795432+00:00
56c371d0ae83241df2e052bc76c8b184ddd26498e65edd7f43bccdc365344dc7_2024-11-01_992325_992320,0901500010007,CENTRO,0901500010018,JUÁREZ,2024-11-01,tarde,2025-11-18T17:54:05.795441+00:00,2025-11-18T17:54:05.795443+00:00
580cf8044e1a5976919ce62d1cee7e45b16bb949826bfcbcd468db9c462b35ff_2024-11-01_2953199_2953181,0901600010085,BOSQUE DE CHAPULTEPEC,0901500010025,ROMA NORTE,2024-11-01,madrugada,2025-11-18T17:54:05.795453+00:00,2025-11-18T17:54:05.795455+00:00
582410e384dece2ddad0e075b7624c91c52710e15c9ef58bff3b486e6750af83_2024-11-01_4513145_4513149,0901600010085,BOSQUE DE CHAPULTEPEC,0901600010060,POLANCO V SECCIÓN,2024-11-01,mañana,2025-11-18T17:54:05.795464+00:00,2025-11-18T17:54:05.795467+00:00
5e52746ab0c89cfc4e949aa2612404e28134f2b42eb411b3ed292eb81f71c5b0_2024-11-01_3722537_3722541,0900300010087,PARQUE SAN ANDRÉS,0900400010060,SANTA FE CUAJIMALPA,2024-11-01,mañana,2025-11-18T17:54:05.795476+00:00,2025-11-18T17:54:05.795478+00:00
601d47330e392cbd452ed4df38b87c9874e7670339ab69c43a79671e8c628c94_2024-11-01_2941210_2941244,0901500010024,TABACALERA,0901500010010,CUAUHTÉMOC,2024-11-01,noche,2025-11-18T17:54:05.795487+00:00,2025-11-18T17:54:05.795490+00:00
613bb4cb608fdc1f396ea89d0e5a76ecad4f4c7596f9dea2b2e4ad31b2244e19_2024-11-01_1890694_1890697,0901500010007,CENTRO,0901500010020,MORELOS,2024-11-01,madrugada,2025-11-18T17:54:05.795499+00:00,2025-11-18T17:54:05.795504+00:00
6352af12dcb94be85a6acda97cc08e605dc2bf5e5cdb327dd20fd2c1d7b4b4c7_2024-11-01_3094869_3094895,0900300010062,EX-HACIENDA COAPA,0900300010099,DE SANTA ÚRSULA COAPA,2024-11-01,mañana,2025-11-18T17:54:05.795513+00:00,2025-11-18T17:54:05.795516+00:00
63a9ee1a4f9aa4f702805c98629f77cedea14c334026a322f3789764923d1959_2024-11-01_1890715_1890687,0900300010087,PARQUE SAN ANDRÉS,0900300010008,LA CONCEPCIÓN,2024-11-01,mañana,2025-11-18T17:54:05.795525+00:00,2025-11-18T17:54:05.795527+00:00
6422ceba91871cedd88c949eb4aacfd9a256f86d6d0e16218f7ca7673adf6857_2024-11-01_1465614_1465593,0901600010085,BOSQUE DE CHAPULTEPEC,0901500010015,GUERRERO,2024-11-01,mañana,2025-11-18T17:54:05.795536+00:00,2025-11-18T17:54:05.795539+00:00
653afda9690ddda8a8cc79fa9747cf9d8c0d634404b63ae31352a1c5ca8612a3_2024-11-01_1026177_1026164,0900300010032,CIUDAD JARDÍN,0901500010007,CENTRO,2024-11-01,mañana,2025-11-18T17:54:05.795548+00:00,2025-11-18T17:54:05.795550+00:00
67783a0780e351b05103da9f7f6b1efe52f0ec94e8955b04cbfe5444437b6fb1_2024-11-01_1994509_1994499,0901500010026,ROMA SUR,GEN_0fdc5f82cfb5,,2024-11-01,mañana,2025-11-18T17:54:05.795560+00:00,2025-11-18T17:54:05.795562+00:00
67fa3adc074fa091bac2b468d5c31f96a6456dd95619202c5b33480927f46c17_2024-11-01_3603329_3603241,0901500010007,CENTRO,0901500010013,EX HIPÓDROMO DE PERALVILLO,2024-11-01,mañana,2025-11-18T17:54:05.795572+00:00,2025-11-18T17:54:05.795574+00:00
68aa89dfb7150d67b15b9105279c1b5e34e341ff62ff67fb3c6556a2f9ef31f8_2024-11-01_2138614_2138618,0901600010058,POLANCO III SECCIÓN,0901600010057,POLANCO II SECCIÓN,2024-11-01,noche,2025-11-18T17:54:05.795583+00:00,2025-11-18T17:54:05.795586+00:00
6c84dbdf29695d8d7fbf773645fc02259ce6891c14522901721ed337f4961c10_2024-11-01_1057152_1057150,0901500010007,CENTRO,0901500010015,GUERRERO,2024-11-01,mañana,2025-11-18T17:54:05.795595+00:00,2025-11-18T17:54:05.795597+00:00
6df35da2659f25803065af836e8415b9378a672857f150b74931e1425d0e217c_2024-11-01_3938915_3938916,0901500010025,ROMA NORTE,0901500010018,JUÁREZ,2024-11-01,mañana,2025-11-18T17:54:05.795606+00:00,2025-11-18T17:54:05.795609+00:00
74c0277c4ad71cb74409a265307264d8e248a6fb99e2fbdc61617c0d4bc1dec5_2024-11-01_3575091_3575100,0900300010008,LA CONCEPCIÓN,0900300010104,EL ROSEDAL,2024-11-01,mañana,2025-11-18T17:54:05.795618+00:00,2025-11-18T17:54:05.795621+00:00
780752d4f3d72e5ceda929ec6c8d6f9fcfadea0ddfd141062821b578ac2a5d14_2024-11-01_19336_19332,0900300010114,VILLA COYOACÁN,0901500010018,JUÁREZ,2024-11-01,mañana,2025-11-18T17:54:05.795630+00:00,2025-11-18T17:54:05.795632+00:00
793d6d41a6cc3cd1a948ee0e86c111f2a99597453cfc406b2a42e9399ac27562_2024-11-01_221995_221984,0900500010093,INDUSTRIAL,0900500010084,GUADALUPE TEPEYAC,2024-11-01,mañana,2025-11-18T17:54:05.795645+00:00,2025-11-18T17:54:05.795647+00:00
7e0ea6b34a37c9aa2b7af19c2accb9d84c1628091acdab9b6eda611b533fde13_2024-11-01_4076165_4076164,0900400010060,SANTA FE CUAJIMALPA,0901500010018,JUÁREZ,2024-11-01,madrugada,2025-11-18T17:54:05.795657+00:00,2025-11-18T17:54:05.795659+00:00
7f998b7d3a871ecaa373f09a339d148d9978be27cb816c4062a6fffca9430025_2024-11-01_2392202_2392162,0901600010085,BOSQUE DE CHAPULTEPEC,0901600010058,POLANCO III SECCIÓN,2024-11-01,mañana,2025-11-18T17:54:05.795668+00:00,2025-11-18T17:54:05.795671+00:00
815443ab935196323a004efeb56451faccbc44553cf3eae63f764b67587a1d09_2024-11-01_4278587_4278521,0901600010058,POLANCO III SECCIÓN,0901500010007,CENTRO,2024-11-01,mañana,2025-11-18T17:54:05.795680+00:00,2025-11-18T17:54:05.795682+00:00
843aae4fa053832aa90621e947b82e09c4cbc0712279ec399f6888333537efb8_2024-11-01_1080416_1080349,0901600010010,ANZURES,0901500010017,HIPÓDROMO CONDESA,2024-11-01,mañana,2025-11-18T17:54:05.795691+00:00,2025-11-18T17:54:05.795694+00:00
856961cbe01e4b2fcec96f39f9206755b5feb2a6d2df14e3939309d39a6a7ef3_2024-11-01_2287957_2287919,0901600010058,POLANCO III SECCIÓN,0901600010059,POLANCO IV SECCIÓN,2024-11-01,mañana,2025-11-18T17:54:05.795717+00:00,2025-11-18T17:54:05.795724+00:00
8884d2daa83ee9456023c7f146ec1075d5c3c11b56060fc8c368b1b3bfe04cae_2024-11-01_3061017_3061033,0901500010015,GUERRERO,0901600010085,BOSQUE DE CHAPULTEPEC,2024-11-01,mañana,2025-11-18T17:54:05.795735+00:00,2025-11-18T17:54:05.795738+00:00
8968af49c87fc0205510ac247cfa4c293952667ee5eb8516184e97bdc124cc26_2024-11-01_3669295_3669393,0900300010098,SAN PABLO TEPETLAPA,0900300010059,ESPARTACO,2024-11-01,mañana,2025-11-18T17:54:05.795750+00:00,2025-11-18T17:54:05.795753+00:00
8f8d4fce0087ff7af788fe96ef99fc47877f3330b2c1159e91fad17bfee6e1ea_2024-11-01_180404_180385,0900400010060,SANTA FE CUAJIMALPA,0901500010007,CENTRO,2024-11-01,mañana,2025-11-18T17:54:05.795764+00:00,2025-11-18T17:54:05.795768+00:00
915ca4893cf285422817d5714aad472092af5f9d3b1785b6d72ed59e4cf14ac6_2024-11-01_2002773_2002741,0900300010054,DEL CARMEN,0901500010007,CENTRO,2024-11-01,tarde,2025-11-18T17:54:05.795779+00:00,2025-11-18T17:54:05.795781+00:00
95aa77c797f4db70f90a5d1349d74c17878ee52dd9b9c38abde7c8942fb6d9f4_2024-11-01_369533_369498,0900300010012,SAN LUCAS,0900300010087,PARQUE SAN ANDRÉS,2024-11-01,mañana,2025-11-18T17:54:05.795791+00:00,2025-11-18T17:54:05.795793+00:00
9ad917c2e2c07f0a9b3c2b0c30387620c18d9596f314c5a3de3d683df0a5f037_2024-11-01_3526021_3525919,0901500010015,GUERRERO,0901500010023,PERALVILLO,2024-11-01,mañana,2025-11-18T17:54:05.795802+00:00,2025-11-18T17:54:05.795805+00:00
9ebe6d5702a2ffec2701423183dd13911eda72e87d4a0074c9f15667c112499a_2024-11-01_740383_740356,0901300010016,SAN JUAN,0901500010007,CENTRO,2024-11-01,mañana,2025-11-18T17:54:05.795814+00:00,2025-11-18T17:54:05.795819+00:00
a1334a700bee13525a634c59c36dbe6369049417527ef07f9b7b1f9996f95138_2024-11-01_187909_187901,GEN_0fdc5f82cfb5,,0900300010023,LA CANDELARIA,2024-11-01,mañana,2025-11-18T17:54:05.795829+00:00,2025-11-18T17:54:05.795831+00:00
afb6de5d8c593f20533cddcc50302fc2a5a59cb7bdc1933080a92a30a4446c86_2024-11-01_2322943_2322978,0901500010026,ROMA SUR,0901600010057,POLANCO II SECCIÓN,2024-11-01,mañana,2025-11-18T17:54:05.795840+00:00,2025-11-18T17:54:05.795843+00:00
b210775061b75ea6025469bb1338bbd7133d6013d18920d4c931c6a5e966a3e2_2024-11-01_838873_838898,0900300010104,EL ROSEDAL,0900300010012,SAN LUCAS,2024-11-01,mañana,2025-11-18T17:54:05.795855+00:00,2025-11-18T17:54:05.795857+00:00
b47d4e11d04f1f25d63c03d01f9ecc009b5966e74626a36c7058c2c1c102cb4a_2024-11-01_487892_487859,0901500010018,JUÁREZ,0901500010007,CENTRO,2024-11-01,mañana,2025-11-18T17:54:05.795866+00:00,2025-11-18T17:54:05.795869+00:00
b6a681c574d9719d6ea820f5e13a6e418b1160592045c505b44531ed601511c2_2024-11-01_2159763_2159743,0901600010059,POLANCO IV SECCIÓN,0901600010085,BOSQUE DE CHAPULTEPEC,2024-11-01,mañana,2025-11-18T17:54:05.795878+00:00,2025-11-18T17:54:05.795880+00:00
b797c0d44f349d1e242db451331bfa11ac5b7f208746b6039e007c1750109ce3_2024-11-01_1988839_1988837,0901600010085,BOSQUE DE CHAPULTEPEC,0901500010015,GUERRERO,2024-11-01,mañana,2025-11-18T17:54:05.795890+00:00,2025-11-18T17:54:05.795892+00:00
c0220d7872d5b6fa2d6767aa06cb0ac87d2ecb01e72de6dd7e4750f9a900b9c9_2024-11-01_2787438_2787480,0901500010010,CUAUHTÉMOC,0901500010018,JUÁREZ,2024-11-01,mañana,2025-11-18T17:54:05.795901+00:00,2025-11-18T17:54:05.795904+00:00
c75faab869f517d00c9994f27e30d1520dd217449f17d00cfc209b2d24783769_2024-11-01_1407388_1407384,0901500010010,CUAUHTÉMOC,0901500010018,JUÁREZ,2024-11-01,mañana,2025-11-18T17:54:05.795913+00:00,2025-11-18T17:54:05.795915+00:00
cb371a073f2d4877ce2f22670a8d263a34e59d8ad8a7a961dd3ff1f5a485893d_2024-11-01_2265730_2265709,0901500010009,CONDESA,0901600010058,POLANCO III SECCIÓN,2024-11-01,mañana,2025-11-18T17:54:05.795925+00:00,2025-11-18T17:54:05.795927+00:00
cb6af6d6a727a68d1de8f655afe72c1ed110153452df4245857d7f9698df829a_2024-11-01_2757801_2757798,0901500010010,CUAUHTÉMOC,0901500010018,JUÁREZ,2024-11-01,mañana,2025-11-18T17:54:05.795937+00:00,2025-11-18T17:54:05.795939+00:00
d2e3a92afc33a8405593d2548ffcdb3683852d23deeccc7a0e92f35f90a3d548_2024-11-01_3154347_3154348,0901500010007,CENTRO,0901500010020,MORELOS,2024-11-01,noche,2025-11-18T17:54:05.795948+00:00,2025-11-18T17:54:05.795951+00:00
d3b6c6bd2057856aa9c1471bfac701fdb70af4756698771cab8758da97d7df6b_2024-11-01_4512060_4511884,0901600010056,POLANCO I SECCIÓN,0900400010060,SANTA FE CUAJIMALPA,2024-11-01,mañana,2025-11-18T17:54:05.795960+00:00,2025-11-18T17:54:05.795962+00:00
d78a9275c939f98dbeddffd06425984860304b06ae4ffbb80eb1e15d22fbda34_2024-11-01_3482632_3482649,0901500010018,JUÁREZ,0901600010058,POLANCO III SECCIÓN,2024-11-01,mañana,2025-11-18T17:54:05.795974+00:00,2025-11-18T17:54:05.795977+00:00
d86bfdd77346ca0ae81e47e700171611d622f0d3cd64b5fcaf15b142c2010712_2024-11-01_4509862_4509845,0901500010018,JUÁREZ,0901500010010,CUAUHTÉMOC,2024-11-01,mañana,2025-11-18T17:54:05.795986+00:00,2025-11-18T17:54:05.795989+00:00
dbf2f64793b4db2f69a5c461ed613c17908c40e8c6749e2331f145702ee29eb8_2024-11-01_909043_908939,0901500010007,CENTRO,0901500010025,ROMA NORTE,2024-11-01,mañana,2025-11-18T17:54:05.795998+00:00,2025-11-18T17:54:05.796000+00:00
e00ae701748eebae85d3251a692fe123d75119a6893fde96a3583227b89e5a19_2024-11-01_1906125_1906170,0901500010023,PERALVILLO,0901600010058,POLANCO III SECCIÓN,2024-11-01,mañana,2025-11-18T17:54:05.796010+00:00,2025-11-18T17:54:05.796012+00:00
e1cb8f176f491ddf9b1efbd22d3b163d5e4bed21f291ae584199a050dbc8c63d_2024-11-01_3672965_3672966,0901500010023,PERALVILLO,0901600010058,POLANCO III SECCIÓN,2024-11-01,mañana,2025-11-18T17:54:05.796022+00:00,2025-11-18T17:54:05.796024+00:00
e48191915effe9f7dffa07d85ff1399b8600d85e0acdfebb68b081af4d85a3cd_2024-11-01_994872_994985,0901600010059,POLANCO IV SECCIÓN,0901600010057,POLANCO II SECCIÓN,2024-11-01,mañana,2025-11-18T17:54:05.796036+00:00,2025-11-18T17:54:05.796039+00:00
eaa141bbdabaf79587d178fcf5f2e861366b91e84d1700b6b7e0598e99c041d1_2024-11-01_2855569_2855583,0901200010184,TLALPAN,0900400010060,SANTA FE CUAJIMALPA,2024-11-01,mañana,2025-11-18T17:54:05.796048+00:00,2025-11-18T17:54:05.796051+00:00
ec6b276ba8eee5d8d570831d8508896b1a872ebed8d987a208d800c8c80e42f2_2024-11-01_3145919_3145927,0901500010016,HIPÓDROMO,0901500010025,ROMA NORTE,2024-11-01,mañana,2025-11-18T17:54:05.796060+00:00,2025-11-18T17:54:05.796062+00:00
ec78836c352bf50b9b5ac3cc7d0052ff032acadf802b4cfd93be13da363873a2_2024-11-01_1598188_1598144,0901500010010,CUAUHTÉMOC,0900500010193,TEPEYAC INSURGENTES,2024-11-01,mañana,2025-11-18T17:54:05.796072+00:00,2025-11-18T17:54:05.796075+00:00
ee4c399d9ed0c78a8cd0c70b5f4a8a6eab1e7607529657a7be60c9e33d932715_2024-11-01_2851635_2851671,0901600010059,POLANCO IV SECCIÓN,0901600010058,POLANCO III SECCIÓN,2024-11-01,mañana,2025-11-18T17:54:05.796094+00:00,2025-11-18T17:54:05.796097+00:00
f16cbe701e7e57182f9d55580943298022b1366164151a55acc10a56963931fd_2024-11-01_449491_449465,0901600010085,BOSQUE DE CHAPULTEPEC,0901500010009,CONDESA,2024-11-01,noche,2025-11-18T17:54:05.796107+00:00,2025-11-18T17:54:05.796110+00:00
f4da86e621ed4f4f4aa98807fa1009f1bb1cdc6e7cfd4326ec14bc62204f057a_2024-11-01_1272332_1272311,0901500010016,HIPÓDROMO,0901500010007,CENTRO,2024-11-01,mañana,2025-11-18T17:54:05.796119+00:00,2025-11-18T17:54:05.796122+00:00
f50750e507b305edcafe8c995b8b79431168b536983271d769f7e59c26c52d19_2024-11-01_3187186_3187188,0901500010018,JUÁREZ,0901600010059,POLANCO IV SECCIÓN,2024-11-01,mañana,2025-11-18T17:54:05.796131+00:00,2025-11-18T17:54:05.796134+00:00
f7151734a15b8e6d2a8d1966685395e2c5442d5c90e1d2671a3a2ab1002394a0_2024-11-01_3491549_3491505,GEN_cfb2e3c7d056,,0900300010099,DE SANTA ÚRSULA COAPA,2024-11-01,mañana,2025-11-18T17:54:05.796143+00:00,2025-11-18T17:54:05.796146+00:00
feef8e094c3769a2bac584089b8a953d3205523cfe47fc119f34dcc524cd1342_2024-11-01_2654471_2654458,0901500010025,ROMA NORTE,0901500010018,JUÁREZ,2024-11-01,mañana,2025-11-18T17:54:05.796155+00:00,2025-11-18T17:54:05.796158+00:00
ffe5048519f7d3365e303492bba4cd57436cfa2bb7d4449d9d294f1608bfa677_2024-11-01_2615540_2615537,0901500010025,ROMA NORTE,0901500010016,HIPÓDROMO,2024-11-01,madrugada,2025-11-18T17:54:05.796167+00:00,2025-11-18T17:54:05.796170+00:00
