{"type": "FeatureCollection", "name": "cdmx-alcaldias", "features": [{"type": "Feature", "id": 2, "properties": {"cve_mun": "002", "name": "Azcapotzalco"}, "geometry": {"type": "Polygon", "coordinates": [[[-99.21448, 19.47328], [-99.22112, 19.47507], [-99.2205, 19.47772], [-99.2135, 19.49828], [-99.21016, 19.51114], [-99.20897, 19.51268], [-99.20467, 19.51514], [-99.1919, 19.51127], [-99.1915, 19.51058], [-99.18843, 19.50995], [-99.18229, 19.50747], [-99.17705, 19.50619], [-99.17554, 19.50746], [-99.17304, 19.50859], [-99.16708, 19.50609], [-99.15695, 19.50272], [-99.14305, 19.46544], [-99.14312, 19.46506], [-99.14524, 19.46432], [-99.15031, 19.46296], [-99.15758, 19.46408], [-99.15885, 19.46384], [-99.15955, 19.46332], [-99.16105, 19.46097], [-99.16293, 19.45934], [-99.16371, 19.45643], [-99.18539, 19.46001], [-99.18848, 19.46078], [-99.188, 19.46381], [-99.19073, 19.46467], [-99.19044, 19.47046], [-99.19096, 19.47063], [-99.20068, 19.47335], [-99.20497, 19.47219], [-99.20682, 19.47122], [-99.21448, 19.47328]]]}}, {"type": "Feature", "id": 3, "properties": {"cve_mun": "003", "name": "Coyoacán"}, "geometry": {"type": "Polygon", "coordinates": [[[-99.18143, 19.30337], [-99.19505, 19.30205], [-99.19716, 19.30256], [-99.20127, 19.30464], [-99.20575, 19.30568], [-99.20555, 19.30672], [-99.20524, 19.3063], [-99.20025, 19.31116], [-99.20118, 19.31146], [-99.20118, 19.31195], [-99.19493, 19.32203], [-99.1947, 19.33023], [-99.19627, 19.33268], [-99.19629, 19.33363], [-99.19992, 19.33323], [-99.19982, 19.33351], [-99.19806, 19.33548], [-99.19124, 19.33688], [-99.19025, 19.33798], [-99.19032, 19.33868], [-99.19005, 19.33859], [-99.18766, 19.34102], [-99.18681, 19.34128], [-99.18651, 19.34193], [-99.18478, 19.34344], [-99.18404, 19.34365], [-99.18287, 19.34658], [-99.18179, 19.34735], [-99.18055, 19.34724], [-99.17993, 19.34964], [-99.17299, 19.35675], [-99.17171, 19.35957], [-99.17056, 19.35889], [-99.1692, 19.3586], [-99.13427, 19.35654], [-99.13237, 19.35712], [-99.13118, 19.35866], [-99.12198, 19.35766], [-99.12145, 19.35392], [-99.12078, 19.35184], [-99.12024, 19.35056], [-99.11557, 19.34326], [-99.11448, 19.34079], [-99.11391, 19.33734], [-99.11293, 19.33537], [-99.11193, 19.33396], [-99.11017, 19.3327], [-99.10972, 19.33147], [-99.10759, 19.32829], [-99.10419, 19.32481], [-99.10084, 19.32284], [-99.0993, 19.3211], [-99.09908, 19.32044], [-99.09929, 19.32045], [-99.10093, 19.30002], [-99.10921, 19.29962], [-99.11681, 19.30142], [-99.12297, 19.30329], [-99.13472, 19.30829], [-99.14262, 19.29961], [-99.14525, 19.30062], [-99.14713, 19.30096], [-99.14741, 19.30129], [-99.15162, 19.29801], [-99.15666, 19.29684], [-99.15905, 19.29975], [-99.1616, 19.30112], [-99.17713, 19.30332], [-99.18143, 19.30337]]]}}, {"type": "Feature", "id": 4, "properties": {"cve_mun": "004", "name": "Cuajimalpa de Morelos"}, "geometry": {"type": "Polygon", "coordinates": [[[-99.29981, 19.3219], [-99.30017, 19.3223], [-99.30053, 19.32225], [-99.30067, 19.32021], [-99.30125, 19.31872], [-99.30179, 19.31841], [-99.30126, 19.31771], [-99.30004, 19.31397], [-99.30049, 19.31245], [-99.30109, 19.31221], [-99.30129, 19.30951], [-99.30171, 19.30951], [-99.3033, 19.31114], [-99.30429, 19.30942], [-99.30503, 19.30906], [-99.30591, 19.30725], [-99.30637, 19.30724], [-99.30702, 19.30797], [-99.30736, 19.30787], [-99.30785, 19.30575], [-99.30879, 19.3051], [-99.30942, 19.30546], [-99.30942, 19.30678], [-99.31015, 19.30758], [-99.31075, 19.30676], [-99.31157, 19.30681], [-99.31223, 19.30555], [-99.31197, 19.30434], [-99.3131, 19.30409], [-99.3136, 19.30359], [-99.31399, 19.30144], [-99.31514, 19.30129], [-99.31644, 19.3], [-99.31589, 19.29917], [-99.31716, 19.29582], [-99.31712, 19.2934], [-99.31656, 19.29088], [-99.31574, 19.2899], [-99.31667, 19.28614], [-99.31582, 19.28371], [-99.31573, 19.2822], [-99.31627, 19.27977], [-99.3167, 19.27931], [-99.31738, 19.27487], [-99.31878, 19.27322], [-99.32364, 19.26509], [-99.32352, 19.25074], [-99.32432, 19.23261], [-99.32672, 19.23257], [-99.33082, 19.23794], [-99.34234, 19.24112], [-99.34207, 19.24754], [-99.33986, 19.25965], [-99.33763, 19.26404], [-99.33916, 19.2677], [-99.34094, 19.2678], [-99.34469, 19.26948], [-99.34585, 19.27081], [-99.3463, 19.27202], [-99.34821, 19.27396], [-99.36192, 19.27574], [-99.36492, 19.27777], [-99.35358, 19.29193], [-99.35454, 19.29329], [-99.35149, 19.29415], [-99.35126, 19.29497], [-99.35292, 19.29605], [-99.3535, 19.2974], [-99.34999, 19.29684], [-99.35627, 19.30201], [-99.35661, 19.30668], [-99.33384, 19.33059], [-99.33231, 19.33352], [-99.33115, 19.33978], [-99.33067, 19.34006], [-99.32973, 19.34162], [-99.32827, 19.3452], [-99.32888, 19.34562], [-99.32845, 19.34682], [-99.3287, 19.3479], [-99.32833, 19.34949], [-99.32885, 19.35036], [-99.32882, 19.3521], [-99.32848, 19.35309], [-99.32743, 19.35413], [-99.32639, 19.35367], [-99.32329, 19.35834], [-99.32222, 19.35866], [-99.32011, 19.35772], [-99.31915, 19.35763], [-99.31813, 19.35816], [-99.3207, 19.36044], [-99.31954, 19.36362], [-99.31812, 19.36416], [-99.31761, 19.36573], [-99.31686, 19.36631], [-99.31539, 19.36589], [-99.31309, 19.37045], [-99.31071, 19.37041], [-99.30928, 19.37158], [-99.30776, 19.37156], [-99.30613, 19.3736], [-99.30501, 19.37683], [-99.30348, 19.37783], [-99.30131, 19.37708], [-99.30194, 19.37576], [-99.30096, 19.37177], [-99.30089, 19.37062], [-99.30123, 19.3697], [-99.29902, 19.36752], [-99.29844, 19.36888], [-99.29792, 19.36932], [-99.29559, 19.36908], [-99.29477, 19.36986], [-99.29389, 19.37015], [-99.29323, 19.37192], [-99.29206, 19.37328], [-99.29118, 19.37349], [-99.29061, 19.37502], [-99.28864, 19.37511], [-99.28767, 19.37668], [-99.2857, 19.37644], [-99.28567, 19.37763], [-99.28507, 19.378], [-99.28504, 19.37905], [-99.28446, 19.37976], [-99.28381, 19.37967], [-99.28283, 19.3814], [-99.28177, 19.38148], [-99.28004, 19.38227], [-99.27604, 19.38558], [-99.27607, 19.38519], [-99.27369, 19.38704], [-99.27243, 19.38968], [-99.26957, 19.39038], [-99.26948, 19.39136], [-99.26816, 19.39245], [-99.2671, 19.39207], [-99.26599, 19.39274], [-99.266, 19.3932], [-99.26511, 19.39319], [-99.2651, 19.39373], [-99.26172, 19.39599], [-99.26127, 19.3974], [-99.26146, 19.3985], [-99.26114, 19.39965], [-99.25907, 19.40146], [-99.25883, 19.40375], [-99.25813, 19.40476], [-99.2577, 19.40485], [-99.25823, 19.40253], [-99.25698, 19.40043], [-99.25601, 19.40254], [-99.25604, 19.40356], [-99.25581, 19.40357], [-99.25523, 19.40151], [-99.25525, 19.39868], [-99.25568, 19.39726], [-99.25635, 19.39651], [-99.25963, 19.39431], [-99.25925, 19.3926], [-99.25879, 19.39243], [-99.25667, 19.39287], [-99.25484, 19.39371], [-99.25436, 19.39415], [-99.25493, 19.39496], [-99.25475, 19.39522], [-99.25256, 19.39352], [-99.25063, 19.3937], [-99.24925, 19.39343], [-99.24799, 19.39427], [-99.24704, 19.39418], [-99.24674, 19.39354], [-99.24695, 19.39266], [-99.24781, 19.39186], [-99.24853, 19.39041], [-99.24833, 19.38769], [-99.24765, 19.38596], [-99.25033, 19.38383], [-99.25691, 19.37961], [-99.26135, 19.37584], [-99.26326, 19.37496], [-99.26649, 19.37441], [-99.26758, 19.37337], [-99.26952, 19.37344], [-99.27016, 19.37263], [-99.26978, 19.37144], [-99.26838, 19.37181], [-99.26827, 19.37042], [-99.26911, 19.36906], [-99.26843, 19.36871], [-99.2672, 19.36935], [-99.26607, 19.37163], [-99.26549, 19.37204], [-99.26507, 19.37175], [-99.26672, 19.36781], [-99.26645, 19.36469], [-99.26683, 19.36355], [-99.26283, 19.36213], [-99.26113, 19.36083], [-99.25925, 19.35177], [-99.25933, 19.35017], [-99.25821, 19.34989], [-99.25933, 19.34895], [-99.25884, 19.34832], [-99.26224, 19.3467], [-99.26306, 19.34684], [-99.26343, 19.34615], [-99.26415, 19.34596], [-99.26424, 19.34531], [-99.26484, 19.34521], [-99.26498, 19.34468], [-99.26587, 19.34408], [-99.26678, 19.34407], [-99.26842, 19.34189], [-99.26949, 19.34201], [-99.2707, 19.34117], [-99.2785, 19.33773], [-99.28116, 19.33743], [-99.28106, 19.33701], [-99.28005, 19.33625], [-99.28021, 19.33523], [-99.28184, 19.33555], [-99.28381, 19.3366], [-99.28495, 19.33647], [-99.2875, 19.33115], [-99.28741, 19.33055], [-99.2867, 19.32977], [-99.28832, 19.33067], [-99.28837, 19.33132], [-99.28766, 19.33306], [-99.28796, 19.33348], [-99.28946, 19.3321], [-99.29118, 19.32935], [-99.29136, 19.32845], [-99.29078, 19.32665], [-99.29165, 19.32503], [-99.29174, 19.32421], [-99.29148, 19.32284], [-99.29056, 19.32222], [-99.29045, 19.32166], [-99.29075, 19.32133], [-99.29259, 19.3209], [-99.29332, 19.32034], [-99.29458, 19.31701], [-99.29492, 19.31695], [-99.29547, 19.31756], [-99.29646, 19.31723], [-99.29643, 19.31823], [-99.29688, 19.31876], [-99.2984, 19.31944], [-99.299, 19.32106], [-99.29974, 19.32174], [-99.29917, 19.32174], [-99.29981, 19.3219]], [[-99.29892, 19.3217], [-99.29879, 19.32171], [-99.29917, 19.32174], [-99.29892, 19.3217]], [[-99.34306, 19.30909], [-99.34304, 19.30904], [-99.34179, 19.31015], [-99.34202, 19.30995], [-99.34306, 19.30909]], [[-99.34127, 19.31062], [-99.34115, 19.31073], [-99.34179, 19.31015], [-99.34127, 19.31062]], [[-99.34188, 19.30618], [-99.34181, 19.30605], [-99.34194, 19.30619], [-99.34188, 19.30618]], [[-99.34052, 19.31141], [-99.34039, 19.31162], [-99.34085, 19.31101], [-99.34082, 19.31104], [-99.34052, 19.31141]], [[-99.34055, 19.30414], [-99.34069, 19.30408], [-99.34079, 19.30402], [-99.34069, 19.30408], [-99.34055, 19.30414]], [[-99.34002, 19.30424], [-99.34008, 19.30424], [-99.34025, 19.30423], [-99.34008, 19.30424], [-99.34002, 19.30424]], [[-99.33977, 19.30423], [-99.33984, 19.30423], [-99.33963, 19.3042], [-99.33977, 19.30423]], [[-99.33949, 19.30415], [-99.33935, 19.3041], [-99.33963, 19.3042], [-99.33949, 19.30415]], [[-99.33851, 19.30379], [-99.33854, 19.30379], [-99.33842, 19.3038], [-99.33851, 19.30379]], [[-99.33835, 19.30383], [-99.33826, 19.30386], [-99.33842, 19.3038], [-99.33835, 19.30383]], [[-99.33819, 19.30392], [-99.33816, 19.30394], [-99.33826, 19.30386], [-99.33819, 19.30392]], [[-99.33799, 19.30415], [-99.33766, 19.30393], [-99.33732, 19.30372], [-99.33811, 19.304], [-99.33799, 19.30415]], [[-99.33801, 19.31685], [-99.33812, 19.31654], [-99.33794, 19.31711], [-99.33801, 19.31685]], [[-99.3377, 19.31781], [-99.33762, 19.31808], [-99.33794, 19.31711], [-99.3377, 19.31781]], [[-99.33738, 19.31888], [-99.33729, 19.3191], [-99.33753, 19.3184], [-99.33746, 19.31862], [-99.33738, 19.31888]], [[-99.33596, 19.32079], [-99.33614, 19.32066], [-99.33639, 19.32046], [-99.33614, 19.32066], [-99.33596, 19.32079]], [[-99.33505, 19.3212], [-99.33539, 19.32108], [-99.33565, 19.32097], [-99.33539, 19.32108], [-99.33505, 19.3212]], [[-99.33416, 19.30159], [-99.33419, 19.30165], [-99.33426, 19.30169], [-99.33419, 19.30165], [-99.33416, 19.30159]], [[-99.33415, 19.30124], [-99.33415, 19.30127], [-99.33415, 19.30124], [-99.33415, 19.30124]], [[-99.3335, 19.32161], [-99.33346, 19.3219], [-99.33346, 19.32209], [-99.33346, 19.3219], [-99.3335, 19.32161]], [[-99.33346, 19.32209], [-99.33353, 19.32221], [-99.33346, 19.32209], [-99.33346, 19.32209]], [[-99.33316, 19.32415], [-99.33316, 19.32415], [-99.33315, 19.32408], [-99.33316, 19.32415]], [[-99.33305, 19.32384], [-99.3329, 19.32353], [-99.33315, 19.32408], [-99.33305, 19.32384]], [[-99.33288, 19.32262], [-99.33288, 19.32272], [-99.33288, 19.32308], [-99.33288, 19.32272], [-99.33288, 19.32262]], [[-99.33287, 19.32252], [-99.33298, 19.32254], [-99.33287, 19.32252], [-99.33287, 19.32252]], [[-99.33275, 19.32459], [-99.33275, 19.32492], [-99.33282, 19.32501], [-99.33275, 19.32492], [-99.33275, 19.32459]], [[-99.33274, 19.3282], [-99.33265, 19.3283], [-99.33231, 19.32859], [-99.33265, 19.3283], [-99.33274, 19.3282]], [[-99.33262, 19.30163], [-99.33266, 19.30158], [-99.33251, 19.30175], [-99.33262, 19.30163]], [[-99.33239, 19.30191], [-99.33212, 19.30227], [-99.33251, 19.30175], [-99.33239, 19.30191]], [[-99.33252, 19.32689], [-99.33255, 19.32708], [-99.33258, 19.32711], [-99.33255, 19.32708], [-99.33252, 19.32689]], [[-99.33168, 19.32957], [-99.33168, 19.32949], [-99.33169, 19.32943], [-99.33168, 19.32949], [-99.33168, 19.32957]], [[-99.33142, 19.30304], [-99.3313, 19.30309], [-99.3317, 19.30283], [-99.33157, 19.30294], [-99.33142, 19.30304]], [[-99.33148, 19.33438], [-99.33156, 19.33457], [-99.33156, 19.33491], [-99.33156, 19.33457], [-99.33148, 19.33438]], [[-99.33091, 19.30315], [-99.33111, 19.30313], [-99.33124, 19.3031], [-99.33111, 19.30313], [-99.33091, 19.30315]], [[-99.33069, 19.33224], [-99.33074, 19.33217], [-99.33086, 19.33195], [-99.33074, 19.33217], [-99.33069, 19.33224]], [[-99.33054, 19.33251], [-99.33052, 19.33273], [-99.33056, 19.33294], [-99.33052, 19.33273], [-99.33054, 19.33251]], [[-99.32955, 19.34059], [-99.32934, 19.34042], [-99.33, 19.34102], [-99.32974, 19.34078], [-99.32955, 19.34059]], [[-99.32895, 19.30326], [-99.32874, 19.30328], [-99.32865, 19.30337], [-99.32874, 19.30328], [-99.32895, 19.30326]], [[-99.32849, 19.34046], [-99.3282, 19.34057], [-99.32849, 19.34046], [-99.32849, 19.34046]], [[-99.32792, 19.30892], [-99.32793, 19.30938], [-99.32793, 19.30938], [-99.32792, 19.30892]], [[-99.32793, 19.30944], [-99.3279, 19.30991], [-99.32789, 19.31042], [-99.3279, 19.30991], [-99.32793, 19.30944]], [[-99.32782, 19.31122], [-99.3277, 19.31207], [-99.32789, 19.31042], [-99.32782, 19.31122]], [[-99.32768, 19.31265], [-99.32751, 19.31263], [-99.3277, 19.31207], [-99.32768, 19.31265]], [[-99.32768, 19.30378], [-99.32785, 19.30371], [-99.32807, 19.3037], [-99.32785, 19.30371], [-99.32768, 19.30378]], [[-99.32784, 19.30741], [-99.32784, 19.30742], [-99.32785, 19.30748], [-99.32784, 19.30742], [-99.32784, 19.30741]], [[-99.3278, 19.34069], [-99.32774, 19.34081], [-99.32736, 19.3407], [-99.32774, 19.34081], [-99.3278, 19.34069]], [[-99.32725, 19.34053], [-99.32711, 19.34048], [-99.32736, 19.3407], [-99.32725, 19.34053]], [[-99.32749, 19.31371], [-99.32749, 19.31371], [-99.32753, 19.31316], [-99.32749, 19.31371]], [[-99.32746, 19.31436], [-99.32748, 19.31428], [-99.32759, 19.31387], [-99.32748, 19.31428], [-99.32746, 19.31436]], [[-99.32673, 19.35367], [-99.32678, 19.35371], [-99.32678, 19.35371], [-99.32673, 19.35367]], [[-99.3265, 19.35308], [-99.3265, 19.3529], [-99.3265, 19.35308], [-99.3265, 19.35308]], [[-99.3261, 19.34118], [-99.32637, 19.34069], [-99.32663, 19.3407], [-99.32637, 19.34069], [-99.3261, 19.34118]], [[-99.32516, 19.35189], [-99.32607, 19.35247], [-99.32631, 19.35263], [-99.32607, 19.35247], [-99.32516, 19.35189]], [[-99.32556, 19.31673], [-99.32588, 19.31628], [-99.32637, 19.31559], [-99.32588, 19.31628], [-99.32556, 19.31673]], [[-99.32529, 19.31764], [-99.32506, 19.31923], [-99.32541, 19.3171], [-99.32529, 19.31764]], [[-99.32493, 19.35118], [-99.32497, 19.35144], [-99.32497, 19.35144], [-99.32493, 19.35118]], [[-99.32487, 19.31971], [-99.32492, 19.31962], [-99.32496, 19.31955], [-99.32492, 19.31962], [-99.32487, 19.31971]], [[-99.32475, 19.35101], [-99.32475, 19.35101], [-99.3248, 19.35091], [-99.32475, 19.35101]], [[-99.32459, 19.31999], [-99.3247, 19.31989], [-99.3248, 19.31979], [-99.3247, 19.31989], [-99.32459, 19.31999]], [[-99.32438, 19.34204], [-99.3239, 19.34186], [-99.32519, 19.34235], [-99.32466, 19.34206], [-99.32438, 19.34204]], [[-99.32442, 19.32009], [-99.32426, 19.32015], [-99.32408, 19.3202], [-99.32426, 19.32015], [-99.32442, 19.32009]], [[-99.32372, 19.34893], [-99.32381, 19.34906], [-99.32385, 19.34911], [-99.32381, 19.34906], [-99.32372, 19.34893]], [[-99.32377, 19.34272], [-99.32373, 19.34298], [-99.32373, 19.34306], [-99.32373, 19.34298], [-99.32377, 19.34272]], [[-99.3231, 19.34109], [-99.32309, 19.34106], [-99.3231, 19.34109], [-99.32311, 19.34125], [-99.32311, 19.34129], [-99.3231, 19.34109]], [[-99.32302, 19.34715], [-99.32303, 19.34716], [-99.32318, 19.34743], [-99.32303, 19.34716], [-99.32302, 19.34715]], [[-99.32276, 19.31971], [-99.32243, 19.31948], [-99.32313, 19.32001], [-99.32301, 19.31992], [-99.32276, 19.31971]], [[-99.3229, 19.34065], [-99.32296, 19.34069], [-99.32296, 19.34069], [-99.3229, 19.34065]], [[-99.32188, 19.34732], [-99.32248, 19.34696], [-99.32287, 19.34681], [-99.32248, 19.34696], [-99.32188, 19.34732]], [[-99.32208, 19.33811], [-99.32238, 19.33833], [-99.32255, 19.33846], [-99.32238, 19.33833], [-99.32208, 19.33811]], [[-99.3219, 19.31936], [-99.32181, 19.31939], [-99.32209, 19.31936], [-99.32201, 19.31935], [-99.3219, 19.31936]], [[-99.32187, 19.3378], [-99.32188, 19.33794], [-99.32187, 19.3378], [-99.32187, 19.3378]], [[-99.32073, 19.32041], [-99.32149, 19.31962], [-99.3217, 19.31944], [-99.32149, 19.31962], [-99.32073, 19.32041]], [[-99.32036, 19.34453], [-99.3202, 19.34464], [-99.32074, 19.34468], [-99.32074, 19.34468], [-99.32036, 19.34453]], [[-99.3207, 19.33661], [-99.32073, 19.33664], [-99.32075, 19.33672], [-99.32073, 19.33664], [-99.3207, 19.33661]], [[-99.32061, 19.34529], [-99.32021, 19.34585], [-99.32061, 19.34529], [-99.32061, 19.34529]], [[-99.32045, 19.33759], [-99.32058, 19.33782], [-99.32058, 19.33782], [-99.32045, 19.33759]], [[-99.32042, 19.33681], [-99.32052, 19.3368], [-99.32063, 19.33681], [-99.32052, 19.3368], [-99.32042, 19.33681]], [[-99.32038, 19.33645], [-99.32048, 19.33648], [-99.3206, 19.33655], [-99.32048, 19.33648], [-99.32038, 19.33645]], [[-99.32047, 19.33802], [-99.32054, 19.33788], [-99.32047, 19.33802], [-99.32047, 19.33802]], [[-99.31969, 19.34699], [-99.31991, 19.34659], [-99.31993, 19.34654], [-99.31991, 19.34659], [-99.31969, 19.34699]], [[-99.31954, 19.33329], [-99.31979, 19.33257], [-99.31988, 19.33234], [-99.31979, 19.33257], [-99.31954, 19.33329]], [[-99.31958, 19.34458], [-99.31964, 19.3446], [-99.31971, 19.34463], [-99.31964, 19.3446], [-99.31958, 19.34458]], [[-99.31964, 19.33462], [-99.31961, 19.33477], [-99.31964, 19.33462], [-99.31964, 19.33462]], [[-99.31955, 19.33336], [-99.31962, 19.33387], [-99.3196, 19.33427], [-99.31962, 19.33387], [-99.31955, 19.33336]], [[-99.3203, 19.32097], [-99.31961, 19.32198], [-99.31947, 19.3222], [-99.31961, 19.32198], [-99.3203, 19.32097]], [[-99.31944, 19.33527], [-99.31946, 19.33551], [-99.31955, 19.33567], [-99.31946, 19.33551], [-99.31944, 19.33527]], [[-99.31922, 19.32817], [-99.31934, 19.32843], [-99.3194, 19.32854], [-99.31934, 19.32843], [-99.31922, 19.32817]], [[-99.31908, 19.32658], [-99.31912, 19.32668], [-99.31912, 19.32668], [-99.31908, 19.32658]], [[-99.31897, 19.3274], [-99.31897, 19.32742], [-99.31899, 19.32749], [-99.31897, 19.32742], [-99.31897, 19.3274]], [[-99.31901, 19.32761], [-99.31897, 19.32765], [-99.31897, 19.32766], [-99.31897, 19.32765], [-99.31901, 19.32761]], [[-99.31907, 19.32676], [-99.31909, 19.32673], [-99.31892, 19.3271], [-99.31897, 19.32692], [-99.31907, 19.32676]], [[-99.31867, 19.34466], [-99.31895, 19.34465], [-99.31899, 19.34459], [-99.31895, 19.34465], [-99.31867, 19.34466]], [[-99.31841, 19.32474], [-99.31838, 19.3248], [-99.31883, 19.32382], [-99.31873, 19.32408], [-99.31841, 19.32474]], [[-99.31849, 19.34517], [-99.3184, 19.34541], [-99.31846, 19.34551], [-99.3184, 19.34541], [-99.31849, 19.34517]], [[-99.31779, 19.32701], [-99.31794, 19.3269], [-99.31772, 19.32709], [-99.31779, 19.32701]], [[-99.31767, 19.3272], [-99.31757, 19.32751], [-99.31772, 19.32709], [-99.31767, 19.3272]], [[-99.3171, 19.34673], [-99.31706, 19.34693], [-99.3173, 19.34629], [-99.3172, 19.34643], [-99.3171, 19.34673]], [[-99.31745, 19.3264], [-99.31705, 19.3271], [-99.31684, 19.3279], [-99.31705, 19.3271], [-99.31745, 19.3264]], [[-99.31698, 19.32925], [-99.31697, 19.3292], [-99.31694, 19.32915], [-99.31697, 19.3292], [-99.31698, 19.32925]], [[-99.31691, 19.32912], [-99.31686, 19.3291], [-99.31694, 19.32915], [-99.31691, 19.32912]], [[-99.31668, 19.32889], [-99.31669, 19.32917], [-99.31673, 19.32914], [-99.31668, 19.32889]], [[-99.31505, 19.35945], [-99.31511, 19.35941], [-99.31505, 19.35945], [-99.31505, 19.35945]], [[-99.31362, 19.35924], [-99.31368, 19.35906], [-99.31368, 19.35906], [-99.31362, 19.35924], [-99.31368, 19.35938], [-99.31362, 19.35924]], [[-99.31308, 19.34582], [-99.3136, 19.34602], [-99.31399, 19.34621], [-99.3136, 19.34602], [-99.31308, 19.34582]], [[-99.3132, 19.34026], [-99.31316, 19.3404], [-99.3132, 19.34026], [-99.3132, 19.34026]], [[-99.31314, 19.3401], [-99.3132, 19.34016], [-99.3132, 19.34023], [-99.3132, 19.34016], [-99.31314, 19.3401]], [[-99.31278, 19.34266], [-99.31289, 19.34181], [-99.31278, 19.34266], [-99.31278, 19.34266]], [[-99.31278, 19.34266], [-99.31278, 19.34266], [-99.31278, 19.34266], [-99.31278, 19.34266]], [[-99.31269, 19.35924], [-99.31269, 19.35924], [-99.31271, 19.3593], [-99.31269, 19.35924]], [[-99.31241, 19.34558], [-99.31247, 19.3456], [-99.31241, 19.34558], [-99.31241, 19.34558]], [[-99.31185, 19.35972], [-99.31178, 19.35969], [-99.31219, 19.35967], [-99.31185, 19.35972]], [[-99.31118, 19.35934], [-99.31113, 19.35932], [-99.31135, 19.35945], [-99.31118, 19.35934]], [[-99.31099, 19.35924], [-99.31099, 19.35924], [-99.31106, 19.35928], [-99.31099, 19.35924]], [[-99.31037, 19.33873], [-99.31081, 19.33893], [-99.31115, 19.33913], [-99.31081, 19.33893], [-99.31037, 19.33873]], [[-99.30977, 19.3594], [-99.30964, 19.35924], [-99.3101, 19.35899], [-99.30977, 19.3594]], [[-99.30938, 19.35928], [-99.30935, 19.35931], [-99.3094, 19.35922], [-99.30938, 19.35928]], [[-99.30904, 19.35973], [-99.30867, 19.36023], [-99.30815, 19.36027], [-99.30867, 19.36023], [-99.30904, 19.35973]], [[-99.30864, 19.33923], [-99.30886, 19.33892], [-99.30902, 19.33867], [-99.30886, 19.33892], [-99.30864, 19.33923]], [[-99.30738, 19.34008], [-99.30684, 19.34009], [-99.30796, 19.34009], [-99.3082, 19.33981], [-99.30738, 19.34008]], [[-99.30526, 19.36162], [-99.3049, 19.36118], [-99.30526, 19.36162], [-99.30573, 19.36133], [-99.30526, 19.36162]], [[-99.30531, 19.36478], [-99.30464, 19.36333], [-99.30539, 19.36505], [-99.30531, 19.36478]], [[-99.30491, 19.36223], [-99.30439, 19.36144], [-99.30491, 19.36223], [-99.30464, 19.36333], [-99.30491, 19.36223]], [[-99.30519, 19.36589], [-99.3053, 19.36565], [-99.30519, 19.3659], [-99.30519, 19.36589]], [[-99.30476, 19.36085], [-99.30453, 19.36121], [-99.30476, 19.36085], [-99.30476, 19.36085]], [[-99.3043, 19.36631], [-99.30424, 19.36661], [-99.30413, 19.36711], [-99.3043, 19.36631], [-99.30471, 19.3662], [-99.3043, 19.36631]], [[-99.30256, 19.33999], [-99.30334, 19.34018], [-99.30424, 19.34025], [-99.30334, 19.34018], [-99.30256, 19.33999]], [[-99.30229, 19.36978], [-99.30229, 19.36978], [-99.30236, 19.36917], [-99.30229, 19.36978]], [[-99.30193, 19.34089], [-99.30212, 19.34046], [-99.30223, 19.34031], [-99.30212, 19.34046], [-99.30193, 19.34089]], [[-99.30166, 19.34159], [-99.30169, 19.34129], [-99.30166, 19.34189], [-99.30166, 19.34159]], [[-99.30164, 19.342], [-99.30133, 19.34277], [-99.30166, 19.34189], [-99.30164, 19.342]], [[-99.30111, 19.34325], [-99.30115, 19.34322], [-99.3013, 19.34296], [-99.30115, 19.34322], [-99.30111, 19.34325]], [[-99.30106, 19.3433], [-99.3011, 19.34358], [-99.30106, 19.3433], [-99.30106, 19.3433]], [[-99.29939, 19.34348], [-99.29903, 19.34348], [-99.29881, 19.3435], [-99.30002, 19.34327], [-99.29939, 19.34348]], [[-99.29774, 19.32185], [-99.29796, 19.32191], [-99.29809, 19.32192], [-99.29796, 19.32191], [-99.29774, 19.32185]], [[-99.29777, 19.34367], [-99.29782, 19.34362], [-99.29812, 19.34356], [-99.29782, 19.34362], [-99.29777, 19.34367]], [[-99.29658, 19.32629], [-99.29688, 19.32662], [-99.29669, 19.32684], [-99.29688, 19.32662], [-99.29658, 19.32629]], [[-99.29627, 19.32566], [-99.29684, 19.32604], [-99.29684, 19.32604], [-99.29627, 19.32566], [-99.29601, 19.32594], [-99.29627, 19.32566]], [[-99.29505, 19.32507], [-99.29478, 19.32472], [-99.29601, 19.32594], [-99.29505, 19.32507]], [[-99.29665, 19.32102], [-99.2967, 19.32103], [-99.29697, 19.32113], [-99.2967, 19.32103], [-99.29665, 19.32102]], [[-99.29551, 19.34433], [-99.29561, 19.34436], [-99.2959, 19.34426], [-99.29561, 19.34436], [-99.29551, 19.34433]], [[-99.29526, 19.34439], [-99.29526, 19.34438], [-99.2953, 19.34431], [-99.29526, 19.34438], [-99.29526, 19.34439]], [[-99.29484, 19.32073], [-99.29492, 19.32077], [-99.29499, 19.3208], [-99.29492, 19.32077], [-99.29484, 19.32073]], [[-99.2948, 19.34456], [-99.29498, 19.34441], [-99.29475, 19.34458], [-99.2948, 19.34456]], [[-99.29436, 19.34458], [-99.29418, 19.34467], [-99.29475, 19.34458], [-99.29436, 19.34458]], [[-99.29399, 19.34481], [-99.2932, 19.34505], [-99.29418, 19.34467], [-99.29399, 19.34481]], [[-99.29434, 19.31973], [-99.29437, 19.31974], [-99.29444, 19.31981], [-99.29437, 19.31974], [-99.29434, 19.31973]], [[-99.29431, 19.32015], [-99.29434, 19.32057], [-99.29406, 19.32117], [-99.29434, 19.32057], [-99.29431, 19.32015]], [[-99.29384, 19.32264], [-99.29384, 19.32264], [-99.29427, 19.32237], [-99.29384, 19.32264]], [[-99.29391, 19.33428], [-99.29422, 19.33411], [-99.29505, 19.33346], [-99.29422, 19.33411], [-99.29391, 19.33428]], [[-99.29407, 19.32391], [-99.29417, 19.32403], [-99.2944, 19.32426], [-99.29417, 19.32403], [-99.29407, 19.32391]], [[-99.29406, 19.32329], [-99.29407, 19.3233], [-99.29407, 19.3233], [-99.29407, 19.3233], [-99.29406, 19.32329]], [[-99.29402, 19.32383], [-99.29411, 19.32359], [-99.29402, 19.32383], [-99.29402, 19.32383]], [[-99.29396, 19.3228], [-99.29393, 19.32275], [-99.29398, 19.3229], [-99.29396, 19.3228]], [[-99.29391, 19.32297], [-99.2939, 19.32308], [-99.29398, 19.3229], [-99.29391, 19.32297]], [[-99.29225, 19.33711], [-99.29306, 19.33777], [-99.29306, 19.33777], [-99.29225, 19.33711]], [[-99.29185, 19.34137], [-99.29253, 19.34171], [-99.29253, 19.34171], [-99.29185, 19.34137]], [[-99.29224, 19.33662], [-99.2924, 19.33625], [-99.29224, 19.33662], [-99.29224, 19.33662]], [[-99.29157, 19.34016], [-99.29209, 19.34052], [-99.29209, 19.34052], [-99.29157, 19.34016]], [[-99.29119, 19.34289], [-99.2916, 19.34275], [-99.29217, 19.34231], [-99.2916, 19.34275], [-99.29119, 19.34289]], [[-99.29085, 19.34528], [-99.2915, 19.34494], [-99.29183, 19.3449], [-99.2915, 19.34494], [-99.29085, 19.34528]], [[-99.28729, 19.34758], [-99.28729, 19.34758], [-99.28817, 19.34691], [-99.28729, 19.34758], [-99.28729, 19.34758]], [[-99.28663, 19.34703], [-99.28672, 19.34708], [-99.28663, 19.34703], [-99.28663, 19.34703]]]}}, {"type": "Feature", "id": 5, "properties": {"cve_mun": "005", "name": "Gustavo A. Madero"}, "geometry": {"type": "Polygon", "coordinates": [[[-99.12565, 19.54205], [-99.12815, 19.53939], [-99.13057, 19.53609], [-99.12737, 19.53508], [-99.12738, 19.53171], [-99.12818, 19.52588], [-99.128, 19.52453], [-99.12738, 19.52407], [-99.12528, 19.5205], [-99.12101, 19.51629], [-99.11688, 19.51324], [-99.11593, 19.51305], [-99.11441, 19.51106], [-99.11059, 19.51117], [-99.10943, 19.51031], [-99.10897, 19.51111], [-99.10865, 19.51049], [-99.10784, 19.51046], [-99.10764, 19.51103], [-99.1073, 19.50969], [-99.10674, 19.51045], [-99.10593, 19.50989], [-99.10343, 19.51129], [-99.0974, 19.51263], [-99.07722, 19.50388], [-99.06386, 19.49878], [-99.06799, 19.48908], [-99.06485, 19.48184], [-99.06328, 19.48127], [-99.06361, 19.47997], [-99.063, 19.47982], [-99.06336, 19.47861], [-99.05087, 19.45018], [-99.05256, 19.44842], [-99.06229, 19.44479], [-99.06738, 19.44664], [-99.0686, 19.44648], [-99.0781, 19.44975], [-99.08088, 19.45016], [-99.08716, 19.44577], [-99.08793, 19.44686], [-99.09322, 19.4516], [-99.09474, 19.45176], [-99.0997, 19.44994], [-99.10137, 19.44994], [-99.11162, 19.45371], [-99.11727, 19.45807], [-99.12755, 19.46153], [-99.13334, 19.46485], [-99.14081, 19.46535], [-99.14193, 19.46582], [-99.14312, 19.46506], [-99.14319, 19.46605], [-99.15695, 19.50272], [-99.16298, 19.51796], [-99.16996, 19.52206], [-99.17418, 19.52347], [-99.17463, 19.52407], [-99.17137, 19.52719], [-99.17536, 19.53009], [-99.17615, 19.52887], [-99.17705, 19.52933], [-99.17628, 19.53064], [-99.17601, 19.53204], [-99.16767, 19.52925], [-99.15916, 19.5269], [-99.1568, 19.52809], [-99.1586, 19.52886], [-99.15585, 19.53244], [-99.15851, 19.53392], [-99.15804, 19.53529], [-99.15411, 19.54008], [-99.15108, 19.54485], [-99.15865, 19.54832], [-99.15853, 19.54882], [-99.15938, 19.54898], [-99.15921, 19.5492], [-99.1609, 19.54926], [-99.15809, 19.55369], [-99.15757, 19.55505], [-99.1581, 19.55735], [-99.15614, 19.56015], [-99.15424, 19.56138], [-99.15281, 19.56196], [-99.15162, 19.56138], [-99.1509, 19.56052], [-99.14919, 19.56201], [-99.146, 19.5659], [-99.14581, 19.56875], [-99.14476, 19.57083], [-99.14367, 19.57218], [-99.13957, 19.5754], [-99.13914, 19.57847], [-99.1379, 19.58113], [-99.13376, 19.58489], [-99.13376, 19.58624], [-99.12699, 19.58851], [-99.12371, 19.59276], [-99.11946, 19.59199], [-99.11789, 19.59059], [-99.1186, 19.58446], [-99.11691, 19.58144], [-99.11466, 19.5798], [-99.11182, 19.56873], [-99.1081, 19.56489], [-99.11572, 19.55666], [-99.11562, 19.55404], [-99.11848, 19.55219], [-99.12104, 19.54913], [-99.12273, 19.54544], [-99.12565, 19.54205]]]}}, {"type": "Feature", "id": 6, "properties": {"cve_mun": "006", "name": "Iztacalco"}, "geometry": {"type": "Polygon", "coordinates": [[[-99.1268, 19.3765], [-99.13415, 19.37748], [-99.13549, 19.37719], [-99.13103, 19.39673], [-99.13094, 19.39895], [-99.13718, 19.3992], [-99.13659, 19.40281], [-99.13542, 19.40336], [-99.13053, 19.40314], [-99.12706, 19.40407], [-99.11881, 19.40552], [-99.11457, 19.40562], [-99.09808, 19.40892], [-99.09804, 19.40914], [-99.09612, 19.40912], [-99.08023, 19.40689], [-99.07824, 19.40705], [-99.07755, 19.40769], [-99.07709, 19.40843], [-99.07731, 19.40854], [-99.0695, 19.42025], [-99.06795, 19.4208], [-99.05792, 19.42089], [-99.05683, 19.42136], [-99.05605, 19.42223], [-99.05579, 19.42214], [-99.05813, 19.40072], [-99.06085, 19.38259], [-99.06637, 19.38354], [-99.08402, 19.39257], [-99.08458, 19.38948], [-99.08653, 19.39015], [-99.0888, 19.39038], [-99.09565, 19.3796], [-99.11614, 19.38205], [-99.12248, 19.38244], [-99.12253, 19.3757], [-99.1268, 19.3765]]]}}, {"type": "Feature", "id": 7, "properties": {"cve_mun": "007", "name": "Iztapalapa"}, "geometry": {"type": "Polygon", "coordinates": [[[-99.1325, 19.35703], [-99.13397, 19.35653], [-99.13984, 19.35692], [-99.13989, 19.35714], [-99.13542, 19.37731], [-99.13415, 19.37748], [-99.1297, 19.37703], [-99.12253, 19.3757], [-99.12248, 19.38244], [-99.11614, 19.38205], [-99.09565, 19.3796], [-99.0888, 19.39038], [-99.08653, 19.39015], [-99.08458, 19.38948], [-99.08402, 19.39257], [-99.06637, 19.38354], [-99.06085, 19.38259], [-99.05813, 19.40072], [-99.01957, 19.38326], [-99.01016, 19.37833], [-98.99194, 19.3676], [-98.99176, 19.367], [-98.99347, 19.36038], [-98.99445, 19.35885], [-98.99456, 19.35814], [-98.97879, 19.34329], [-98.97433, 19.33703], [-98.96299, 19.32752], [-98.96391, 19.3274], [-98.96403, 19.32701], [-98.96487, 19.32722], [-98.96499, 19.32667], [-98.96659, 19.32695], [-98.96635, 19.32567], [-98.96828, 19.32572], [-98.96896, 19.32474], [-98.97039, 19.32493], [-98.97118, 19.32543], [-98.97532, 19.32564], [-98.97629, 19.32494], [-98.97623, 19.3243], [-98.97652, 19.32426], [-98.97659, 19.32495], [-98.97763, 19.32534], [-98.97768, 19.32577], [-98.9785, 19.3254], [-98.97835, 19.32469], [-98.97877, 19.32393], [-98.98019, 19.32415], [-98.98061, 19.32466], [-98.97957, 19.32579], [-98.97987, 19.32614], [-99.00135, 19.32713], [-99.02596, 19.31934], [-99.03873, 19.31573], [-99.03959, 19.31469], [-99.04044, 19.31541], [-99.04178, 19.31442], [-99.04361, 19.31221], [-99.04468, 19.31297], [-99.04493, 19.31286], [-99.04662, 19.31488], [-99.04887, 19.31188], [-99.05043, 19.31296], [-99.05226, 19.31076], [-99.05378, 19.31186], [-99.05987, 19.30444], [-99.0634, 19.30568], [-99.06478, 19.30164], [-99.0636, 19.29867], [-99.06264, 19.2973], [-99.06213, 19.29482], [-99.06156, 19.29409], [-99.06163, 19.29266], [-99.06897, 19.28496], [-99.07219, 19.28782], [-99.07494, 19.2897], [-99.07732, 19.29296], [-99.08037, 19.29624], [-99.08588, 19.30319], [-99.08766, 19.30468], [-99.08977, 19.30763], [-99.09771, 19.31717], [-99.09869, 19.31867], [-99.09849, 19.31904], [-99.0988, 19.32045], [-99.09908, 19.32044], [-99.09995, 19.32192], [-99.10117, 19.32308], [-99.10419, 19.32481], [-99.10573, 19.3263], [-99.10793, 19.32873], [-99.10972, 19.33147], [-99.11017, 19.3327], [-99.11216, 19.33422], [-99.11376, 19.33692], [-99.11448, 19.34079], [-99.11557, 19.34326], [-99.12024, 19.35056], [-99.12145, 19.35392], [-99.12198, 19.35766], [-99.13118, 19.35866], [-99.1325, 19.35703]]]}}, {"type": "Feature", "id": 8, "properties": {"cve_mun": "008", "name": "La Magdalena Contreras"}, "geometry": {"type": "Polygon", "coordinates": [[[-99.24595, 19.26644], [-99.24638, 19.26582], [-99.247, 19.2656], [-99.24709, 19.26475], [-99.24563, 19.26337], [-99.24565, 19.26172], [-99.2463, 19.26075], [-99.24724, 19.26028], [-99.24574, 19.25894], [-99.24406, 19.25946], [-99.24389, 19.2592], [-99.24445, 19.25816], [-99.24539, 19.25734], [-99.24482, 19.25636], [-99.24525, 19.25525], [-99.2448, 19.25439], [-99.24459, 19.25273], [-99.24522, 19.2513], [-99.24529, 19.25027], [-99.24739, 19.24885], [-99.24801, 19.24673], [-99.2489, 19.24674], [-99.2496, 19.24633], [-99.24983, 19.24574], [-99.25035, 19.24569], [-99.25048, 19.24521], [-99.25015, 19.24469], [-99.25177, 19.24243], [-99.25099, 19.24046], [-99.25287, 19.23759], [-99.25268, 19.23609], [-99.25313, 19.2351], [-99.25514, 19.23371], [-99.2561, 19.23254], [-99.25727, 19.23247], [-99.2589, 19.23051], [-99.26093, 19.22941], [-99.26377, 19.22849], [-99.26526, 19.22712], [-99.2665, 19.22679], [-99.26949, 19.22449], [-99.27068, 19.2242], [-99.27255, 19.22214], [-99.27416, 19.22104], [-99.27406, 19.21885], [-99.27462, 19.21752], [-99.27624, 19.21642], [-99.27636, 19.21579], [-99.27719, 19.21484], [-99.27821, 19.21428], [-99.2831, 19.21306], [-99.28371, 19.21354], [-99.28464, 19.21369], [-99.28539, 19.21329], [-99.28782, 19.21312], [-99.28873, 19.21372], [-99.28943, 19.21373], [-99.29144, 19.2146], [-99.29239, 19.21383], [-99.29315, 19.21391], [-99.29494, 19.21534], [-99.29671, 19.21776], [-99.2978, 19.21812], [-99.30027, 19.21774], [-99.30143, 19.21822], [-99.3057, 19.22224], [-99.30863, 19.22361], [-99.30962, 19.22475], [-99.31083, 19.22517], [-99.31172, 19.22587], [-99.31297, 19.2258], [-99.31506, 19.2269], [-99.31556, 19.2274], [-99.31534, 19.2292], [-99.3213, 19.23267], [-99.32225, 19.23265], [-99.323, 19.23591], [-99.32273, 19.23751], [-99.3233, 19.23845], [-99.32316, 19.23923], [-99.32267, 19.24031], [-99.32006, 19.24314], [-99.31926, 19.24344], [-99.31872, 19.24321], [-99.31764, 19.24449], [-99.31785, 19.24712], [-99.31714, 19.24855], [-99.31707, 19.25031], [-99.31644, 19.25103], [-99.31592, 19.25092], [-99.31594, 19.2528], [-99.31477, 19.25498], [-99.31547, 19.25599], [-99.31536, 19.25636], [-99.31439, 19.25681], [-99.3128, 19.2567], [-99.31227, 19.25708], [-99.3102, 19.25727], [-99.30877, 19.2581], [-99.30624, 19.25774], [-99.3053, 19.25794], [-99.30237, 19.25893], [-99.30088, 19.26104], [-99.29977, 19.26089], [-99.29798, 19.26145], [-99.29681, 19.26311], [-99.2951, 19.2638], [-99.29424, 19.2646], [-99.29402, 19.26602], [-99.29274, 19.26764], [-99.29258, 19.26831], [-99.28963, 19.27029], [-99.28753, 19.27017], [-99.28619, 19.27068], [-99.28544, 19.27183], [-99.28525, 19.27311], [-99.28333, 19.2751], [-99.28318, 19.27574], [-99.28375, 19.27623], [-99.28397, 19.27696], [-99.28304, 19.27777], [-99.2823, 19.27903], [-99.28151, 19.27949], [-99.28114, 19.28062], [-99.28022, 19.28082], [-99.2792, 19.28167], [-99.27822, 19.28141], [-99.27793, 19.2817], [-99.27789, 19.28259], [-99.27332, 19.28519], [-99.27617, 19.2891], [-99.27246, 19.29421], [-99.27233, 19.29533], [-99.27185, 19.29611], [-99.27147, 19.29917], [-99.27055, 19.29968], [-99.26974, 19.30118], [-99.27222, 19.30246], [-99.27042, 19.30413], [-99.26843, 19.30512], [-99.27001, 19.30577], [-99.2711, 19.30702], [-99.27134, 19.30826], [-99.27103, 19.30864], [-99.27132, 19.30888], [-99.27006, 19.31152], [-99.27034, 19.3118], [-99.27051, 19.31154], [-99.27054, 19.31194], [-99.26953, 19.31356], [-99.26765, 19.3142], [-99.26752, 19.3138], [-99.2659, 19.31344], [-99.26451, 19.31531], [-99.26177, 19.31769], [-99.26037, 19.32057], [-99.25762, 19.32276], [-99.25592, 19.32573], [-99.25469, 19.32676], [-99.24996, 19.32703], [-99.24835, 19.3278], [-99.24552, 19.32811], [-99.24423, 19.32856], [-99.24277, 19.328], [-99.24032, 19.32442], [-99.23731, 19.3247], [-99.23645, 19.32517], [-99.23601, 19.3259], [-99.23349, 19.32723], [-99.2312, 19.32984], [-99.22716, 19.3316], [-99.22627, 19.33156], [-99.2242, 19.33236], [-99.22422, 19.33275], [-99.2224, 19.33354], [-99.21914, 19.33398], [-99.21714, 19.33469], [-99.21659, 19.33523], [-99.21556, 19.33552], [-99.21486, 19.33639], [-99.21357, 19.33656], [-99.21148, 19.3362], [-99.20839, 19.33785], [-99.20752, 19.33781], [-99.20867, 19.33598], [-99.20711, 19.33654], [-99.20666, 19.33622], [-99.20821, 19.33485], [-99.20937, 19.33328], [-99.21278, 19.3268], [-99.21435, 19.32532], [-99.22047, 19.32108], [-99.22123, 19.3201], [-99.22142, 19.31832], [-99.22052, 19.31372], [-99.21993, 19.31226], [-99.22047, 19.31132], [-99.22493, 19.3106], [-99.22517, 19.30996], [-99.22761, 19.30806], [-99.22775, 19.30696], [-99.22936, 19.30648], [-99.2319, 19.30504], [-99.23234, 19.30298], [-99.23297, 19.30181], [-99.23223, 19.30147], [-99.2334, 19.30082], [-99.23337, 19.30008], [-99.23271, 19.29989], [-99.23248, 19.29788], [-99.2333, 19.2966], [-99.23547, 19.295], [-99.2361, 19.29511], [-99.23597, 19.29446], [-99.23722, 19.29426], [-99.23869, 19.2947], [-99.24037, 19.29405], [-99.24138, 19.29402], [-99.24192, 19.29314], [-99.24155, 19.29286], [-99.24225, 19.2929], [-99.24257, 19.29248], [-99.243, 19.29144], [-99.24276, 19.28936], [-99.24108, 19.28807], [-99.24081, 19.28699], [-99.24151, 19.28645], [-99.24297, 19.28414], [-99.24196, 19.28301], [-99.24355, 19.28219], [-99.24336, 19.28108], [-99.24493, 19.28007], [-99.2448, 19.27913], [-99.24536, 19.27679], [-99.24489, 19.27621], [-99.24346, 19.27565], [-99.24461, 19.2729], [-99.24383, 19.27179], [-99.24347, 19.26979], [-99.24599, 19.26753], [-99.24595, 19.26644]], [[-99.2691, 19.30083], [-99.26898, 19.30089], [-99.2691, 19.30083], [-99.2691, 19.30083]], [[-99.26853, 19.30102], [-99.26838, 19.30107], [-99.26864, 19.30103], [-99.26853, 19.30102]], [[-99.26825, 19.30107], [-99.268, 19.30107], [-99.26829, 19.30107], [-99.26825, 19.30107]], [[-99.26695, 19.30064], [-99.26692, 19.30049], [-99.26675, 19.30022], [-99.26703, 19.30101], [-99.26695, 19.30064]], [[-99.26619, 19.30004], [-99.26596, 19.30002], [-99.26654, 19.30014], [-99.26619, 19.30004]], [[-99.26537, 19.29874], [-99.26536, 19.29865], [-99.26537, 19.29874], [-99.26537, 19.29874]], [[-99.2652, 19.29832], [-99.26508, 19.29808], [-99.26536, 19.29865], [-99.2652, 19.29832]], [[-99.2653, 19.29737], [-99.26524, 19.29727], [-99.2653, 19.29737], [-99.2653, 19.29737]], [[-99.26508, 19.29787], [-99.26508, 19.29787], [-99.26511, 19.29779], [-99.26508, 19.29787]], [[-99.2628, 19.29404], [-99.26251, 19.29412], [-99.2631, 19.29391], [-99.2628, 19.29404]], [[-99.2628, 19.2931], [-99.26275, 19.29301], [-99.2628, 19.2931], [-99.2628, 19.2931]], [[-99.26243, 19.29315], [-99.26239, 19.29316], [-99.26275, 19.29301], [-99.26243, 19.29315]], [[-99.26254, 19.2934], [-99.26254, 19.2934], [-99.26255, 19.29347], [-99.26254, 19.2934]], [[-99.26249, 19.29407], [-99.26249, 19.29407], [-99.26251, 19.29389], [-99.26249, 19.29407]], [[-99.26248, 19.29287], [-99.26233, 19.29276], [-99.26202, 19.29271], [-99.26233, 19.29276], [-99.26248, 19.29287]], [[-99.2624, 19.29298], [-99.26219, 19.29327], [-99.26219, 19.29327], [-99.2624, 19.29298]], [[-99.26148, 19.29432], [-99.26148, 19.29432], [-99.26114, 19.29448], [-99.26148, 19.29432]], [[-99.26069, 19.29474], [-99.26055, 19.29485], [-99.26083, 19.29468], [-99.26069, 19.29474]], [[-99.26013, 19.29497], [-99.25996, 19.29502], [-99.26029, 19.29492], [-99.26013, 19.29497]], [[-99.25965, 19.29515], [-99.2596, 19.29518], [-99.25956, 19.2952], [-99.25972, 19.2951], [-99.25965, 19.29515]], [[-99.25882, 19.2898], [-99.2588, 19.28985], [-99.25862, 19.29021], [-99.25888, 19.28969], [-99.25882, 19.2898]], [[-99.25792, 19.29123], [-99.2579, 19.29126], [-99.25802, 19.29112], [-99.25792, 19.29123]], [[-99.25757, 19.29166], [-99.25729, 19.29196], [-99.25768, 19.29152], [-99.25757, 19.29166]], [[-99.25717, 19.29462], [-99.25727, 19.29448], [-99.25727, 19.29448], [-99.25703, 19.29467], [-99.25717, 19.29462]], [[-99.25725, 19.29427], [-99.25713, 19.294], [-99.25726, 19.29436], [-99.25725, 19.29427]], [[-99.2566, 19.29774], [-99.25682, 19.29765], [-99.25631, 19.2979], [-99.2566, 19.29774]], [[-99.25613, 19.29804], [-99.2559, 19.29821], [-99.25631, 19.2979], [-99.25613, 19.29804]], [[-99.2557, 19.29841], [-99.25554, 19.2986], [-99.2559, 19.29821], [-99.2557, 19.29841]], [[-99.25559, 19.29368], [-99.25513, 19.29411], [-99.25613, 19.29316], [-99.25559, 19.29368]], [[-99.2544, 19.29916], [-99.25418, 19.29924], [-99.25469, 19.29907], [-99.2544, 19.29916]], [[-99.25393, 19.29932], [-99.25364, 19.2995], [-99.253, 19.29966], [-99.25364, 19.2995], [-99.25418, 19.29924], [-99.25393, 19.29932]], [[-99.25215, 19.30004], [-99.2517, 19.30015], [-99.253, 19.29966], [-99.25215, 19.30004]], [[-99.25069, 19.30023], [-99.25069, 19.30023], [-99.2517, 19.30015], [-99.25069, 19.30023]], [[-99.25434, 19.29417], [-99.2543, 19.2942], [-99.25434, 19.29417], [-99.25434, 19.29417]], [[-99.25386, 19.29449], [-99.25357, 19.29457], [-99.2543, 19.2942], [-99.25386, 19.29449]], [[-99.25292, 19.27009], [-99.25282, 19.26996], [-99.25275, 19.26974], [-99.25302, 19.27023], [-99.25292, 19.27009]], [[-99.2524, 19.2715], [-99.2524, 19.2715], [-99.25227, 19.27155], [-99.2524, 19.2715]], [[-99.25224, 19.27105], [-99.25218, 19.27081], [-99.2523, 19.27117], [-99.25224, 19.27105]], [[-99.25117, 19.29067], [-99.25095, 19.29022], [-99.25045, 19.28922], [-99.25095, 19.29022], [-99.25117, 19.29067]], [[-99.25074, 19.27242], [-99.25079, 19.27211], [-99.25082, 19.2726], [-99.25074, 19.27242]], [[-99.25064, 19.30033], [-99.25059, 19.3003], [-99.25073, 19.30032], [-99.25064, 19.30033]], [[-99.25047, 19.26719], [-99.25032, 19.26713], [-99.25015, 19.26706], [-99.25054, 19.26721], [-99.25047, 19.26719]], [[-99.24989, 19.267], [-99.24929, 19.26682], [-99.25015, 19.26706], [-99.24989, 19.267]], [[-99.25054, 19.28918], [-99.2503, 19.28877], [-99.25054, 19.28918], [-99.25054, 19.28918]], [[-99.25023, 19.28372], [-99.25017, 19.2837], [-99.25025, 19.28373], [-99.25023, 19.28372]], [[-99.24996, 19.29554], [-99.24996, 19.29553], [-99.25024, 19.29558], [-99.24996, 19.29554]], [[-99.25011, 19.30012], [-99.25001, 19.2999], [-99.25017, 19.30013], [-99.25011, 19.30012]], [[-99.24985, 19.28426], [-99.24972, 19.28433], [-99.24951, 19.28439], [-99.25006, 19.2841], [-99.24985, 19.28426]], [[-99.24982, 19.2885], [-99.24959, 19.28851], [-99.25006, 19.28857], [-99.24982, 19.2885]], [[-99.25005, 19.29401], [-99.24999, 19.29382], [-99.25005, 19.29401], [-99.25005, 19.29401]], [[-99.24842, 19.27378], [-99.24968, 19.2731], [-99.24842, 19.27378], [-99.24842, 19.27378]], [[-99.24958, 19.28314], [-99.24949, 19.28303], [-99.24958, 19.28314], [-99.24958, 19.28314]], [[-99.24956, 19.28193], [-99.24921, 19.28163], [-99.24956, 19.28193], [-99.24956, 19.28193]], [[-99.24912, 19.28457], [-99.2493, 19.2845], [-99.24912, 19.28457], [-99.24912, 19.28457]], [[-99.24924, 19.28122], [-99.24914, 19.28119], [-99.24906, 19.28117], [-99.24929, 19.28122], [-99.24924, 19.28122]], [[-99.24872, 19.29264], [-99.24868, 19.29251], [-99.24926, 19.29309], [-99.24872, 19.29264]], [[-99.24917, 19.28345], [-99.24917, 19.28345], [-99.24922, 19.28349], [-99.24917, 19.28345]], [[-99.24885, 19.28249], [-99.24885, 19.28249], [-99.24906, 19.2825], [-99.24885, 19.28249]], [[-99.24876, 19.28109], [-99.24865, 19.28109], [-99.24889, 19.2811], [-99.24876, 19.28109]], [[-99.24808, 19.26645], [-99.24777, 19.2664], [-99.24748, 19.2664], [-99.24865, 19.26662], [-99.24808, 19.26645]], [[-99.24855, 19.28107], [-99.24848, 19.28101], [-99.24864, 19.28109], [-99.24855, 19.28107]], [[-99.24843, 19.28097], [-99.24833, 19.28092], [-99.24826, 19.28086], [-99.24833, 19.28092], [-99.24848, 19.28101], [-99.24843, 19.28097]], [[-99.24847, 19.28848], [-99.24839, 19.28851], [-99.24854, 19.28848], [-99.24847, 19.28848]], [[-99.24829, 19.28861], [-99.24824, 19.28872], [-99.24839, 19.28851], [-99.24829, 19.28861]], [[-99.24804, 19.28063], [-99.24789, 19.28064], [-99.24812, 19.28063], [-99.24804, 19.28063]], [[-99.2477, 19.28663], [-99.24767, 19.28656], [-99.24759, 19.28638], [-99.24784, 19.28771], [-99.2477, 19.28663]], [[-99.24759, 19.2744], [-99.24734, 19.27458], [-99.24772, 19.27436], [-99.24759, 19.2744]], [[-99.24704, 19.27483], [-99.24642, 19.27513], [-99.24626, 19.27526], [-99.24625, 19.27527], [-99.24704, 19.27483], [-99.24734, 19.27458], [-99.24704, 19.27483]], [[-99.24753, 19.28872], [-99.24753, 19.28872], [-99.24754, 19.28862], [-99.24753, 19.28872]], [[-99.24738, 19.28086], [-99.24727, 19.28095], [-99.2475, 19.28078], [-99.24738, 19.28086]], [[-99.2472, 19.28107], [-99.24711, 19.28118], [-99.24727, 19.28095], [-99.2472, 19.28107]], [[-99.24672, 19.26652], [-99.24628, 19.26649], [-99.24714, 19.26641], [-99.24672, 19.26652]], [[-99.24703, 19.28184], [-99.24703, 19.28184], [-99.24702, 19.28187], [-99.24703, 19.28184]], [[-99.24696, 19.28219], [-99.24699, 19.28211], [-99.24691, 19.28224], [-99.24696, 19.28219]], [[-99.24664, 19.28244], [-99.24635, 19.28249], [-99.24683, 19.28233], [-99.24664, 19.28244]], [[-99.24601, 19.28595], [-99.24539, 19.28597], [-99.24633, 19.28593], [-99.24601, 19.28595]], [[-99.24621, 19.28493], [-99.24627, 19.28488], [-99.24605, 19.28506], [-99.24621, 19.28493]], [[-99.24611, 19.2755], [-99.24611, 19.2755], [-99.24615, 19.27544], [-99.24611, 19.2755]], [[-99.24564, 19.27601], [-99.24504, 19.27622], [-99.24582, 19.27595], [-99.24564, 19.27601]], [[-99.24556, 19.28223], [-99.24556, 19.28223], [-99.24577, 19.2826], [-99.24556, 19.28223]], [[-99.2455, 19.28147], [-99.24483, 19.28164], [-99.24577, 19.28135], [-99.2455, 19.28147]], [[-99.24557, 19.28211], [-99.24556, 19.28219], [-99.24567, 19.28191], [-99.24557, 19.28211]], [[-99.24358, 19.2825], [-99.24351, 19.2825], [-99.24361, 19.28251], [-99.24358, 19.2825]], [[-99.24335, 19.28249], [-99.2433, 19.28248], [-99.24343, 19.2825], [-99.24335, 19.28249]], [[-99.24328, 19.28243], [-99.24328, 19.28243], [-99.2433, 19.28248], [-99.24328, 19.28243]]]}}, {"type": "Feature", "id": 9, "properties": {"cve_mun": "009", "name": "Milpa Alta"}, "geometry": {"type": "Polygon", "coordinates": [[[-99.10445, 19.05765], [-99.12543, 19.06206], [-99.13538, 19.0893], [-99.13648, 19.08938], [-99.14681, 19.10058], [-99.16329, 19.11749], [-99.15501, 19.13531], [-99.1525, 19.14212], [-99.15196, 19.15077], [-99.14961, 19.16031], [-99.1468, 19.15994], [-99.14449, 19.15867], [-99.14345, 19.15754], [-99.1404, 19.15221], [-99.13241, 19.14861], [-99.10574, 19.19734], [-99.10528, 19.19806], [-99.10448, 19.198], [-99.10436, 19.19842], [-99.10473, 19.19849], [-99.1048, 19.19896], [-99.10225, 19.20066], [-99.10175, 19.20481], [-99.10012, 19.20625], [-99.09992, 19.20739], [-99.09921, 19.20815], [-99.09569, 19.20863], [-99.0951, 19.20959], [-99.09498, 19.21115], [-99.09456, 19.21154], [-99.09318, 19.21093], [-99.09097, 19.21102], [-99.03019, 19.22363], [-99.00049, 19.22628], [-99.00028, 19.22649], [-99.00316, 19.22694], [-99.00299, 19.22757], [-98.99985, 19.22678], [-98.99957, 19.22756], [-98.99902, 19.22736], [-98.99886, 19.2277], [-98.99718, 19.22747], [-98.99746, 19.22649], [-98.99643, 19.22619], [-98.99618, 19.22589], [-98.99638, 19.22521], [-98.99579, 19.22504], [-98.99526, 19.22751], [-98.99373, 19.22747], [-98.99326, 19.22494], [-98.99124, 19.22479], [-98.99107, 19.22559], [-98.99056, 19.22578], [-98.9843, 19.22024], [-98.98271, 19.22129], [-98.98129, 19.21926], [-98.97755, 19.21591], [-98.97781, 19.21507], [-98.97435, 19.21444], [-98.97362, 19.21408], [-98.9715, 19.21197], [-98.96838, 19.21049], [-98.96684, 19.20901], [-98.96705, 19.20763], [-98.96742, 19.20733], [-98.96723, 19.20625], [-98.96933, 19.20455], [-98.96982, 19.20454], [-98.96933, 19.20455], [-98.96968, 19.20425], [-98.9677, 19.20313], [-98.96703, 19.19991], [-98.96769, 19.18974], [-98.96641, 19.18703], [-98.95985, 19.17917], [-98.95652, 19.17664], [-98.95617, 19.17676], [-98.95239, 19.16864], [-98.96737, 19.16444], [-98.95463, 19.14952], [-98.96646, 19.14387], [-98.96511, 19.14041], [-98.96109, 19.13303], [-98.95751, 19.12238], [-98.95766, 19.11963], [-98.9587, 19.11364], [-98.95841, 19.11131], [-98.95896, 19.10904], [-98.95906, 19.10428], [-98.96124, 19.09558], [-98.96327, 19.09206], [-98.96572, 19.08586], [-98.96828, 19.08314], [-98.9737, 19.07955], [-98.979, 19.07446], [-98.98359, 19.07876], [-99.02899, 19.08537], [-99.04321, 19.07576], [-99.0598, 19.04824], [-99.10445, 19.05765]], [[-99.10429, 19.19842], [-99.10378, 19.19854], [-99.10364, 19.19843], [-99.10378, 19.19854], [-99.10429, 19.19842]], [[-99.1034, 19.19809], [-99.10332, 19.19787], [-99.10364, 19.19843], [-99.1034, 19.19809]], [[-99.10244, 19.19569], [-99.10237, 19.19598], [-99.10247, 19.19523], [-99.10244, 19.19569]], [[-99.10234, 19.19512], [-99.1015, 19.19503], [-99.10242, 19.19516], [-99.10234, 19.19512]], [[-99.10053, 19.19448], [-99.10046, 19.19436], [-99.10057, 19.19456], [-99.10053, 19.19448]], [[-99.0998, 19.19388], [-99.09975, 19.1939], [-99.09969, 19.19396], [-99.09996, 19.19391], [-99.0998, 19.19388]], [[-99.09927, 19.1904], [-99.0989, 19.19038], [-99.09928, 19.1904], [-99.09927, 19.1904]], [[-99.09837, 19.18696], [-99.0982, 19.18719], [-99.09839, 19.18693], [-99.09837, 19.18696]], [[-99.09807, 19.18737], [-99.09803, 19.1875], [-99.0982, 19.18719], [-99.09807, 19.18737]], [[-99.09804, 19.18787], [-99.09815, 19.1881], [-99.09803, 19.1875], [-99.09804, 19.18787]], [[-99.09841, 19.18955], [-99.09838, 19.18953], [-99.09826, 19.19027], [-99.09841, 19.18955]], [[-99.09823, 19.18654], [-99.09823, 19.18654], [-99.09836, 19.18667], [-99.09823, 19.18654]], [[-99.09777, 19.18642], [-99.09719, 19.18644], [-99.09777, 19.18642], [-99.09777, 19.18642]], [[-99.09686, 19.18653], [-99.09686, 19.18653], [-99.09719, 19.18644], [-99.09686, 19.18653]], [[-99.09659, 19.20057], [-99.09673, 19.20101], [-99.09675, 19.20118], [-99.09673, 19.20101], [-99.09659, 19.20057]], [[-99.09579, 19.20707], [-99.09589, 19.20751], [-99.09589, 19.20751], [-99.09579, 19.20707]], [[-99.09558, 19.20105], [-99.09539, 19.20122], [-99.09503, 19.20119], [-99.09539, 19.20122], [-99.09558, 19.20105]], [[-99.09512, 19.20409], [-99.09512, 19.2046], [-99.09495, 19.20523], [-99.09512, 19.2046], [-99.09512, 19.20409]], [[-99.09478, 19.20181], [-99.09477, 19.20207], [-99.09478, 19.20181], [-99.09478, 19.20181]], [[-99.09471, 19.20231], [-99.09471, 19.20232], [-99.09477, 19.20207], [-99.09471, 19.20231]], [[-99.09475, 19.20005], [-99.09331, 19.19984], [-99.09484, 19.19996], [-99.09475, 19.20005]], [[-99.09465, 19.2014], [-99.09474, 19.20155], [-99.09475, 19.20161], [-99.09474, 19.20155], [-99.09465, 19.2014]], [[-99.09469, 19.20566], [-99.09518, 19.20613], [-99.09469, 19.20566], [-99.09469, 19.20566]], [[-99.09454, 19.20121], [-99.09454, 19.20121], [-99.09459, 19.20115], [-99.09459, 19.20115], [-99.09454, 19.20121]], [[-99.09456, 19.20271], [-99.09447, 19.20296], [-99.0948, 19.20329], [-99.09447, 19.20296], [-99.09456, 19.20271]], [[-99.09425, 19.18569], [-99.09417, 19.18554], [-99.09412, 19.18546], [-99.09417, 19.18554], [-99.09425, 19.18569]], [[-99.09414, 19.18503], [-99.09414, 19.18503], [-99.09406, 19.18536], [-99.09414, 19.18503]], [[-99.09412, 19.18455], [-99.09401, 19.18427], [-99.09413, 19.185], [-99.09412, 19.18455]], [[-99.09309, 19.1846], [-99.09306, 19.1848], [-99.0931, 19.1846], [-99.09309, 19.1846]], [[-99.08977, 19.18616], [-99.09169, 19.18662], [-99.08977, 19.18616], [-99.08978, 19.18646], [-99.08977, 19.18616]], [[-99.09038, 19.19968], [-99.0912, 19.19968], [-99.09135, 19.19957], [-99.0912, 19.19968], [-99.09038, 19.19968]], [[-99.08878, 19.18658], [-99.08834, 19.18645], [-99.08922, 19.18668], [-99.08878, 19.18658]], [[-99.08751, 19.19947], [-99.08877, 19.19976], [-99.08883, 19.19942], [-99.08877, 19.19976], [-99.08751, 19.19947]], [[-99.08788, 19.18645], [-99.08788, 19.18645], [-99.08755, 19.18638], [-99.08788, 19.18645]], [[-99.08747, 19.18657], [-99.0864, 19.18624], [-99.08755, 19.18638], [-99.08747, 19.18657]], [[-99.08756, 19.19936], [-99.08752, 19.19945], [-99.08773, 19.19921], [-99.08783, 19.19894], [-99.08756, 19.19936]], [[-99.08634, 19.18647], [-99.08635, 19.18646], [-99.08628, 19.18654], [-99.08634, 19.18647]], [[-99.08606, 19.18697], [-99.08585, 19.18688], [-99.0862, 19.18673], [-99.08606, 19.18697]], [[-99.08537, 19.18673], [-99.08519, 19.18667], [-99.08539, 19.18674], [-99.08537, 19.18673]], [[-99.08484, 19.18617], [-99.08449, 19.18592], [-99.08479, 19.18633], [-99.08484, 19.18617]], [[-99.08391, 19.1855], [-99.08391, 19.1855], [-99.08449, 19.18592], [-99.08391, 19.1855]], [[-99.08473, 19.1865], [-99.08473, 19.18651], [-99.08473, 19.18651], [-99.08473, 19.1865]], [[-99.08313, 19.19641], [-99.0829, 19.19607], [-99.08433, 19.19696], [-99.08313, 19.19641]], [[-99.08412, 19.19718], [-99.08411, 19.19725], [-99.08411, 19.19725], [-99.08427, 19.19741], [-99.08431, 19.19699], [-99.08412, 19.19718]], [[-99.08365, 19.19247], [-99.08397, 19.19253], [-99.08397, 19.19253], [-99.08365, 19.19247]], [[-99.08264, 19.18528], [-99.08257, 19.18529], [-99.08268, 19.18517], [-99.08264, 19.18528]], [[-99.08256, 19.19466], [-99.08306, 19.19477], [-99.08256, 19.19466], [-99.08256, 19.19466]], [[-99.08189, 19.19143], [-99.0825, 19.19175], [-99.08242, 19.19194], [-99.0825, 19.19175], [-99.08189, 19.19143]], [[-99.08185, 19.1931], [-99.08185, 19.1931], [-99.08238, 19.19335], [-99.08185, 19.1931], [-99.08185, 19.1931]], [[-99.08171, 19.1946], [-99.08172, 19.19461], [-99.08216, 19.19476], [-99.08172, 19.19461], [-99.08171, 19.1946]], [[-99.08164, 19.19458], [-99.08164, 19.19458], [-99.08169, 19.19426], [-99.08164, 19.19458]], [[-99.08131, 19.19406], [-99.08123, 19.19398], [-99.08169, 19.19426], [-99.08131, 19.19406]], [[-99.08132, 19.18405], [-99.08131, 19.18405], [-99.08127, 19.18404], [-99.08145, 19.1836], [-99.08132, 19.18405]], [[-99.08119, 19.18351], [-99.08119, 19.18351], [-99.08129, 19.18354], [-99.08119, 19.18351]], [[-99.08124, 19.18339], [-99.08121, 19.18346], [-99.08125, 19.18334], [-99.08124, 19.18339]], [[-99.081, 19.18497], [-99.08098, 19.18504], [-99.08107, 19.1848], [-99.081, 19.18497]], [[-99.08094, 19.19307], [-99.08096, 19.19302], [-99.08098, 19.19298], [-99.08096, 19.19302], [-99.08094, 19.19307]], [[-99.08074, 19.18129], [-99.08074, 19.18129], [-99.08067, 19.18142], [-99.08074, 19.18129]], [[-99.08041, 19.1821], [-99.0804, 19.18197], [-99.08041, 19.18214], [-99.08041, 19.1821]], [[-99.07855, 19.17991], [-99.07843, 19.18], [-99.0793, 19.18031], [-99.07855, 19.17991]], [[-99.07811, 19.18001], [-99.07779, 19.17975], [-99.07774, 19.1796], [-99.07843, 19.18], [-99.07811, 19.18001]], [[-99.07771, 19.17956], [-99.07752, 19.17945], [-99.07774, 19.1796], [-99.07771, 19.17956]], [[-99.07875, 19.1926], [-99.07854, 19.19289], [-99.07849, 19.19297], [-99.07854, 19.19289], [-99.07875, 19.1926]], [[-99.07823, 19.19375], [-99.07819, 19.19383], [-99.07823, 19.19375], [-99.07823, 19.19375]], [[-99.07818, 19.19353], [-99.07819, 19.19344], [-99.07827, 19.19337], [-99.07819, 19.19344], [-99.07818, 19.19353]], [[-99.07769, 19.19312], [-99.07773, 19.19319], [-99.07773, 19.19319], [-99.07769, 19.19312]], [[-99.07765, 19.19361], [-99.07765, 19.19362], [-99.07765, 19.19361], [-99.07765, 19.19361]], [[-99.07663, 19.19244], [-99.07692, 19.19259], [-99.07694, 19.19259], [-99.07692, 19.19259], [-99.07663, 19.19244]], [[-99.07624, 19.178], [-99.07618, 19.17809], [-99.07626, 19.17782], [-99.07624, 19.178]], [[-99.07608, 19.17816], [-99.07608, 19.17816], [-99.07618, 19.17809], [-99.07608, 19.17816]], [[-99.07612, 19.20441], [-99.07624, 19.20462], [-99.07631, 19.20493], [-99.07624, 19.20462], [-99.07612, 19.20441]], [[-99.07613, 19.1791], [-99.07559, 19.17888], [-99.07623, 19.17913], [-99.07613, 19.1791]], [[-99.07605, 19.20572], [-99.07614, 19.20565], [-99.07627, 19.20545], [-99.07614, 19.20565], [-99.07605, 19.20572]], [[-99.07532, 19.20624], [-99.07563, 19.20603], [-99.07589, 19.20584], [-99.07485, 19.20646], [-99.07532, 19.20624]], [[-99.07446, 19.20662], [-99.07442, 19.20668], [-99.07485, 19.20646], [-99.07446, 19.20662]], [[-99.07553, 19.19247], [-99.07562, 19.1925], [-99.07563, 19.19251], [-99.07562, 19.1925], [-99.07553, 19.19247]], [[-99.07502, 19.20323], [-99.07518, 19.20341], [-99.07554, 19.20366], [-99.07518, 19.20341], [-99.07502, 19.20323]], [[-99.0748, 19.19212], [-99.07509, 19.19224], [-99.07545, 19.19244], [-99.07509, 19.19224], [-99.0748, 19.19212]], [[-99.07322, 19.17363], [-99.074, 19.17282], [-99.07307, 19.17406], [-99.07322, 19.17363]], [[-99.07371, 19.17013], [-99.0735, 19.17043], [-99.07314, 19.17056], [-99.07395, 19.16964], [-99.07371, 19.17013]], [[-99.07361, 19.20193], [-99.07328, 19.20177], [-99.07396, 19.20215], [-99.07391, 19.20212], [-99.07361, 19.20193]], [[-99.07385, 19.21029], [-99.07398, 19.21023], [-99.07361, 19.21035], [-99.07385, 19.21029]], [[-99.07341, 19.21046], [-99.07331, 19.21057], [-99.07361, 19.21035], [-99.07341, 19.21046]], [[-99.07383, 19.17146], [-99.07328, 19.17085], [-99.07322, 19.17065], [-99.07328, 19.17085], [-99.07383, 19.17146], [-99.07363, 19.17205], [-99.07383, 19.17146]], [[-99.07357, 19.17233], [-99.07357, 19.17233], [-99.07363, 19.17205], [-99.07357, 19.17233]], [[-99.07357, 19.17251], [-99.07357, 19.1724], [-99.07362, 19.17265], [-99.07357, 19.17251]], [[-99.0728, 19.19226], [-99.07308, 19.19235], [-99.07309, 19.19235], [-99.07308, 19.19235], [-99.0728, 19.19226]], [[-99.0729, 19.17688], [-99.07271, 19.1768], [-99.073, 19.17675], [-99.0729, 19.17688]], [[-99.07299, 19.19213], [-99.07299, 19.19197], [-99.07299, 19.19197], [-99.07299, 19.19197], [-99.07299, 19.19213]], [[-99.07279, 19.21134], [-99.07265, 19.21139], [-99.07299, 19.21119], [-99.07293, 19.21126], [-99.07279, 19.21134]], [[-99.07267, 19.1756], [-99.07262, 19.17554], [-99.07267, 19.1756], [-99.07267, 19.1756]], [[-99.07267, 19.17571], [-99.07267, 19.1756], [-99.0726, 19.1758], [-99.07267, 19.17571]], [[-99.07231, 19.17615], [-99.07231, 19.17615], [-99.07257, 19.17666], [-99.07231, 19.17615]], [[-99.07252, 19.17586], [-99.07251, 19.17594], [-99.07254, 19.17585], [-99.07252, 19.17586]], [[-99.07221, 19.21126], [-99.0724, 19.21135], [-99.0725, 19.21136], [-99.0724, 19.21135], [-99.07221, 19.21126]], [[-99.07212, 19.17529], [-99.07212, 19.17529], [-99.07234, 19.17541], [-99.07212, 19.17529]], [[-99.0722, 19.16978], [-99.0722, 19.16978], [-99.07222, 19.16992], [-99.0722, 19.16978]], [[-99.07219, 19.17014], [-99.07206, 19.17058], [-99.0722, 19.17011], [-99.07219, 19.17014]], [[-99.07212, 19.17456], [-99.07189, 19.17446], [-99.07185, 19.17438], [-99.07189, 19.17446], [-99.07212, 19.17456]], [[-99.07205, 19.17403], [-99.07197, 19.17407], [-99.0721, 19.17398], [-99.07205, 19.17403]], [[-99.07196, 19.16864], [-99.07196, 19.16864], [-99.07204, 19.16907], [-99.07196, 19.16864]], [[-99.072, 19.17122], [-99.072, 19.17126], [-99.07201, 19.17094], [-99.072, 19.17122]], [[-99.07179, 19.20141], [-99.07156, 19.20138], [-99.07196, 19.20146], [-99.07226, 19.20148], [-99.07179, 19.20141]], [[-99.07194, 19.16845], [-99.07194, 19.16845], [-99.07195, 19.16831], [-99.07194, 19.16845]], [[-99.0716, 19.17226], [-99.07174, 19.17186], [-99.07182, 19.17163], [-99.07156, 19.17236], [-99.0716, 19.17226]], [[-99.07132, 19.17267], [-99.0713, 19.17268], [-99.07137, 19.1727], [-99.07132, 19.17267]], [[-99.07125, 19.21027], [-99.07125, 19.21028], [-99.07125, 19.21028], [-99.07125, 19.21027]], [[-99.07123, 19.21041], [-99.07111, 19.21047], [-99.07125, 19.21028], [-99.07123, 19.21041]], [[-99.07113, 19.1729], [-99.07103, 19.173], [-99.07118, 19.17285], [-99.07113, 19.1729]], [[-99.07097, 19.20125], [-99.0713, 19.20131], [-99.07066, 19.20119], [-99.07097, 19.20125]], [[-99.0703, 19.2011], [-99.06997, 19.20101], [-99.07066, 19.20119], [-99.0703, 19.2011]], [[-99.07071, 19.19155], [-99.07071, 19.19155], [-99.07088, 19.1916], [-99.07071, 19.19155], [-99.07071, 19.19155]], [[-99.07045, 19.17358], [-99.0704, 19.17363], [-99.07052, 19.17351], [-99.07045, 19.17358]], [[-99.07036, 19.17368], [-99.07034, 19.17372], [-99.07034, 19.17376], [-99.0704, 19.17363], [-99.07036, 19.17368]], [[-99.07034, 19.17379], [-99.07034, 19.17379], [-99.07034, 19.17381], [-99.07034, 19.17379]], [[-99.07018, 19.17473], [-99.07018, 19.17473], [-99.07016, 19.1749], [-99.07018, 19.17473]], [[-99.07017, 19.17461], [-99.07016, 19.17449], [-99.07018, 19.17472], [-99.07017, 19.17461]], [[-99.07016, 19.19101], [-99.07004, 19.19113], [-99.07016, 19.19101], [-99.07016, 19.19101]], [[-99.07015, 19.17504], [-99.07012, 19.17515], [-99.07015, 19.17496], [-99.07015, 19.17504]], [[-99.06999, 19.19121], [-99.07008, 19.19132], [-99.07062, 19.19157], [-99.07008, 19.19132], [-99.06999, 19.19121]], [[-99.06987, 19.20997], [-99.07001, 19.21018], [-99.07036, 19.21074], [-99.07001, 19.21018], [-99.06987, 19.20997]], [[-99.06979, 19.17577], [-99.06978, 19.17583], [-99.06981, 19.17572], [-99.06979, 19.17577]], [[-99.06978, 19.17598], [-99.06978, 19.17598], [-99.0695, 19.17614], [-99.06978, 19.17598]], [[-99.06977, 19.17593], [-99.06977, 19.17593], [-99.06977, 19.17595], [-99.06977, 19.17593]], [[-99.06977, 19.1759], [-99.06977, 19.1759], [-99.06977, 19.17591], [-99.06977, 19.1759]], [[-99.06947, 19.1906], [-99.06951, 19.19064], [-99.06981, 19.19079], [-99.06951, 19.19064], [-99.06947, 19.1906]], [[-99.0693, 19.20079], [-99.0694, 19.20089], [-99.06959, 19.20095], [-99.0694, 19.20089], [-99.0693, 19.20079]], [[-99.06928, 19.19049], [-99.06926, 19.19048], [-99.0691, 19.19038], [-99.06926, 19.19048], [-99.06928, 19.19049]], [[-99.06898, 19.19032], [-99.06874, 19.19027], [-99.0691, 19.19038], [-99.06898, 19.19032]], [[-99.06925, 19.20053], [-99.0693, 19.20067], [-99.06914, 19.20038], [-99.06925, 19.20053]], [[-99.069, 19.20029], [-99.06867, 19.20016], [-99.06839, 19.20014], [-99.06914, 19.20038], [-99.069, 19.20029]], [[-99.06887, 19.20922], [-99.06892, 19.20924], [-99.06917, 19.20935], [-99.06892, 19.20924], [-99.06887, 19.20922]], [[-99.06838, 19.17729], [-99.06821, 19.17746], [-99.06838, 19.17729], [-99.06838, 19.17729]], [[-99.06787, 19.20945], [-99.06803, 19.2093], [-99.0681, 19.20925], [-99.06803, 19.2093], [-99.06787, 19.20945]], [[-99.06775, 19.21377], [-99.06782, 19.21436], [-99.06782, 19.21436], [-99.06775, 19.21377]], [[-99.06766, 19.21529], [-99.06766, 19.21522], [-99.06766, 19.21485], [-99.06773, 19.21561], [-99.06766, 19.21529]], [[-99.06707, 19.21557], [-99.06705, 19.21545], [-99.06773, 19.21561], [-99.06707, 19.21557]], [[-99.06636, 19.21542], [-99.06629, 19.2153], [-99.06705, 19.21545], [-99.06636, 19.21542]], [[-99.0676, 19.20984], [-99.06771, 19.20973], [-99.06775, 19.20965], [-99.06771, 19.20973], [-99.0676, 19.20984]], [[-99.06749, 19.18986], [-99.06769, 19.18992], [-99.06749, 19.18986], [-99.06749, 19.18986]], [[-99.06707, 19.19044], [-99.06679, 19.19057], [-99.06749, 19.18986], [-99.06707, 19.19044]], [[-99.06721, 19.21252], [-99.06745, 19.21315], [-99.06758, 19.21353], [-99.06745, 19.21315], [-99.06721, 19.21252]], [[-99.06725, 19.20141], [-99.06739, 19.20102], [-99.06747, 19.20086], [-99.06739, 19.20102], [-99.06725, 19.20141]], [[-99.06666, 19.20215], [-99.06648, 19.20221], [-99.06641, 19.20225], [-99.06697, 19.20183], [-99.06666, 19.20215]], [[-99.06649, 19.17912], [-99.06644, 19.17926], [-99.06649, 19.17912], [-99.06649, 19.17912]], [[-99.06625, 19.17985], [-99.06625, 19.17985], [-99.0663, 19.17968], [-99.06625, 19.17985]], [[-99.06609, 19.20254], [-99.06618, 19.2025], [-99.06629, 19.20239], [-99.06618, 19.2025], [-99.06609, 19.20254]], [[-99.06576, 19.20895], [-99.06594, 19.20903], [-99.06594, 19.20903], [-99.06576, 19.20895]], [[-99.06592, 19.21012], [-99.06576, 19.21029], [-99.06592, 19.21012], [-99.06592, 19.21012]], [[-99.06556, 19.21508], [-99.0659, 19.2151], [-99.06602, 19.21521], [-99.0659, 19.2151], [-99.06556, 19.21508]], [[-99.06578, 19.18075], [-99.06576, 19.18081], [-99.06569, 19.181], [-99.06584, 19.18069], [-99.06578, 19.18075]], [[-99.06536, 19.20282], [-99.06523, 19.20288], [-99.06536, 19.20282], [-99.06581, 19.20255], [-99.06536, 19.20282]], [[-99.06535, 19.20975], [-99.06547, 19.20965], [-99.06551, 19.20939], [-99.06547, 19.20965], [-99.06535, 19.20975]], [[-99.06566, 19.21022], [-99.06544, 19.21017], [-99.06485, 19.21011], [-99.06544, 19.21017], [-99.06566, 19.21022]], [[-99.06521, 19.21497], [-99.06531, 19.21498], [-99.06548, 19.21493], [-99.06531, 19.21498], [-99.06521, 19.21497]], [[-99.06523, 19.20619], [-99.06519, 19.20627], [-99.06507, 19.20645], [-99.06519, 19.20627], [-99.06523, 19.20619]], [[-99.0651, 19.21432], [-99.06537, 19.21433], [-99.0651, 19.21432], [-99.0651, 19.21432]], [[-99.06502, 19.18978], [-99.06482, 19.18972], [-99.06502, 19.18978], [-99.0651, 19.18978], [-99.06526, 19.18986], [-99.0651, 19.18978], [-99.06502, 19.18978]], [[-99.06364, 19.18023], [-99.06364, 19.18023], [-99.06488, 19.18077], [-99.06364, 19.18023]], [[-99.06486, 19.20606], [-99.06491, 19.20588], [-99.06486, 19.20606], [-99.06486, 19.20606]], [[-99.06416, 19.20293], [-99.06351, 19.20282], [-99.06451, 19.20303], [-99.0648, 19.20305], [-99.06416, 19.20293]], [[-99.06444, 19.20624], [-99.06447, 19.2062], [-99.06459, 19.20616], [-99.06447, 19.2062], [-99.06444, 19.20624]], [[-99.06422, 19.20582], [-99.06401, 19.20609], [-99.06422, 19.20582], [-99.06422, 19.20582]], [[-99.06397, 19.18886], [-99.06394, 19.18892], [-99.06397, 19.18886], [-99.06397, 19.18886]], [[-99.0638, 19.19003], [-99.0638, 19.19003], [-99.06388, 19.19004], [-99.0638, 19.19003], [-99.0638, 19.19003]], [[-99.06373, 19.20556], [-99.06371, 19.20561], [-99.06384, 19.20566], [-99.06371, 19.20561], [-99.06373, 19.20556]], [[-99.06303, 19.20533], [-99.06303, 19.20533], [-99.06373, 19.20556], [-99.06303, 19.20533]], [[-99.06373, 19.20424], [-99.06312, 19.20517], [-99.06373, 19.20424], [-99.06373, 19.20424]], [[-99.06367, 19.18997], [-99.06368, 19.18997], [-99.06365, 19.18993], [-99.06367, 19.18997]], [[-99.06361, 19.18984], [-99.06362, 19.18974], [-99.06365, 19.18993], [-99.06361, 19.18984]], [[-99.0636, 19.21323], [-99.06355, 19.21318], [-99.06363, 19.2133], [-99.0636, 19.21323]], [[-99.06343, 19.18103], [-99.06337, 19.18106], [-99.06351, 19.18081], [-99.06343, 19.18103]], [[-99.06306, 19.18185], [-99.063, 19.18204], [-99.06337, 19.18106], [-99.06306, 19.18185]], [[-99.0635, 19.20282], [-99.06336, 19.20284], [-99.06331, 19.20285], [-99.06336, 19.20284], [-99.0635, 19.20282]], [[-99.06313, 19.2033], [-99.0633, 19.20329], [-99.0633, 19.20329], [-99.06313, 19.2033]], [[-99.06327, 19.20334], [-99.0633, 19.20329], [-99.06326, 19.20339], [-99.06327, 19.20334]], [[-99.06326, 19.2034], [-99.06326, 19.20343], [-99.06325, 19.20347], [-99.06325, 19.20348], [-99.06326, 19.2034]], [[-99.06325, 19.20349], [-99.06324, 19.20354], [-99.06325, 19.20348], [-99.06325, 19.20349]], [[-99.06323, 19.20356], [-99.06323, 19.20356], [-99.06324, 19.20354], [-99.06323, 19.20356]], [[-99.06322, 19.20358], [-99.06323, 19.20356], [-99.06323, 19.20356], [-99.06322, 19.20358]], [[-99.0632, 19.20924], [-99.06314, 19.20917], [-99.06316, 19.20943], [-99.06322, 19.20926], [-99.0632, 19.20924]], [[-99.06307, 19.21281], [-99.06321, 19.2127], [-99.06348, 19.21246], [-99.06321, 19.2127], [-99.06307, 19.21281]], [[-99.06319, 19.20842], [-99.0631, 19.20884], [-99.06319, 19.20842], [-99.06319, 19.20842]], [[-99.06313, 19.20366], [-99.06314, 19.20364], [-99.06318, 19.20361], [-99.06314, 19.20364], [-99.06313, 19.20366]], [[-99.06291, 19.20402], [-99.06291, 19.20402], [-99.06295, 19.20397], [-99.06291, 19.20402]], [[-99.06268, 19.20825], [-99.06268, 19.20825], [-99.06282, 19.20775], [-99.06268, 19.20825]], [[-99.06272, 19.20554], [-99.06267, 19.20572], [-99.06238, 19.20542], [-99.06272, 19.20554]], [[-99.06218, 19.20588], [-99.06206, 19.206], [-99.06238, 19.20542], [-99.06218, 19.20588]], [[-99.06265, 19.20578], [-99.06312, 19.20598], [-99.06265, 19.20578], [-99.06265, 19.20578]], [[-99.06257, 19.18263], [-99.06257, 19.18263], [-99.0624, 19.18259], [-99.06257, 19.18263]], [[-99.0624, 19.18259], [-99.06224, 19.18265], [-99.0624, 19.18259], [-99.0624, 19.18259]], [[-99.06175, 19.18274], [-99.06152, 19.18271], [-99.06224, 19.18265], [-99.06175, 19.18274]], [[-99.06223, 19.20337], [-99.06244, 19.2034], [-99.06281, 19.20332], [-99.06244, 19.2034], [-99.06223, 19.20337]], [[-99.06241, 19.20704], [-99.06241, 19.20701], [-99.06241, 19.207], [-99.06241, 19.20701], [-99.06241, 19.20704]], [[-99.06225, 19.2073], [-99.0623, 19.20726], [-99.06232, 19.20724], [-99.0623, 19.20726], [-99.06225, 19.2073]], [[-99.06219, 19.20322], [-99.06219, 19.20322], [-99.0622, 19.20329], [-99.06219, 19.20322], [-99.06219, 19.20322]], [[-99.062, 19.20748], [-99.062, 19.20748], [-99.06205, 19.20742], [-99.062, 19.20748]], [[-99.06145, 19.20644], [-99.06135, 19.2065], [-99.06161, 19.2064], [-99.06198, 19.20618], [-99.06145, 19.20644]], [[-99.06072, 19.18385], [-99.06091, 19.18351], [-99.06103, 19.18326], [-99.06091, 19.18351], [-99.06072, 19.18385]], [[-99.06063, 19.18804], [-99.06071, 19.18809], [-99.06074, 19.18811], [-99.06071, 19.18809], [-99.06063, 19.18804]], [[-99.06051, 19.19965], [-99.06062, 19.19949], [-99.06068, 19.19939], [-99.06062, 19.19949], [-99.06051, 19.19965]], [[-99.06056, 19.18795], [-99.06057, 19.18796], [-99.06056, 19.18795], [-99.06056, 19.18795]], [[-99.06033, 19.18843], [-99.06033, 19.18843], [-99.06056, 19.18795], [-99.06033, 19.18843]], [[-99.06044, 19.18476], [-99.06044, 19.18476], [-99.06048, 19.18445], [-99.06044, 19.18476]], [[-99.06045, 19.18489], [-99.06045, 19.18489], [-99.06045, 19.18489], [-99.06045, 19.18489], [-99.06044, 19.18476], [-99.06045, 19.18489]], [[-99.06035, 19.19976], [-99.06035, 19.19976], [-99.06035, 19.19976], [-99.06035, 19.19976], [-99.06035, 19.19976]], [[-99.06023, 19.18523], [-99.05988, 19.18562], [-99.05963, 19.18596], [-99.05952, 19.18615], [-99.06023, 19.18523]], [[-99.05947, 19.18627], [-99.0593, 19.18677], [-99.05927, 19.18692], [-99.05952, 19.18615], [-99.05947, 19.18627]], [[-99.05921, 19.19831], [-99.05921, 19.19831], [-99.05921, 19.19831], [-99.05921, 19.19831]], [[-99.05892, 19.19985], [-99.05898, 19.19986], [-99.05946, 19.19989], [-99.05956, 19.19989], [-99.05892, 19.19985]], [[-99.05894, 19.20048], [-99.05894, 19.2004], [-99.05886, 19.20027], [-99.05894, 19.2004], [-99.05894, 19.20048]], [[-99.05895, 19.20055], [-99.05895, 19.20055], [-99.05891, 19.20072], [-99.05895, 19.20055]], [[-99.05902, 19.20144], [-99.05881, 19.20149], [-99.05861, 19.20156], [-99.05881, 19.20149], [-99.05902, 19.20144]], [[-99.05881, 19.18766], [-99.0588, 19.18767], [-99.05875, 19.18776], [-99.0588, 19.18767], [-99.05881, 19.18766]], [[-99.05875, 19.20168], [-99.05875, 19.20168], [-99.05893, 19.20155], [-99.05874, 19.20168], [-99.05875, 19.20168]], [[-99.05872, 19.20172], [-99.0587, 19.20176], [-99.05866, 19.20183], [-99.0587, 19.20176], [-99.05872, 19.20172]], [[-99.05867, 19.20111], [-99.05864, 19.20114], [-99.05857, 19.20118], [-99.05864, 19.20114], [-99.05867, 19.20111]], [[-99.05864, 19.19765], [-99.0587, 19.1977], [-99.05879, 19.19773], [-99.05864, 19.19765], [-99.05854, 19.19762], [-99.05864, 19.19765]], [[-99.05839, 19.20252], [-99.0584, 19.20261], [-99.05851, 19.20267], [-99.0584, 19.20261], [-99.05839, 19.20252]], [[-99.05833, 19.19779], [-99.05833, 19.19779], [-99.05811, 19.19778], [-99.05833, 19.19779], [-99.05833, 19.19779]], [[-99.05826, 19.20176], [-99.05834, 19.20175], [-99.05836, 19.20174], [-99.05819, 19.20173], [-99.05826, 19.20176]], [[-99.05819, 19.2027], [-99.05821, 19.20274], [-99.0584, 19.20277], [-99.05812, 19.20262], [-99.05819, 19.2027]], [[-99.05821, 19.20144], [-99.05806, 19.20156], [-99.05801, 19.20161], [-99.05806, 19.20156], [-99.05821, 19.20144]], [[-99.05743, 19.20231], [-99.05785, 19.20235], [-99.05793, 19.20254], [-99.05785, 19.20235], [-99.05743, 19.20231]], [[-99.05689, 19.19457], [-99.05573, 19.19453], [-99.05573, 19.19453], [-99.05573, 19.19453], [-99.05689, 19.19457]], [[-99.05562, 19.19487], [-99.0551, 19.19468], [-99.05562, 19.19487], [-99.05573, 19.19453], [-99.05562, 19.19487]], [[-99.05673, 19.1948], [-99.05664, 19.19483], [-99.05656, 19.19484], [-99.05664, 19.19483], [-99.05673, 19.1948]], [[-99.05644, 19.19485], [-99.05634, 19.19486], [-99.05623, 19.1949], [-99.05634, 19.19486], [-99.05644, 19.19485]], [[-99.05675, 19.19754], [-99.05628, 19.19733], [-99.05623, 19.19745], [-99.05675, 19.19754]], [[-99.05585, 19.19523], [-99.05568, 19.19536], [-99.05553, 19.19546], [-99.05568, 19.19536], [-99.05585, 19.19523]], [[-99.05548, 19.20325], [-99.05568, 19.20301], [-99.05586, 19.20312], [-99.05568, 19.20301], [-99.05548, 19.20325]], [[-99.05622, 19.19718], [-99.05544, 19.19702], [-99.05521, 19.19756], [-99.05544, 19.19702], [-99.05622, 19.19718]], [[-99.05497, 19.20342], [-99.05497, 19.20342], [-99.05497, 19.20342], [-99.05497, 19.20342], [-99.05497, 19.20342]], [[-99.05388, 19.19427], [-99.05388, 19.19427], [-99.0538, 19.19436], [-99.05388, 19.19427], [-99.05388, 19.19427]], [[-99.05352, 19.19489], [-99.05344, 19.19483], [-99.05307, 19.19475], [-99.05344, 19.19483], [-99.05352, 19.19489]], [[-99.05259, 19.20439], [-99.05281, 19.20425], [-99.05285, 19.20417], [-99.05281, 19.20425], [-99.05259, 19.20439]], [[-99.05257, 19.21157], [-99.05257, 19.21156], [-99.05256, 19.21157], [-99.05241, 19.21162], [-99.05227, 19.21163], [-99.0528, 19.21168], [-99.05257, 19.21157]], [[-99.05277, 19.19272], [-99.05277, 19.19272], [-99.05188, 19.19254], [-99.05277, 19.19272], [-99.05277, 19.19272]], [[-99.0521, 19.21212], [-99.05186, 19.21223], [-99.05269, 19.21179], [-99.05262, 19.21187], [-99.0521, 19.21212]], [[-99.05251, 19.19313], [-99.05259, 19.19329], [-99.05253, 19.19297], [-99.05251, 19.19313]], [[-99.0522, 19.1909], [-99.05217, 19.19102], [-99.05216, 19.19129], [-99.05217, 19.19102], [-99.0522, 19.1909]], [[-99.05209, 19.21711], [-99.052, 19.21688], [-99.05209, 19.21711], [-99.05209, 19.21711]], [[-99.05173, 19.21551], [-99.05156, 19.21525], [-99.05173, 19.21551], [-99.05192, 19.21563], [-99.05198, 19.21577], [-99.05192, 19.21563], [-99.05173, 19.21551]], [[-99.05187, 19.21163], [-99.05191, 19.21163], [-99.05197, 19.21164], [-99.05191, 19.21163], [-99.05187, 19.21163]], [[-99.0518, 19.205], [-99.05187, 19.20485], [-99.05199, 19.20478], [-99.05187, 19.20485], [-99.0518, 19.205]], [[-99.05187, 19.19157], [-99.05187, 19.19157], [-99.05202, 19.19146], [-99.05211, 19.19137], [-99.05216, 19.19129], [-99.05187, 19.19157]], [[-99.05178, 19.19186], [-99.05178, 19.19184], [-99.05178, 19.19182], [-99.05178, 19.19184], [-99.05178, 19.19186]], [[-99.05154, 19.21155], [-99.05161, 19.21158], [-99.05165, 19.21159], [-99.05161, 19.21158], [-99.05154, 19.21155]], [[-99.0511, 19.21412], [-99.05109, 19.21404], [-99.05128, 19.2147], [-99.05117, 19.21442], [-99.0511, 19.21412]], [[-99.0511, 19.21303], [-99.05112, 19.21293], [-99.05104, 19.21369], [-99.05105, 19.21335], [-99.0511, 19.21303]], [[-99.05088, 19.20563], [-99.05088, 19.20567], [-99.05088, 19.20563], [-99.05088, 19.20563]], [[-99.05088, 19.18982], [-99.05066, 19.18972], [-99.05088, 19.18985], [-99.05187, 19.19007], [-99.05204, 19.19049], [-99.05217, 19.19052], [-99.05187, 19.19007], [-99.05088, 19.18982]], [[-99.05081, 19.20585], [-99.05083, 19.20583], [-99.05085, 19.2058], [-99.05083, 19.20583], [-99.05081, 19.20585]], [[-99.05047, 19.21103], [-99.05056, 19.2111], [-99.05063, 19.21115], [-99.05056, 19.2111], [-99.05047, 19.21103]], [[-99.05043, 19.20623], [-99.05072, 19.20594], [-99.05005, 19.2067], [-99.05043, 19.20623]], [[-99.05005, 19.2067], [-99.04992, 19.20687], [-99.05005, 19.2067], [-99.05005, 19.2067]], [[-99.0503, 19.18928], [-99.0496, 19.18911], [-99.0503, 19.18928], [-99.0503, 19.18928]], [[-99.0501, 19.21045], [-99.05015, 19.21057], [-99.05003, 19.21035], [-99.0501, 19.21045]], [[-99.04993, 19.21023], [-99.04988, 19.21016], [-99.04985, 19.21014], [-99.05003, 19.21035], [-99.04993, 19.21023]], [[-99.04965, 19.20999], [-99.04972, 19.21003], [-99.04977, 19.21007], [-99.04972, 19.21003], [-99.04965, 19.20999]], [[-99.04955, 19.20745], [-99.0496, 19.20737], [-99.04967, 19.20724], [-99.0496, 19.20737], [-99.04955, 19.20745]], [[-99.04948, 19.20969], [-99.04949, 19.20971], [-99.04949, 19.20973], [-99.04949, 19.20971], [-99.04948, 19.20969]], [[-99.04945, 19.2088], [-99.04946, 19.20889], [-99.04946, 19.20889], [-99.04945, 19.2088]], [[-99.04945, 19.20947], [-99.04946, 19.20921], [-99.04946, 19.20954], [-99.04945, 19.20947]], [[-99.04937, 19.20791], [-99.04936, 19.20801], [-99.04936, 19.20812], [-99.04936, 19.20801], [-99.04937, 19.20791]], [[-99.04917, 19.21444], [-99.04915, 19.2144], [-99.04929, 19.2148], [-99.04917, 19.21444]], [[-99.04906, 19.21414], [-99.04902, 19.214], [-99.04915, 19.2144], [-99.04906, 19.21414]], [[-99.04867, 19.21299], [-99.04862, 19.21283], [-99.0484, 19.2122], [-99.04862, 19.21283], [-99.04867, 19.21299]], [[-99.04823, 19.19071], [-99.04799, 19.19141], [-99.04823, 19.19071], [-99.04823, 19.19071]], [[-99.04796, 19.19155], [-99.04796, 19.19155], [-99.04799, 19.19141], [-99.04796, 19.19155]], [[-99.04808, 19.19199], [-99.04807, 19.19201], [-99.04802, 19.19209], [-99.04807, 19.19201], [-99.04808, 19.19199]], [[-99.04809, 19.19187], [-99.04797, 19.1917], [-99.04796, 19.19164], [-99.04797, 19.1917], [-99.04809, 19.19187]], [[-99.04794, 19.19497], [-99.04798, 19.19503], [-99.04786, 19.19495], [-99.04794, 19.19497]], [[-99.0477, 19.19238], [-99.04778, 19.19227], [-99.0479, 19.19216], [-99.04765, 19.1925], [-99.0477, 19.19238]], [[-99.04766, 19.19483], [-99.04762, 19.19479], [-99.04755, 19.19473], [-99.04762, 19.19479], [-99.04766, 19.19483]], [[-99.04754, 19.19535], [-99.04745, 19.19535], [-99.04762, 19.19536], [-99.04754, 19.19535]], [[-99.04739, 19.19537], [-99.04739, 19.19537], [-99.04745, 19.19535], [-99.04739, 19.19537]], [[-99.04747, 19.19283], [-99.04738, 19.19308], [-99.04734, 19.19328], [-99.04757, 19.19261], [-99.04747, 19.19283]], [[-99.04761, 19.2099], [-99.04755, 19.20973], [-99.04744, 19.20948], [-99.04755, 19.20973], [-99.04761, 19.2099]], [[-99.04739, 19.19537], [-99.04739, 19.19537], [-99.04738, 19.19537], [-99.04739, 19.19537], [-99.04739, 19.19537]], [[-99.04727, 19.19554], [-99.04727, 19.19554], [-99.04727, 19.19554], [-99.04727, 19.19554], [-99.04727, 19.19554]], [[-99.04704, 19.20869], [-99.04701, 19.20864], [-99.04687, 19.20837], [-99.04701, 19.20864], [-99.04704, 19.20869]], [[-99.04692, 19.19542], [-99.04688, 19.19539], [-99.04687, 19.1954], [-99.04688, 19.19539], [-99.04692, 19.19542]], [[-99.04674, 19.20813], [-99.04663, 19.20794], [-99.04675, 19.20815], [-99.04674, 19.20813]], [[-99.04651, 19.20773], [-99.04638, 19.20747], [-99.04663, 19.20794], [-99.04651, 19.20773]], [[-99.04637, 19.19576], [-99.04644, 19.19573], [-99.04662, 19.19574], [-99.04636, 19.19582], [-99.04637, 19.19576]], [[-99.04627, 19.19669], [-99.04637, 19.19663], [-99.04614, 19.19709], [-99.04627, 19.19669]], [[-99.04588, 19.20655], [-99.04607, 19.20691], [-99.04609, 19.20694], [-99.04571, 19.20632], [-99.04588, 19.20655]], [[-99.04541, 19.19697], [-99.04534, 19.19695], [-99.0452, 19.19685], [-99.04534, 19.19695], [-99.04541, 19.19697]], [[-99.04518, 19.19684], [-99.04518, 19.19684], [-99.04518, 19.19684], [-99.04518, 19.19684], [-99.04518, 19.19684]], [[-99.04538, 19.20594], [-99.04517, 19.20573], [-99.04506, 19.20562], [-99.04517, 19.20573], [-99.04538, 19.20594]], [[-99.04465, 19.19742], [-99.04465, 19.19742], [-99.04456, 19.19705], [-99.04465, 19.19742], [-99.04465, 19.19742]], [[-99.04451, 19.19699], [-99.04451, 19.19699], [-99.04442, 19.19699], [-99.04451, 19.19699], [-99.04451, 19.19699]], [[-99.04434, 19.19722], [-99.04437, 19.19709], [-99.04434, 19.19722], [-99.04434, 19.19722]], [[-99.04355, 19.19828], [-99.04328, 19.19822], [-99.04292, 19.19826], [-99.04328, 19.19822], [-99.04355, 19.19828]], [[-99.04259, 19.19872], [-99.04256, 19.19868], [-99.04259, 19.19872], [-99.04259, 19.19872]], [[-99.04243, 19.19843], [-99.04237, 19.19853], [-99.04237, 19.19853], [-99.04243, 19.19843]], [[-99.04232, 19.19899], [-99.04208, 19.19923], [-99.04198, 19.19949], [-99.04208, 19.19923], [-99.04232, 19.19899]], [[-99.04189, 19.20134], [-99.04189, 19.20134], [-99.04189, 19.20134], [-99.04189, 19.20134]], [[-99.04216, 19.20441], [-99.04171, 19.20429], [-99.04166, 19.20428], [-99.04171, 19.20429], [-99.04216, 19.20441]], [[-99.0419, 19.2007], [-99.0417, 19.20024], [-99.04177, 19.20004], [-99.0417, 19.20024], [-99.0419, 19.2007]], [[-99.04124, 19.20415], [-99.04113, 19.2041], [-99.04102, 19.20405], [-99.04113, 19.2041], [-99.04124, 19.20415]], [[-99.04042, 19.20359], [-99.04035, 19.20351], [-99.04031, 19.20347], [-99.04035, 19.20351], [-99.04042, 19.20359]], [[-99.04025, 19.20267], [-99.04034, 19.20268], [-99.04045, 19.20265], [-99.04045, 19.20265], [-99.04045, 19.20265], [-99.04025, 19.20267]], [[-99.04017, 19.17919], [-99.04003, 19.17914], [-99.04027, 19.17926], [-99.04017, 19.17919]], [[-99.03987, 19.17913], [-99.03956, 19.17897], [-99.03945, 19.17893], [-99.03987, 19.17913], [-99.04003, 19.17914], [-99.03987, 19.17913]], [[-99.04048, 19.17531], [-99.04074, 19.17545], [-99.04095, 19.17559], [-99.04074, 19.17545], [-99.04048, 19.17531], [-99.04016, 19.17575], [-99.04048, 19.17531]], [[-99.04015, 19.20267], [-99.04015, 19.20267], [-99.04005, 19.20266], [-99.04015, 19.20267]], [[-99.04012, 19.20314], [-99.04004, 19.20297], [-99.04002, 19.20291], [-99.04004, 19.20297], [-99.04012, 19.20314]], [[-99.0397, 19.18027], [-99.0397, 19.18027], [-99.04002, 19.17956], [-99.0397, 19.18027]], [[-99.03964, 19.18025], [-99.03958, 19.18021], [-99.03956, 19.18035], [-99.03958, 19.18021], [-99.03964, 19.18025]], [[-99.03946, 19.17555], [-99.03946, 19.17555], [-99.03953, 19.17556], [-99.03946, 19.17555]], [[-99.03988, 19.17709], [-99.03942, 19.17721], [-99.03923, 19.17739], [-99.03942, 19.17721], [-99.03988, 19.17709]], [[-99.0391, 19.17745], [-99.03902, 19.17751], [-99.03923, 19.17739], [-99.0391, 19.17745]], [[-99.03906, 19.17879], [-99.03901, 19.1787], [-99.039, 19.1786], [-99.03901, 19.1787], [-99.03906, 19.17879]], [[-99.039, 19.17851], [-99.03897, 19.17845], [-99.039, 19.1786], [-99.039, 19.17851]], [[-99.03893, 19.18017], [-99.03893, 19.18017], [-99.03895, 19.18018], [-99.03893, 19.18017]], [[-99.03885, 19.17231], [-99.03887, 19.17233], [-99.03889, 19.17238], [-99.03887, 19.17233], [-99.03885, 19.17231]], [[-99.03861, 19.17224], [-99.03854, 19.17226], [-99.03869, 19.17225], [-99.03861, 19.17224]], [[-99.03854, 19.17226], [-99.03854, 19.17226], [-99.03854, 19.17226], [-99.03854, 19.17226]], [[-99.03864, 19.17474], [-99.03862, 19.17472], [-99.03862, 19.17466], [-99.03862, 19.17472], [-99.03864, 19.17474]], [[-99.03852, 19.17435], [-99.03841, 19.17433], [-99.03828, 19.17436], [-99.03828, 19.17436], [-99.03852, 19.17435]], [[-99.03828, 19.17436], [-99.03815, 19.1744], [-99.03815, 19.1744], [-99.03815, 19.1744], [-99.03828, 19.17436], [-99.03828, 19.17436], [-99.03828, 19.17436]], [[-99.03801, 19.18115], [-99.03801, 19.18115], [-99.03828, 19.18082], [-99.03801, 19.18115]], [[-99.03812, 19.17444], [-99.03808, 19.17447], [-99.03807, 19.17451], [-99.03808, 19.17447], [-99.03812, 19.17444]], [[-99.03821, 19.17336], [-99.0383, 19.17312], [-99.03846, 19.17294], [-99.0383, 19.17312], [-99.03806, 19.17358], [-99.03821, 19.17336]], [[-99.03787, 19.17242], [-99.03785, 19.17241], [-99.03782, 19.17239], [-99.03785, 19.17241], [-99.03787, 19.17242]], [[-99.03795, 19.18132], [-99.03782, 19.18135], [-99.03777, 19.18147], [-99.03782, 19.18135], [-99.03795, 19.18132]], [[-99.03773, 19.17225], [-99.0377, 19.17223], [-99.03768, 19.17222], [-99.0377, 19.17223], [-99.03773, 19.17225]], [[-99.03759, 19.17223], [-99.03759, 19.17223], [-99.03759, 19.17223], [-99.03759, 19.17223], [-99.03759, 19.17223]], [[-99.03767, 19.18194], [-99.03757, 19.18181], [-99.03754, 19.18179], [-99.03757, 19.18181], [-99.03767, 19.18194]], [[-99.03764, 19.17425], [-99.03755, 19.17429], [-99.03749, 19.17434], [-99.03755, 19.17429], [-99.03764, 19.17425]], [[-99.03756, 19.18157], [-99.03742, 19.18171], [-99.03742, 19.18171], [-99.03756, 19.18157]], [[-99.03743, 19.17439], [-99.03741, 19.17442], [-99.03741, 19.17442], [-99.03743, 19.17439]], [[-99.03727, 19.18225], [-99.03727, 19.18225], [-99.03727, 19.18225], [-99.03727, 19.18225], [-99.03727, 19.18225]], [[-99.03699, 19.1823], [-99.03699, 19.1823], [-99.03685, 19.18235], [-99.03699, 19.1823], [-99.03699, 19.1823]], [[-99.03682, 19.18277], [-99.03672, 19.18256], [-99.03678, 19.18241], [-99.03672, 19.18256], [-99.03682, 19.18277]], [[-99.0369, 19.17151], [-99.03671, 19.17155], [-99.03651, 19.17161], [-99.0363, 19.17163], [-99.0369, 19.17151]], [[-99.03626, 19.17164], [-99.03626, 19.17164], [-99.0363, 19.17163], [-99.03626, 19.17164]], [[-99.03676, 19.18286], [-99.03671, 19.18291], [-99.03655, 19.18299], [-99.03671, 19.18291], [-99.03676, 19.18286]], [[-99.03664, 19.20317], [-99.03663, 19.20317], [-99.03665, 19.20316], [-99.03664, 19.20317]], [[-99.03654, 19.20317], [-99.03648, 19.20318], [-99.03663, 19.20317], [-99.03654, 19.20317]], [[-99.03669, 19.203], [-99.03643, 19.20294], [-99.03633, 19.20291], [-99.03643, 19.20294], [-99.03669, 19.203]], [[-99.03639, 19.18285], [-99.03639, 19.18285], [-99.03639, 19.18285], [-99.03639, 19.18285]], [[-99.03596, 19.17189], [-99.03613, 19.17175], [-99.03617, 19.17172], [-99.03594, 19.1719], [-99.03596, 19.17189]], [[-99.03578, 19.17202], [-99.03577, 19.17203], [-99.03575, 19.17204], [-99.03594, 19.1719], [-99.03578, 19.17202]], [[-99.03574, 19.17205], [-99.03567, 19.1721], [-99.03575, 19.17204], [-99.03574, 19.17205]], [[-99.03609, 19.20187], [-99.03605, 19.20179], [-99.0361, 19.20195], [-99.03609, 19.20187]], [[-99.036, 19.20172], [-99.03593, 19.20166], [-99.03605, 19.20179], [-99.036, 19.20172]], [[-99.03585, 19.20162], [-99.03584, 19.20162], [-99.03577, 19.2016], [-99.03593, 19.20166], [-99.03585, 19.20162]], [[-99.03569, 19.20159], [-99.03496, 19.20144], [-99.03577, 19.2016], [-99.03569, 19.20159]], [[-99.03611, 19.20201], [-99.03611, 19.20201], [-99.0361, 19.20208], [-99.03611, 19.20201]], [[-99.03612, 19.19599], [-99.03612, 19.19599], [-99.03609, 19.19591], [-99.03609, 19.19591], [-99.03612, 19.19599]], [[-99.03604, 19.20268], [-99.03603, 19.20264], [-99.03603, 19.20263], [-99.03603, 19.20264], [-99.03604, 19.20268]], [[-99.03612, 19.19574], [-99.03612, 19.19574], [-99.03596, 19.19565], [-99.03596, 19.19565], [-99.03612, 19.19574]], [[-99.03572, 19.18312], [-99.03572, 19.18312], [-99.03568, 19.18318], [-99.03572, 19.18312]], [[-99.03537, 19.19934], [-99.03536, 19.19925], [-99.03534, 19.19915], [-99.03536, 19.19925], [-99.03537, 19.19934]], [[-99.03535, 19.19951], [-99.03535, 19.19953], [-99.03533, 19.19963], [-99.03535, 19.19953], [-99.03535, 19.19951]], [[-99.03535, 19.18295], [-99.03534, 19.18295], [-99.03527, 19.18303], [-99.03534, 19.18295], [-99.03535, 19.18295]], [[-99.03533, 19.1989], [-99.03531, 19.19894], [-99.0353, 19.19896], [-99.03531, 19.19894], [-99.03533, 19.1989]], [[-99.03511, 19.1708], [-99.03451, 19.17074], [-99.03525, 19.17081], [-99.03511, 19.1708]], [[-99.03451, 19.17074], [-99.03451, 19.17074], [-99.03451, 19.17074], [-99.03451, 19.17074]], [[-99.03521, 19.19493], [-99.03515, 19.19513], [-99.03515, 19.19513], [-99.03521, 19.19493]], [[-99.03486, 19.18326], [-99.03486, 19.18326], [-99.03504, 19.18319], [-99.03486, 19.18326]], [[-99.03454, 19.18321], [-99.03452, 19.1832], [-99.03486, 19.18326], [-99.03454, 19.18321]], [[-99.03496, 19.20029], [-99.03525, 19.1998], [-99.0353, 19.1997], [-99.03525, 19.1998], [-99.03496, 19.20029], [-99.03493, 19.20034], [-99.03496, 19.20029]], [[-99.03493, 19.18687], [-99.03491, 19.18709], [-99.0349, 19.18718], [-99.03491, 19.18709], [-99.03493, 19.18687]], [[-99.03494, 19.20313], [-99.03513, 19.20322], [-99.03537, 19.2033], [-99.03494, 19.20313], [-99.03488, 19.20312], [-99.03494, 19.20313]], [[-99.03491, 19.18815], [-99.03487, 19.18815], [-99.03463, 19.18814], [-99.03487, 19.18815], [-99.03491, 19.18815]], [[-99.03486, 19.18784], [-99.03491, 19.18815], [-99.03491, 19.18815], [-99.03486, 19.18747], [-99.03486, 19.18784]], [[-99.03486, 19.20132], [-99.03484, 19.20128], [-99.03482, 19.20123], [-99.03484, 19.20128], [-99.03486, 19.20132]], [[-99.03501, 19.19365], [-99.03479, 19.19362], [-99.03479, 19.19362], [-99.03479, 19.19362], [-99.03501, 19.19365]], [[-99.03473, 19.18559], [-99.03465, 19.18546], [-99.03462, 19.18542], [-99.03465, 19.18546], [-99.03473, 19.18559]], [[-99.03454, 19.19424], [-99.03453, 19.19424], [-99.03385, 19.19406], [-99.03454, 19.19424], [-99.03454, 19.19424]], [[-99.03452, 19.1709], [-99.03376, 19.17081], [-99.03376, 19.17073], [-99.03377, 19.17064], [-99.03452, 19.1709]], [[-99.03451, 19.17083], [-99.03452, 19.1709], [-99.03452, 19.1709], [-99.03451, 19.17074], [-99.03451, 19.17083]], [[-99.03443, 19.18312], [-99.03437, 19.18311], [-99.03437, 19.18311], [-99.03437, 19.18311], [-99.03443, 19.18312]], [[-99.03437, 19.18311], [-99.03429, 19.18333], [-99.03417, 19.18355], [-99.03429, 19.18333], [-99.03437, 19.18311]], [[-99.03417, 19.18355], [-99.03417, 19.18355], [-99.03417, 19.18355], [-99.03417, 19.18355]], [[-99.03433, 19.20301], [-99.03412, 19.203], [-99.03395, 19.20291], [-99.03412, 19.203], [-99.03433, 19.20301]], [[-99.03441, 19.18814], [-99.03401, 19.18813], [-99.03391, 19.18813], [-99.03401, 19.18813], [-99.03441, 19.18814]], [[-99.03394, 19.1847], [-99.0337, 19.18444], [-99.03321, 19.18394], [-99.0337, 19.18444], [-99.03394, 19.1847]], [[-99.0332, 19.18393], [-99.0331, 19.18383], [-99.03321, 19.18394], [-99.0332, 19.18393]], [[-99.03378, 19.17058], [-99.03378, 19.17058], [-99.03369, 19.17057], [-99.03378, 19.17058]], [[-99.03354, 19.20296], [-99.03349, 19.20296], [-99.03344, 19.20295], [-99.03349, 19.20296], [-99.03354, 19.20296]], [[-99.03356, 19.18331], [-99.03335, 19.18326], [-99.03302, 19.18329], [-99.03335, 19.18326], [-99.03356, 19.18331]], [[-99.03325, 19.18818], [-99.03325, 19.18818], [-99.03314, 19.18845], [-99.03325, 19.18818], [-99.03325, 19.18818]], [[-99.03284, 19.18901], [-99.03284, 19.18901], [-99.03284, 19.18901], [-99.03266, 19.18906], [-99.03284, 19.18901]], [[-99.03266, 19.18906], [-99.03256, 19.18911], [-99.03266, 19.18906], [-99.03266, 19.18906]], [[-99.03224, 19.18932], [-99.03207, 19.18941], [-99.03256, 19.18911], [-99.03224, 19.18932]], [[-99.03281, 19.18329], [-99.03261, 19.18346], [-99.03261, 19.18346], [-99.03281, 19.18329]], [[-99.03215, 19.17131], [-99.03215, 19.17131], [-99.03224, 19.17134], [-99.03215, 19.17131]], [[-99.03215, 19.20534], [-99.03213, 19.20527], [-99.03215, 19.20534], [-99.03215, 19.20534]], [[-99.03213, 19.20461], [-99.0321, 19.20457], [-99.03213, 19.20461], [-99.03213, 19.20461]], [[-99.03209, 19.19248], [-99.03213, 19.19245], [-99.03222, 19.19219], [-99.03213, 19.19245], [-99.03209, 19.19248]], [[-99.03208, 19.20419], [-99.03204, 19.20423], [-99.03201, 19.20429], [-99.03204, 19.20423], [-99.03208, 19.20419]], [[-99.03184, 19.20532], [-99.03191, 19.20537], [-99.03198, 19.20542], [-99.03199, 19.20543], [-99.03184, 19.20532]], [[-99.03152, 19.19048], [-99.03152, 19.19048], [-99.03118, 19.19033], [-99.03152, 19.19048]], [[-99.03117, 19.19105], [-99.03111, 19.19103], [-99.03131, 19.19071], [-99.03111, 19.19103], [-99.03117, 19.19105]], [[-99.03098, 19.17049], [-99.03092, 19.17054], [-99.03103, 19.17048], [-99.03098, 19.17049]], [[-99.03071, 19.17079], [-99.03049, 19.17085], [-99.03092, 19.17054], [-99.03071, 19.17079]], [[-99.03039, 19.20473], [-99.03039, 19.20473], [-99.03038, 19.20487], [-99.03039, 19.20473]], [[-99.03099, 19.20488], [-99.03112, 19.20491], [-99.03145, 19.20499], [-99.03036, 19.20466], [-99.03099, 19.20488]], [[-99.03014, 19.20556], [-99.03014, 19.20556], [-99.03017, 19.20548], [-99.03014, 19.20556]], [[-99.02992, 19.17123], [-99.0299, 19.17142], [-99.02985, 19.17213], [-99.0299, 19.17142], [-99.02992, 19.17123]], [[-99.0299, 19.17237], [-99.0299, 19.17237], [-99.02978, 19.17298], [-99.0299, 19.17237]], [[-99.02968, 19.17472], [-99.02967, 19.17465], [-99.02968, 19.17459], [-99.02967, 19.17465], [-99.02968, 19.17472]], [[-99.02921, 19.1801], [-99.02886, 19.17966], [-99.02921, 19.1801], [-99.02921, 19.1801]], [[-99.02917, 19.18014], [-99.02912, 19.18018], [-99.02871, 19.18051], [-99.02912, 19.18018], [-99.02917, 19.18014]], [[-99.02909, 19.20628], [-99.02906, 19.20627], [-99.02903, 19.20623], [-99.02906, 19.20627], [-99.02909, 19.20628]], [[-99.02864, 19.20538], [-99.02897, 19.20577], [-99.02899, 19.20581], [-99.02848, 19.20533], [-99.02864, 19.20538]], [[-99.02816, 19.1791], [-99.028, 19.17905], [-99.02837, 19.17921], [-99.02816, 19.1791]], [[-99.02786, 19.17903], [-99.02767, 19.17901], [-99.028, 19.17905], [-99.02786, 19.17903]], [[-99.02804, 19.20462], [-99.02807, 19.20457], [-99.02807, 19.20452], [-99.02807, 19.20457], [-99.02804, 19.20462]], [[-99.02809, 19.176], [-99.02811, 19.17581], [-99.02811, 19.17581], [-99.02805, 19.17612], [-99.02809, 19.176]], [[-99.02837, 19.17472], [-99.02803, 19.1747], [-99.02803, 19.1747], [-99.02803, 19.1747], [-99.02837, 19.17472]], [[-99.02787, 19.2041], [-99.02784, 19.20397], [-99.02772, 19.20386], [-99.02784, 19.20397], [-99.02787, 19.2041]], [[-99.02779, 19.17768], [-99.02774, 19.1778], [-99.02779, 19.17768], [-99.02779, 19.17768]], [[-99.02768, 19.17794], [-99.0277, 19.1782], [-99.02774, 19.1778], [-99.02768, 19.17794]], [[-99.02766, 19.17853], [-99.02761, 19.17864], [-99.0277, 19.1782], [-99.02766, 19.17853]], [[-99.02762, 19.1788], [-99.02758, 19.17901], [-99.02758, 19.17901], [-99.02762, 19.1788]], [[-99.02762, 19.18143], [-99.02752, 19.18154], [-99.0275, 19.18155], [-99.02752, 19.18154], [-99.02762, 19.18143]], [[-99.0273, 19.20175], [-99.02719, 19.20127], [-99.02714, 19.20124], [-99.02719, 19.20127], [-99.0273, 19.20175]], [[-99.0271, 19.18193], [-99.02724, 19.18178], [-99.02676, 19.18223], [-99.02687, 19.18217], [-99.0271, 19.18193]], [[-99.02676, 19.18223], [-99.02676, 19.18223], [-99.02676, 19.18223], [-99.02676, 19.18223]], [[-99.02687, 19.20327], [-99.02687, 19.20327], [-99.02696, 19.20341], [-99.02687, 19.20327]], [[-99.02648, 19.20085], [-99.02645, 19.20102], [-99.02645, 19.20102], [-99.02648, 19.20085]], [[-99.02604, 19.18148], [-99.02614, 19.18138], [-99.02623, 19.18127], [-99.02591, 19.18161], [-99.02604, 19.18148]], [[-99.0256, 19.18179], [-99.0256, 19.18179], [-99.02538, 19.18195], [-99.0256, 19.18179], [-99.0256, 19.18179]], [[-99.02497, 19.18216], [-99.02497, 19.18216], [-99.02522, 19.18207], [-99.02497, 19.18216], [-99.02497, 19.18216]], [[-99.0245, 19.18241], [-99.0245, 19.18241], [-99.0245, 19.18241], [-99.0245, 19.18241], [-99.0245, 19.18241]], [[-99.02424, 19.18242], [-99.02404, 19.18256], [-99.02391, 19.1827], [-99.02367, 19.18298], [-99.0235, 19.18306], [-99.02367, 19.18298], [-99.02424, 19.18242]], [[-99.02394, 19.2022], [-99.02394, 19.2022], [-99.02389, 19.20196], [-99.02394, 19.2022]], [[-99.02336, 19.19999], [-99.02323, 19.19947], [-99.02323, 19.19947], [-99.02389, 19.20196], [-99.02336, 19.19999]], [[-99.0239, 19.20239], [-99.02389, 19.20245], [-99.02389, 19.20245], [-99.02389, 19.20245], [-99.0239, 19.20239]], [[-99.02305, 19.18314], [-99.0235, 19.18306], [-99.0235, 19.18306], [-99.02298, 19.18316], [-99.02305, 19.18314]], [[-99.02252, 19.20121], [-99.02211, 19.20111], [-99.02211, 19.20111], [-99.02211, 19.20111], [-99.02252, 19.20121]], [[-99.02184, 19.20198], [-99.02184, 19.20198], [-99.02211, 19.20111], [-99.02184, 19.20198]], [[-99.02196, 19.18374], [-99.02198, 19.1837], [-99.02199, 19.18369], [-99.02187, 19.18393], [-99.02196, 19.18374]], [[-99.02162, 19.18372], [-99.02144, 19.18344], [-99.02131, 19.18317], [-99.02144, 19.18344], [-99.02162, 19.18372]], [[-99.0212, 19.1829], [-99.02116, 19.18268], [-99.02125, 19.18303], [-99.0212, 19.1829]], [[-99.02111, 19.18263], [-99.02107, 19.18262], [-99.02116, 19.18268], [-99.02111, 19.18263]], [[-99.02107, 19.18281], [-99.02099, 19.18292], [-99.02065, 19.18308], [-99.02099, 19.18292], [-99.02107, 19.18281]], [[-99.02013, 19.18335], [-99.02, 19.18336], [-99.01998, 19.18336], [-99.02, 19.18336], [-99.02013, 19.18335]], [[-99.01938, 19.20164], [-99.02041, 19.20191], [-99.02048, 19.20195], [-99.02041, 19.20191], [-99.01938, 19.20164]], [[-99.01936, 19.18348], [-99.01936, 19.18348], [-99.01936, 19.18348], [-99.01936, 19.18348], [-99.01936, 19.18348]], [[-99.01927, 19.20344], [-99.01927, 19.20344], [-99.01926, 19.20364], [-99.01927, 19.20344]], [[-99.01919, 19.20421], [-99.01919, 19.20421], [-99.01919, 19.20416], [-99.01919, 19.20416], [-99.01919, 19.20421]], [[-99.01909, 19.18366], [-99.01909, 19.18366], [-99.01909, 19.18366], [-99.01909, 19.18366], [-99.01909, 19.18366]], [[-99.01919, 19.20421], [-99.01828, 19.20402], [-99.01817, 19.20404], [-99.01828, 19.20402], [-99.01919, 19.20421]], [[-99.01792, 19.20504], [-99.01792, 19.20504], [-99.01792, 19.20504], [-99.01792, 19.20504]], [[-99.01736, 19.18427], [-99.01739, 19.18427], [-99.01744, 19.18427], [-99.01739, 19.18427], [-99.01736, 19.18427]], [[-99.01704, 19.18433], [-99.01689, 19.18444], [-99.01689, 19.18444], [-99.01654, 19.18453], [-99.01704, 19.18433]], [[-99.01636, 19.18455], [-99.01616, 19.1845], [-99.0159, 19.1844], [-99.01654, 19.18453], [-99.01636, 19.18455]], [[-99.01583, 19.20466], [-99.01533, 19.20462], [-99.01583, 19.20466], [-99.01583, 19.20466]], [[-99.01645, 19.20524], [-99.01565, 19.2051], [-99.01569, 19.20494], [-99.01565, 19.2051], [-99.01645, 19.20524]], [[-99.01505, 19.20446], [-99.0145, 19.20426], [-99.01506, 19.20449], [-99.01505, 19.20446]], [[-99.01425, 19.20488], [-99.01392, 19.20475], [-99.01425, 19.20488], [-99.0145, 19.20426], [-99.01425, 19.20488]], [[-99.015, 19.18711], [-99.01483, 19.18723], [-99.01466, 19.18738], [-99.01483, 19.18723], [-99.015, 19.18711]], [[-99.01459, 19.18632], [-99.01459, 19.18632], [-99.01461, 19.18634], [-99.01459, 19.18632]], [[-99.01411, 19.20307], [-99.01411, 19.20307], [-99.01369, 19.20301], [-99.01411, 19.20307], [-99.01411, 19.20307]], [[-99.01456, 19.18386], [-99.01411, 19.18352], [-99.0141, 19.18354], [-99.01456, 19.18386]], [[-99.01432, 19.20315], [-99.01432, 19.20315], [-99.01407, 19.20395], [-99.01432, 19.20315]], [[-99.01405, 19.18366], [-99.01405, 19.18366], [-99.01406, 19.18362], [-99.01405, 19.18366]], [[-99.01299, 19.18865], [-99.01289, 19.18867], [-99.01273, 19.18859], [-99.01289, 19.18867], [-99.01299, 19.18865]], [[-99.0126, 19.20316], [-99.0126, 19.20316], [-99.01255, 19.20313], [-99.0126, 19.20316]], [[-99.0122, 19.20295], [-99.01197, 19.20282], [-99.01197, 19.20282], [-99.01197, 19.20282], [-99.0122, 19.20295]], [[-99.01187, 19.20325], [-99.01187, 19.20325], [-99.01187, 19.20325], [-99.01187, 19.20325], [-99.01187, 19.20325]], [[-99.01177, 19.18828], [-99.01179, 19.18827], [-99.01177, 19.18828], [-99.01177, 19.18828]], [[-99.01143, 19.18825], [-99.01036, 19.18793], [-99.0101, 19.18783], [-99.01036, 19.18793], [-99.01143, 19.18825]], [[-99.01021, 19.18769], [-99.01018, 19.18745], [-99.01021, 19.18769], [-99.01021, 19.18769]], [[-99.01006, 19.18315], [-99.01006, 19.18315], [-99.01016, 19.18299], [-99.01006, 19.18315]], [[-99.01001, 19.18237], [-99.00998, 19.18183], [-99.00998, 19.18183], [-99.00998, 19.18183], [-99.01001, 19.18237]], [[-99.00995, 19.18161], [-99.00994, 19.18157], [-99.00992, 19.18139], [-99.00994, 19.18157], [-99.00995, 19.18161]], [[-99.00987, 19.18115], [-99.00982, 19.18095], [-99.00977, 19.18075], [-99.00982, 19.18095], [-99.00987, 19.18115]], [[-99.00989, 19.20182], [-99.00989, 19.20182], [-99.00978, 19.20224], [-99.00989, 19.20182]], [[-99.00969, 19.17989], [-99.00972, 19.18001], [-99.00982, 19.18041], [-99.00982, 19.18042], [-99.00969, 19.17989]], [[-99.01002, 19.18424], [-99.00972, 19.18424], [-99.00953, 19.18423], [-99.00972, 19.18424], [-99.01002, 19.18424]], [[-99.00963, 19.17961], [-99.00945, 19.17919], [-99.00944, 19.17919], [-99.00945, 19.17919], [-99.00963, 19.17961]], [[-99.00934, 19.17574], [-99.00942, 19.17566], [-99.00864, 19.17496], [-99.00942, 19.17566], [-99.00934, 19.17574]], [[-99.00903, 19.18411], [-99.00891, 19.18401], [-99.00881, 19.18382], [-99.00891, 19.18401], [-99.00903, 19.18411]], [[-99.01005, 19.18668], [-99.00889, 19.18668], [-99.00795, 19.18668], [-99.00889, 19.18668], [-99.01005, 19.18668]], [[-99.00856, 19.20178], [-99.0083, 19.20177], [-99.00797, 19.20173], [-99.00797, 19.20173], [-99.00856, 19.20178]], [[-99.0085, 19.17677], [-99.0084, 19.17695], [-99.00828, 19.17704], [-99.0084, 19.17695], [-99.0085, 19.17677]], [[-99.00846, 19.18304], [-99.00839, 19.18306], [-99.00816, 19.18307], [-99.00839, 19.18306], [-99.00846, 19.18304]], [[-99.00814, 19.1772], [-99.00801, 19.17736], [-99.00787, 19.17742], [-99.00774, 19.1775], [-99.00814, 19.1772]], [[-99.00775, 19.17769], [-99.00779, 19.17776], [-99.00774, 19.1775], [-99.00775, 19.17769]], [[-99.00763, 19.17887], [-99.00763, 19.17887], [-99.00805, 19.17902], [-99.00763, 19.17887]], [[-99.00784, 19.17841], [-99.00784, 19.17836], [-99.00784, 19.17836], [-99.00784, 19.17836], [-99.00784, 19.17841]], [[-99.00789, 19.1746], [-99.00774, 19.17457], [-99.00725, 19.17451], [-99.00774, 19.17457], [-99.00789, 19.1746]], [[-99.00741, 19.20358], [-99.00741, 19.20358], [-99.00742, 19.20355], [-99.00741, 19.20358]], [[-99.00705, 19.17362], [-99.00705, 19.17362], [-99.00709, 19.1738], [-99.00705, 19.17362]], [[-99.00706, 19.17295], [-99.00683, 19.17312], [-99.00672, 19.17322], [-99.00683, 19.17312], [-99.00706, 19.17295]], [[-99.00672, 19.17322], [-99.0066, 19.17326], [-99.00672, 19.17322], [-99.00672, 19.17322]], [[-99.00593, 19.22208], [-99.00593, 19.22208], [-99.00623, 19.2215], [-99.00593, 19.22208]], [[-99.00612, 19.18319], [-99.00672, 19.18329], [-99.0069, 19.18324], [-99.00672, 19.18329], [-99.00612, 19.18319]], [[-99.00596, 19.22221], [-99.00593, 19.22208], [-99.00596, 19.22221], [-99.00596, 19.22221]], [[-99.00556, 19.17181], [-99.00545, 19.17188], [-99.00535, 19.17186], [-99.00545, 19.17188], [-99.00556, 19.17181]], [[-99.00513, 19.17174], [-99.00473, 19.17151], [-99.00535, 19.17186], [-99.00513, 19.17174]], [[-99.0059, 19.18306], [-99.00552, 19.18297], [-99.00521, 19.18293], [-99.00552, 19.18297], [-99.0059, 19.18306]], [[-99.00531, 19.17267], [-99.00531, 19.17267], [-99.0055, 19.17283], [-99.00531, 19.17267]], [[-99.00551, 19.17244], [-99.00553, 19.17234], [-99.00559, 19.17228], [-99.00553, 19.17234], [-99.00548, 19.17249], [-99.00551, 19.17244]], [[-99.00534, 19.20533], [-99.00533, 19.20534], [-99.00523, 19.20557], [-99.00533, 19.20534], [-99.00534, 19.20533]], [[-99.00526, 19.18252], [-99.00529, 19.18235], [-99.00529, 19.1822], [-99.00529, 19.18235], [-99.00526, 19.18252]], [[-99.00583, 19.18631], [-99.00586, 19.18638], [-99.00589, 19.18644], [-99.00512, 19.18628], [-99.00583, 19.18631]], [[-99.00521, 19.21978], [-99.00567, 19.21987], [-99.0059, 19.21994], [-99.00505, 19.21975], [-99.00521, 19.21978]], [[-99.0047, 19.21986], [-99.0049, 19.21974], [-99.00501, 19.21974], [-99.0049, 19.21974], [-99.0047, 19.21986]], [[-99.00457, 19.17165], [-99.0044, 19.17161], [-99.00425, 19.17159], [-99.0044, 19.17161], [-99.00457, 19.17165]], [[-99.00399, 19.17141], [-99.00393, 19.17131], [-99.00392, 19.17129], [-99.00393, 19.17131], [-99.00399, 19.17141]], [[-99.00388, 19.2227], [-99.00364, 19.22273], [-99.00364, 19.22273], [-99.00364, 19.22273], [-99.00388, 19.2227]], [[-99.00351, 19.18624], [-99.00355, 19.18619], [-99.00359, 19.18612], [-99.00359, 19.18612], [-99.00351, 19.18624]], [[-99.00351, 19.22277], [-99.00342, 19.2229], [-99.0034, 19.22291], [-99.00342, 19.2229], [-99.00351, 19.22277]], [[-99.0034, 19.2191], [-99.0034, 19.2191], [-99.00316, 19.21896], [-99.0034, 19.2191]], [[-99.00297, 19.21892], [-99.00274, 19.21883], [-99.00316, 19.21896], [-99.00297, 19.21892]], [[-99.00276, 19.21863], [-99.00276, 19.21863], [-99.00274, 19.21883], [-99.00276, 19.21863]], [[-99.0034, 19.2191], [-99.0034, 19.2191], [-99.00337, 19.21923], [-99.0034, 19.2191], [-99.0034, 19.2191]], [[-99.00336, 19.22295], [-99.00329, 19.22298], [-99.0034, 19.22291], [-99.00336, 19.22295]], [[-99.00329, 19.22298], [-99.0027, 19.22278], [-99.00329, 19.22298], [-99.00329, 19.22298]], [[-99.00332, 19.18719], [-99.00346, 19.18691], [-99.00348, 19.18642], [-99.00346, 19.18691], [-99.00332, 19.18719]], [[-99.00332, 19.2163], [-99.00317, 19.21628], [-99.00332, 19.2163], [-99.00332, 19.2163]], [[-99.0033, 19.21386], [-99.0033, 19.21386], [-99.00326, 19.21398], [-99.0033, 19.21386], [-99.0033, 19.21386]], [[-99.00329, 19.21948], [-99.00329, 19.21948], [-99.00326, 19.21947], [-99.00329, 19.21948], [-99.00329, 19.21948]], [[-99.00315, 19.21766], [-99.0031, 19.21771], [-99.00309, 19.21774], [-99.0031, 19.21771], [-99.00315, 19.21766]], [[-99.00302, 19.1709], [-99.00282, 19.17076], [-99.00303, 19.1709], [-99.00302, 19.1709]], [[-99.00281, 19.17076], [-99.00239, 19.17048], [-99.00239, 19.17048], [-99.00281, 19.17076], [-99.00282, 19.17076], [-99.00281, 19.17076]], [[-99.0031, 19.21448], [-99.00317, 19.21425], [-99.0032, 19.21417], [-99.00303, 19.21455], [-99.0031, 19.21448]], [[-99.0027, 19.21004], [-99.0027, 19.21004], [-99.00295, 19.20891], [-99.0027, 19.21004]], [[-99.00274, 19.21015], [-99.00274, 19.21015], [-99.00291, 19.21015], [-99.00274, 19.21015]], [[-99.00274, 19.21015], [-99.00274, 19.21015], [-99.00274, 19.21015], [-99.00274, 19.21015]], [[-99.0029, 19.21795], [-99.0029, 19.21797], [-99.00288, 19.21803], [-99.0029, 19.21797], [-99.0029, 19.21795]], [[-99.0028, 19.20499], [-99.00277, 19.20496], [-99.00276, 19.20492], [-99.00277, 19.20496], [-99.0028, 19.20499]], [[-99.00279, 19.21159], [-99.00269, 19.21157], [-99.0025, 19.21149], [-99.00269, 19.21157], [-99.00279, 19.21159]], [[-99.00272, 19.20477], [-99.00273, 19.20479], [-99.00274, 19.20481], [-99.00268, 19.20473], [-99.00272, 19.20477]], [[-99.00266, 19.21497], [-99.00259, 19.21507], [-99.00252, 19.21536], [-99.00259, 19.21507], [-99.00266, 19.21497]], [[-99.0025, 19.17034], [-99.00237, 19.17047], [-99.00237, 19.17047], [-99.0025, 19.17034]], [[-99.00231, 19.21139], [-99.00231, 19.21139], [-99.00228, 19.21141], [-99.00231, 19.21139], [-99.00231, 19.21139]], [[-99.00218, 19.20436], [-99.00211, 19.20444], [-99.00204, 19.20451], [-99.00211, 19.20444], [-99.00218, 19.20436]], [[-99.00277, 19.20814], [-99.00209, 19.20809], [-99.00209, 19.20809], [-99.00209, 19.20809], [-99.00277, 19.20814]], [[-99.00209, 19.20809], [-99.00209, 19.20809], [-99.00195, 19.20819], [-99.00209, 19.20809], [-99.00209, 19.20809]], [[-99.00186, 19.20829], [-99.00193, 19.20821], [-99.00193, 19.20821], [-99.00193, 19.20821], [-99.00186, 19.20829]], [[-99.00186, 19.20829], [-99.00186, 19.20829], [-99.00186, 19.20829], [-99.00186, 19.20829], [-99.00186, 19.20829]], [[-99.00163, 19.16972], [-99.00163, 19.16972], [-99.00184, 19.16993], [-99.00163, 19.16972]], [[-99.00337, 19.18739], [-99.00178, 19.18761], [-99.00173, 19.18735], [-99.00178, 19.18761], [-99.00337, 19.18739]], [[-99.00225, 19.1822], [-99.00173, 19.18217], [-99.00146, 19.18219], [-99.00173, 19.18217], [-99.00225, 19.1822]], [[-99.00169, 19.20478], [-99.00156, 19.20499], [-99.00154, 19.20506], [-99.00156, 19.20499], [-99.00169, 19.20478]], [[-99.0016, 19.16796], [-99.00245, 19.16854], [-99.00245, 19.16854], [-99.0016, 19.16796], [-99.00152, 19.16822], [-99.0016, 19.16796]], [[-99.00116, 19.22443], [-99.00146, 19.22452], [-99.00175, 19.22362], [-99.00146, 19.22452], [-99.00116, 19.22443]], [[-99.00141, 19.20822], [-99.00141, 19.20822], [-99.00141, 19.20822], [-99.00141, 19.20822], [-99.00141, 19.20822]], [[-99.0014, 19.20822], [-99.00124, 19.2084], [-99.0014, 19.20822], [-99.0014, 19.20822]], [[-99.00124, 19.2084], [-99.00124, 19.2084], [-99.00124, 19.2084], [-99.00124, 19.2084]], [[-99.00124, 19.2084], [-99.00124, 19.2084], [-99.00107, 19.20842], [-99.00124, 19.2084], [-99.00124, 19.2084]], [[-99.00146, 19.187], [-99.00146, 19.187], [-99.00116, 19.18728], [-99.00146, 19.187]], [[-99.00107, 19.20842], [-99.00107, 19.20842], [-99.00106, 19.20831], [-99.00107, 19.20842], [-99.00107, 19.20842]], [[-99.00104, 19.20813], [-99.00104, 19.20813], [-99.00013, 19.20795], [-99.00104, 19.20813], [-99.00104, 19.20813]], [[-99.00089, 19.16597], [-99.00084, 19.16591], [-99.00078, 19.16589], [-99.00084, 19.16591], [-99.00089, 19.16597]], [[-99.00075, 19.16723], [-99.00083, 19.167], [-99.00086, 19.1667], [-99.00083, 19.167], [-99.00075, 19.16723]], [[-99.00073, 19.18241], [-99.00077, 19.18223], [-99.00077, 19.18223], [-99.00073, 19.1825], [-99.00073, 19.18241]], [[-99.00061, 19.18459], [-99.00061, 19.18459], [-99.00055, 19.18464], [-99.00061, 19.18459]], [[-99.00054, 19.18418], [-99.00054, 19.18418], [-99.00055, 19.18415], [-99.00054, 19.18418]], [[-99.00054, 19.20677], [-99.00054, 19.20677], [-99.00013, 19.20795], [-99.00054, 19.20677], [-99.00054, 19.20677]], [[-99.0005, 19.22624], [-99.0005, 19.22624], [-99.0005, 19.22626], [-99.0005, 19.22624]], [[-99.00048, 19.18754], [-99.00042, 19.18747], [-99.00042, 19.18747], [-99.00042, 19.18747], [-99.00048, 19.18754]], [[-99.00024, 19.22483], [-99.00016, 19.2252], [-99.00024, 19.22483], [-99.00024, 19.22483]], [[-99.00019, 19.22482], [-99.00019, 19.22482], [-99.00024, 19.22483], [-99.00019, 19.22482]], [[-99.00029, 19.2262], [-99.00019, 19.22619], [-99.00007, 19.22617], [-99.00019, 19.22619], [-99.00029, 19.2262]], [[-99.00015, 19.16589], [-99.00015, 19.16589], [-99.00019, 19.16584], [-99.00015, 19.16589]], [[-99.00018, 19.16641], [-99.00018, 19.16641], [-99.00018, 19.16641], [-99.00018, 19.16641]], [[-98.99996, 19.16643], [-98.99931, 19.16642], [-99.00018, 19.16641], [-98.99996, 19.16643]], [[-98.99922, 19.16641], [-98.99848, 19.16622], [-98.99848, 19.16622], [-98.99931, 19.16642], [-98.99922, 19.16641]], [[-98.99991, 19.18448], [-98.9999, 19.18467], [-98.9999, 19.18467], [-98.99991, 19.18448]], [[-98.9999, 19.18433], [-98.99989, 19.18419], [-98.99916, 19.18415], [-98.99989, 19.18419], [-98.9999, 19.18433]], [[-98.99962, 19.20659], [-98.99953, 19.20657], [-98.99988, 19.20664], [-98.99962, 19.20659]], [[-98.99932, 19.20653], [-98.99913, 19.20649], [-98.99953, 19.20657], [-98.99932, 19.20653]], [[-98.9999, 19.19979], [-98.99983, 19.20009], [-98.99981, 19.20015], [-98.99983, 19.20009], [-98.9999, 19.19979]], [[-98.99999, 19.19948], [-98.99981, 19.19952], [-98.99976, 19.19946], [-98.99981, 19.19952], [-98.99999, 19.19948]], [[-98.99981, 19.20872], [-98.99975, 19.20887], [-98.99948, 19.20911], [-98.99975, 19.20887], [-98.99981, 19.20872]], [[-98.9998, 19.20835], [-98.9998, 19.20837], [-98.99973, 19.20805], [-98.9998, 19.20835]], [[-98.99984, 19.18765], [-99.0, 19.18763], [-99.0, 19.18763], [-98.9997, 19.18745], [-98.99984, 19.18765]], [[-98.99969, 19.20789], [-98.99969, 19.20789], [-99.00027, 19.20672], [-98.99969, 19.20789], [-98.99969, 19.20789]], [[-98.99904, 19.20646], [-98.99904, 19.20646], [-98.99904, 19.20644], [-98.99904, 19.20646]], [[-98.99921, 19.20071], [-98.99897, 19.20096], [-98.99866, 19.20122], [-98.99897, 19.20096], [-98.99921, 19.20071]], [[-98.99836, 19.18694], [-98.99836, 19.18694], [-98.99892, 19.18684], [-98.99836, 19.18694]], [[-98.99885, 19.18361], [-98.99882, 19.18359], [-98.99873, 19.18355], [-98.99882, 19.18359], [-98.99885, 19.18361]], [[-98.99872, 19.18387], [-98.99867, 19.18399], [-98.99872, 19.18374], [-98.99872, 19.18387]], [[-98.99871, 19.18354], [-98.99871, 19.18354], [-98.99872, 19.18374], [-98.99871, 19.18354]], [[-98.99868, 19.19847], [-98.99897, 19.19852], [-98.99908, 19.19854], [-98.99861, 19.19845], [-98.99868, 19.19847]], [[-98.99836, 19.18664], [-98.99835, 19.18648], [-98.99833, 19.18623], [-98.99835, 19.18648], [-98.99836, 19.18664]], [[-98.99831, 19.1848], [-98.99827, 19.18526], [-98.99827, 19.18547], [-98.99827, 19.18526], [-98.99831, 19.1848]], [[-98.99824, 19.20393], [-98.99823, 19.20399], [-98.99825, 19.20381], [-98.99824, 19.20393]], [[-98.99822, 19.20363], [-98.99821, 19.20357], [-98.99813, 19.20336], [-98.99821, 19.20357], [-98.99822, 19.20363]], [[-98.99838, 19.20865], [-98.99808, 19.20853], [-98.99802, 19.20857], [-98.99808, 19.20853], [-98.99838, 19.20865]], [[-98.99813, 19.19805], [-98.99805, 19.198], [-98.99801, 19.19794], [-98.99805, 19.198], [-98.99813, 19.19805]], [[-98.99864, 19.20607], [-98.99868, 19.20608], [-98.99797, 19.20594], [-98.99797, 19.20594], [-98.99864, 19.20607]], [[-98.99793, 19.20284], [-98.9979, 19.20256], [-98.998, 19.2021], [-98.9979, 19.20256], [-98.99793, 19.20284]], [[-98.99786, 19.20869], [-98.99786, 19.20869], [-98.99786, 19.20869], [-98.99786, 19.20869], [-98.99786, 19.20869]], [[-98.99785, 19.16622], [-98.99776, 19.1662], [-98.9977, 19.1662], [-98.99776, 19.1662], [-98.99785, 19.16622]], [[-98.99787, 19.19733], [-98.99769, 19.19755], [-98.99769, 19.19755], [-98.99787, 19.19733]], [[-98.99761, 19.2087], [-98.99786, 19.20869], [-98.99786, 19.20869], [-98.99761, 19.2087], [-98.9976, 19.2087], [-98.99761, 19.2087]], [[-98.9976, 19.2087], [-98.99759, 19.20869], [-98.99735, 19.20866], [-98.99759, 19.20869], [-98.9976, 19.2087]], [[-98.99714, 19.19602], [-98.99716, 19.19606], [-98.9973, 19.19615], [-98.99734, 19.19624], [-98.99734, 19.19672], [-98.99714, 19.19602]], [[-98.99709, 19.20863], [-98.99709, 19.20863], [-98.99694, 19.20861], [-98.99709, 19.20863], [-98.99709, 19.20863]], [[-98.99685, 19.16691], [-98.99683, 19.16669], [-98.9968, 19.16632], [-98.99683, 19.16669], [-98.99685, 19.16691]], [[-98.99685, 19.16698], [-98.99685, 19.16698], [-98.99682, 19.16712], [-98.99685, 19.16698]], [[-98.99678, 19.16605], [-98.99728, 19.16617], [-98.99728, 19.16617], [-98.99728, 19.16617], [-98.99678, 19.16605]], [[-98.99666, 19.19522], [-98.99666, 19.19522], [-98.99669, 19.19508], [-98.99666, 19.19522]], [[-98.99677, 19.19477], [-98.99662, 19.19457], [-98.99655, 19.19447], [-98.99662, 19.19457], [-98.99677, 19.19477]], [[-98.99692, 19.20861], [-98.9966, 19.20835], [-98.99641, 19.20831], [-98.9966, 19.20835], [-98.99692, 19.20861]], [[-98.99645, 19.19399], [-98.99642, 19.19377], [-98.99645, 19.19399], [-98.99645, 19.19399]], [[-98.99644, 19.19412], [-98.9964, 19.19426], [-98.99645, 19.19399], [-98.99644, 19.19412]], [[-98.99641, 19.20831], [-98.99641, 19.20831], [-98.99641, 19.20831], [-98.99641, 19.20831], [-98.99641, 19.20831]], [[-98.99617, 19.20839], [-98.99617, 19.20839], [-98.99622, 19.20837], [-98.99617, 19.20839], [-98.99617, 19.20839], [-98.99617, 19.20839], [-98.99617, 19.20839]], [[-98.99611, 19.20837], [-98.99602, 19.20835], [-98.99617, 19.20839], [-98.99611, 19.20837]], [[-98.99649, 19.19336], [-98.99619, 19.19333], [-98.99618, 19.19328], [-98.99619, 19.19333], [-98.99649, 19.19336]], [[-98.99593, 19.20776], [-98.99593, 19.20776], [-98.99585, 19.20773], [-98.99593, 19.20776], [-98.99593, 19.20776]], [[-98.99593, 19.20813], [-98.99593, 19.20813], [-98.99592, 19.20818], [-98.99593, 19.20813]], [[-98.9954, 19.19293], [-98.99539, 19.19274], [-98.99541, 19.19261], [-98.99539, 19.19274], [-98.9954, 19.19293]], [[-98.99492, 19.16691], [-98.99478, 19.16684], [-98.99503, 19.16696], [-98.99492, 19.16691]], [[-98.9947, 19.16678], [-98.99466, 19.16676], [-98.99453, 19.16663], [-98.99478, 19.16684], [-98.9947, 19.16678]], [[-98.99477, 19.20764], [-98.99471, 19.20779], [-98.99471, 19.20779], [-98.99471, 19.20779], [-98.99477, 19.20764]], [[-98.99383, 19.16547], [-98.99378, 19.1654], [-98.99402, 19.16583], [-98.99383, 19.16547]], [[-98.99368, 19.16527], [-98.99364, 19.16523], [-98.99378, 19.1654], [-98.99368, 19.16527]], [[-98.99403, 19.19184], [-98.99398, 19.19175], [-98.99392, 19.19159], [-98.99398, 19.19175], [-98.99403, 19.19184]], [[-98.99377, 19.18012], [-98.99377, 19.18012], [-98.99377, 19.18012], [-98.99377, 19.18012]], [[-98.99377, 19.18012], [-98.99367, 19.18075], [-98.99346, 19.18272], [-98.99367, 19.18075], [-98.99377, 19.18012]], [[-98.99371, 19.20877], [-98.99363, 19.20854], [-98.99354, 19.20838], [-98.99363, 19.20854], [-98.99371, 19.20877]], [[-98.9938, 19.19138], [-98.99345, 19.19096], [-98.99331, 19.1909], [-98.99345, 19.19096], [-98.9938, 19.19138]], [[-98.99332, 19.1907], [-98.99322, 19.1906], [-98.99309, 19.1904], [-98.99322, 19.1906], [-98.99332, 19.1907]], [[-98.99311, 19.20839], [-98.99311, 19.20839], [-98.99313, 19.20827], [-98.99311, 19.20839]], [[-98.99311, 19.20839], [-98.99311, 19.20839], [-98.99311, 19.20839], [-98.99311, 19.20839]], [[-98.99306, 19.18054], [-98.99306, 19.18054], [-98.99306, 19.18054], [-98.99306, 19.18054]], [[-98.99293, 19.17984], [-98.99285, 19.17985], [-98.99306, 19.18054], [-98.99293, 19.17984]], [[-98.99303, 19.18959], [-98.99303, 19.18959], [-98.99244, 19.1895], [-98.99303, 19.18959]], [[-98.99244, 19.18975], [-98.99242, 19.18986], [-98.99244, 19.1895], [-98.99244, 19.18975]], [[-98.99263, 19.2087], [-98.9926, 19.20877], [-98.9926, 19.20877], [-98.9926, 19.20877], [-98.99263, 19.2087]], [[-98.99244, 19.2088], [-98.9924, 19.20885], [-98.99239, 19.20892], [-98.9924, 19.20885], [-98.99244, 19.2088]], [[-98.99281, 19.16604], [-98.9931, 19.16559], [-98.99337, 19.16513], [-98.99231, 19.16674], [-98.99186, 19.16723], [-98.99176, 19.16737], [-98.99231, 19.16674], [-98.99281, 19.16604]], [[-98.99223, 19.18536], [-98.99222, 19.18543], [-98.99223, 19.18536], [-98.99223, 19.18536]], [[-98.99221, 19.18546], [-98.99219, 19.18549], [-98.992, 19.18564], [-98.99222, 19.18543], [-98.99221, 19.18546]], [[-98.99233, 19.18304], [-98.99221, 19.18303], [-98.99217, 19.18282], [-98.99221, 19.18303], [-98.99233, 19.18304]], [[-98.99238, 19.18797], [-98.99208, 19.18848], [-98.99208, 19.18848], [-98.99208, 19.18848], [-98.99238, 19.18797]], [[-98.99204, 19.2093], [-98.99204, 19.20922], [-98.99204, 19.20922], [-98.99204, 19.20922], [-98.99204, 19.2093]], [[-98.99193, 19.20897], [-98.99193, 19.20897], [-98.99199, 19.20877], [-98.99193, 19.20897]], [[-98.99191, 19.183], [-98.99199, 19.18276], [-98.99216, 19.18269], [-98.99199, 19.18276], [-98.99191, 19.183]], [[-98.99204, 19.20933], [-98.99204, 19.20933], [-98.99199, 19.20949], [-98.99204, 19.20933]], [[-98.99197, 19.18893], [-98.99197, 19.18893], [-98.99196, 19.18892], [-98.99197, 19.18893], [-98.99197, 19.18893]], [[-98.99195, 19.18888], [-98.99195, 19.18888], [-98.99196, 19.18864], [-98.99195, 19.18888]], [[-98.9919, 19.20956], [-98.9919, 19.20956], [-98.9919, 19.20956], [-98.9919, 19.20956], [-98.9919, 19.20956]], [[-98.99178, 19.18583], [-98.99178, 19.18583], [-98.99179, 19.1858], [-98.99178, 19.18583]], [[-98.99168, 19.20953], [-98.99179, 19.20954], [-98.99179, 19.20954], [-98.99179, 19.20954], [-98.99168, 19.20953]], [[-98.99179, 19.18591], [-98.99178, 19.18589], [-98.99178, 19.18585], [-98.99178, 19.18589], [-98.99179, 19.18591]], [[-98.99163, 19.16755], [-98.99161, 19.16759], [-98.99161, 19.16759], [-98.99161, 19.16759], [-98.99163, 19.16755]], [[-98.99189, 19.17989], [-98.9915, 19.17988], [-98.99137, 19.1798], [-98.9915, 19.17988], [-98.99189, 19.17989]], [[-98.99147, 19.21263], [-98.99147, 19.21263], [-98.99147, 19.21262], [-98.99147, 19.21263]], [[-98.99147, 19.21263], [-98.9915, 19.21285], [-98.99147, 19.21263], [-98.99147, 19.21263]], [[-98.99131, 19.16787], [-98.99131, 19.16787], [-98.99131, 19.16787], [-98.99131, 19.16787], [-98.99131, 19.16787]], [[-98.99111, 19.17959], [-98.99104, 19.17955], [-98.99099, 19.17954], [-98.99104, 19.17955], [-98.99111, 19.17959]], [[-98.99116, 19.2094], [-98.99116, 19.2094], [-98.99139, 19.2094], [-98.99102, 19.2093], [-98.99116, 19.2094]], [[-98.99106, 19.21069], [-98.99096, 19.2108], [-98.99096, 19.2108], [-98.99096, 19.2108], [-98.99106, 19.21069]], [[-98.99084, 19.17955], [-98.9908, 19.17956], [-98.9908, 19.17956], [-98.9908, 19.17956], [-98.99084, 19.17955]], [[-98.99075, 19.16807], [-98.99109, 19.16792], [-98.99109, 19.16792], [-98.99065, 19.1682], [-98.99075, 19.16807]], [[-98.9905, 19.16878], [-98.99045, 19.16909], [-98.99039, 19.16921], [-98.99045, 19.16909], [-98.9905, 19.16878]], [[-98.99036, 19.209], [-98.99036, 19.209], [-98.99038, 19.20886], [-98.99036, 19.209]], [[-98.99032, 19.20965], [-98.99032, 19.20965], [-98.99033, 19.20962], [-98.99032, 19.20965], [-98.99032, 19.20965]], [[-98.9901, 19.20916], [-98.99007, 19.20907], [-98.99027, 19.20936], [-98.9901, 19.20916]], [[-98.99007, 19.20907], [-98.99005, 19.20906], [-98.99007, 19.20907], [-98.99007, 19.20907]], [[-98.9902, 19.17982], [-98.99014, 19.17981], [-98.99001, 19.17976], [-98.99014, 19.17981], [-98.9902, 19.17982]], [[-98.99002, 19.16931], [-98.98992, 19.16922], [-98.99013, 19.16934], [-98.99002, 19.16931]], [[-98.98979, 19.16911], [-98.98967, 19.16896], [-98.98992, 19.16922], [-98.98979, 19.16911]], [[-98.98985, 19.20882], [-98.98985, 19.20882], [-98.98985, 19.20882], [-98.98985, 19.20882]], [[-98.98985, 19.20882], [-98.98985, 19.20882], [-98.98958, 19.20876], [-98.98985, 19.20882], [-98.98985, 19.20882]], [[-98.98969, 19.17952], [-98.98978, 19.17961], [-98.98983, 19.17969], [-98.98962, 19.17946], [-98.98969, 19.17952]], [[-98.9895, 19.20882], [-98.9895, 19.20882], [-98.98957, 19.20876], [-98.9895, 19.20882]], [[-98.9895, 19.20888], [-98.9895, 19.20882], [-98.9895, 19.20882], [-98.9895, 19.20882], [-98.9895, 19.20888]], [[-98.98952, 19.16835], [-98.98945, 19.1682], [-98.98924, 19.16818], [-98.98945, 19.1682], [-98.98952, 19.16835]], [[-98.98935, 19.21309], [-98.98933, 19.21301], [-98.98933, 19.21301], [-98.98933, 19.21301], [-98.98935, 19.21309]], [[-98.98916, 19.17746], [-98.98916, 19.17746], [-98.98913, 19.17724], [-98.98913, 19.17724], [-98.98916, 19.17746]], [[-98.98914, 19.17707], [-98.98912, 19.17693], [-98.98913, 19.17677], [-98.98912, 19.17693], [-98.98914, 19.17707]], [[-98.9889, 19.17569], [-98.9889, 19.17569], [-98.98896, 19.17627], [-98.9889, 19.17569]], [[-98.98891, 19.17564], [-98.98895, 19.1754], [-98.98899, 19.17514], [-98.98895, 19.1754], [-98.98891, 19.17564]], [[-98.98887, 19.17178], [-98.98883, 19.17187], [-98.9889, 19.1717], [-98.98887, 19.17178]], [[-98.98884, 19.17202], [-98.98884, 19.1721], [-98.98883, 19.17187], [-98.98884, 19.17202]], [[-98.98885, 19.21192], [-98.98872, 19.21256], [-98.98904, 19.21281], [-98.98872, 19.21256], [-98.98885, 19.21192]], [[-98.9888, 19.16816], [-98.98891, 19.16816], [-98.9888, 19.16816], [-98.9888, 19.16816]], [[-98.98854, 19.16815], [-98.98877, 19.16812], [-98.98879, 19.16815], [-98.98877, 19.16812], [-98.98854, 19.16815]], [[-98.9887, 19.17318], [-98.98869, 19.17283], [-98.9887, 19.17282], [-98.98869, 19.17283], [-98.9887, 19.17318]], [[-98.98831, 19.16868], [-98.98831, 19.16868], [-98.98846, 19.16842], [-98.98831, 19.16868]], [[-98.98833, 19.16874], [-98.98833, 19.16874], [-98.98831, 19.16881], [-98.98833, 19.16874]], [[-98.98789, 19.21145], [-98.98788, 19.21131], [-98.98788, 19.21131], [-98.98788, 19.21131], [-98.98789, 19.21145]], [[-98.98787, 19.21168], [-98.98787, 19.21169], [-98.98787, 19.21169], [-98.98787, 19.21169], [-98.98787, 19.21168]], [[-98.98782, 19.21122], [-98.98778, 19.21116], [-98.98763, 19.21111], [-98.98778, 19.21116], [-98.98782, 19.21122]], [[-98.98747, 19.2111], [-98.98747, 19.2111], [-98.98763, 19.21111], [-98.98747, 19.2111]], [[-98.98736, 19.20765], [-98.98722, 19.20808], [-98.98713, 19.20854], [-98.98693, 19.20861], [-98.98736, 19.20765]], [[-98.98709, 19.21108], [-98.98718, 19.21117], [-98.98718, 19.21117], [-98.98718, 19.21117], [-98.98709, 19.21108]], [[-98.98678, 19.21097], [-98.98678, 19.21097], [-98.98697, 19.21099], [-98.98678, 19.21097]], [[-98.98664, 19.21098], [-98.98664, 19.21098], [-98.98657, 19.21102], [-98.98678, 19.21097], [-98.98664, 19.21098]], [[-98.98685, 19.20915], [-98.98685, 19.20915], [-98.98686, 19.20903], [-98.98685, 19.20915]], [[-98.98669, 19.20652], [-98.98697, 19.2065], [-98.98709, 19.20653], [-98.98665, 19.2066], [-98.98669, 19.20652]], [[-98.98642, 19.21107], [-98.98633, 19.21102], [-98.98621, 19.21086], [-98.98633, 19.21102], [-98.98642, 19.21107]], [[-98.98591, 19.21055], [-98.98591, 19.21055], [-98.98592, 19.21041], [-98.98591, 19.21055], [-98.98591, 19.21055]], [[-98.98596, 19.2068], [-98.98625, 19.20686], [-98.98659, 19.20687], [-98.98591, 19.20692], [-98.98596, 19.2068]], [[-98.9854, 19.20665], [-98.9852, 19.20677], [-98.9854, 19.20665], [-98.9854, 19.20665]], [[-98.9852, 19.20677], [-98.9852, 19.20677], [-98.9852, 19.20677], [-98.9852, 19.20677]], [[-98.98485, 19.20655], [-98.98485, 19.20648], [-98.98461, 19.20646], [-98.98485, 19.20648], [-98.98485, 19.20655]], [[-98.98438, 19.20525], [-98.98433, 19.20658], [-98.98438, 19.20525], [-98.98438, 19.20525]], [[-98.98417, 19.20518], [-98.98409, 19.20512], [-98.98438, 19.20525], [-98.98417, 19.20518]], [[-98.98247, 19.20685], [-98.9825, 19.20683], [-98.98253, 19.20682], [-98.9825, 19.20683], [-98.98247, 19.20685]], [[-98.98236, 19.2072], [-98.98237, 19.20714], [-98.98239, 19.20698], [-98.98237, 19.20714], [-98.98236, 19.2072]], [[-98.98235, 19.20727], [-98.98235, 19.20727], [-98.98235, 19.20727], [-98.98235, 19.20727], [-98.98235, 19.20727]], [[-98.98175, 19.20757], [-98.9817, 19.20746], [-98.98175, 19.20757], [-98.98175, 19.20757]], [[-98.98175, 19.20757], [-98.98175, 19.20757], [-98.98175, 19.20759], [-98.98175, 19.20757], [-98.98175, 19.20757]], [[-98.98175, 19.20759], [-98.98174, 19.20766], [-98.98174, 19.20766], [-98.98174, 19.20766], [-98.98175, 19.20759]], [[-98.98148, 19.20927], [-98.98148, 19.20927], [-98.98148, 19.20927], [-98.98148, 19.20927]], [[-98.98111, 19.21054], [-98.98111, 19.21054], [-98.98111, 19.21054], [-98.98111, 19.21054], [-98.98111, 19.21054]], [[-98.98113, 19.21047], [-98.98111, 19.21054], [-98.98111, 19.21054], [-98.98113, 19.21047]], [[-98.97994, 19.21407], [-98.97945, 19.21395], [-98.979, 19.21496], [-98.97945, 19.21395], [-98.97994, 19.21407]], [[-98.9781, 19.21486], [-98.97809, 19.21481], [-98.97651, 19.21472], [-98.97809, 19.21481], [-98.9781, 19.21486]], [[-98.97592, 19.21392], [-98.97504, 19.21354], [-98.97503, 19.21326], [-98.97504, 19.21354], [-98.97592, 19.21392]], [[-98.9747, 19.21129], [-98.97468, 19.2112], [-98.9747, 19.21129], [-98.9747, 19.21129]], [[-98.97468, 19.21207], [-98.97469, 19.21189], [-98.9747, 19.21161], [-98.97469, 19.21189], [-98.97468, 19.21207]], [[-98.97315, 19.20725], [-98.97317, 19.20726], [-98.97337, 19.20733], [-98.97317, 19.20726], [-98.97315, 19.20725]], [[-98.97243, 19.20603], [-98.97228, 19.20592], [-98.97243, 19.20603], [-98.97243, 19.20603]], [[-98.97199, 19.20571], [-98.97183, 19.20563], [-98.97209, 19.20579], [-98.97199, 19.20571]], [[-98.97181, 19.20557], [-98.97174, 19.20535], [-98.97153, 19.20527], [-98.97174, 19.20535], [-98.97181, 19.20557]], [[-98.97063, 19.20466], [-98.97063, 19.20466], [-98.97052, 19.20491], [-98.97063, 19.20466], [-98.97063, 19.20466]]]}}, {"type": "Feature", "id": 10, "properties": {"cve_mun": "010", "name": "Álvaro Obregón"}, "geometry": {"type": "Polygon", "coordinates": [[[-99.27214, 19.30241], [-99.26974, 19.30118], [-99.27055, 19.29968], [-99.27147, 19.29917], [-99.27185, 19.29611], [-99.27233, 19.29533], [-99.27246, 19.29421], [-99.27617, 19.2891], [-99.27332, 19.28519], [-99.27789, 19.28259], [-99.27793, 19.2817], [-99.27822, 19.28141], [-99.2792, 19.28167], [-99.28022, 19.28082], [-99.28114, 19.28062], [-99.28151, 19.27949], [-99.2823, 19.27903], [-99.28304, 19.27777], [-99.28397, 19.27696], [-99.28375, 19.27623], [-99.28318, 19.27574], [-99.28333, 19.2751], [-99.28525, 19.27311], [-99.28544, 19.27183], [-99.28619, 19.27068], [-99.28753, 19.27017], [-99.28963, 19.27029], [-99.29258, 19.26831], [-99.29274, 19.26764], [-99.29402, 19.26602], [-99.29424, 19.2646], [-99.2951, 19.2638], [-99.29681, 19.26311], [-99.29798, 19.26145], [-99.29977, 19.26089], [-99.30088, 19.26104], [-99.30237, 19.25893], [-99.3053, 19.25794], [-99.30624, 19.25774], [-99.30877, 19.2581], [-99.3102, 19.25727], [-99.31227, 19.25708], [-99.3128, 19.2567], [-99.31439, 19.25681], [-99.31536, 19.25636], [-99.31547, 19.25599], [-99.31477, 19.25498], [-99.31594, 19.2528], [-99.31592, 19.25092], [-99.31644, 19.25103], [-99.31707, 19.25031], [-99.31714, 19.24855], [-99.31785, 19.24712], [-99.31764, 19.24449], [-99.31872, 19.24321], [-99.31926, 19.24344], [-99.32006, 19.24314], [-99.32267, 19.24031], [-99.32331, 19.23855], [-99.32273, 19.23751], [-99.323, 19.23591], [-99.32225, 19.23265], [-99.32432, 19.23261], [-99.32352, 19.25074], [-99.32364, 19.26509], [-99.31878, 19.27322], [-99.31738, 19.27487], [-99.3167, 19.27931], [-99.31627, 19.27977], [-99.31573, 19.2822], [-99.31582, 19.28371], [-99.31667, 19.28614], [-99.31574, 19.2899], [-99.31656, 19.29088], [-99.31712, 19.2934], [-99.31716, 19.29582], [-99.31589, 19.29917], [-99.31641, 19.30005], [-99.31514, 19.30129], [-99.31399, 19.30144], [-99.3136, 19.30359], [-99.3131, 19.30409], [-99.31197, 19.30434], [-99.31223, 19.30555], [-99.31157, 19.30681], [-99.31075, 19.30676], [-99.31015, 19.30758], [-99.30942, 19.30678], [-99.30942, 19.30546], [-99.30879, 19.3051], [-99.30785, 19.30575], [-99.30736, 19.30787], [-99.30702, 19.30797], [-99.30637, 19.30724], [-99.30591, 19.30725], [-99.30503, 19.30906], [-99.30429, 19.30942], [-99.3033, 19.31114], [-99.30171, 19.30951], [-99.30129, 19.30951], [-99.30109, 19.31221], [-99.30049, 19.31245], [-99.30004, 19.31397], [-99.30126, 19.31771], [-99.30181, 19.3183], [-99.30125, 19.31872], [-99.30067, 19.32021], [-99.30053, 19.32225], [-99.30017, 19.3223], [-99.29908, 19.32119], [-99.29816, 19.31919], [-99.29674, 19.31863], [-99.2964, 19.31811], [-99.29646, 19.31723], [-99.29547, 19.31756], [-99.29485, 19.31692], [-99.29438, 19.31742], [-99.29314, 19.32053], [-99.29057, 19.32145], [-99.29044, 19.32201], [-99.29143, 19.32274], [-99.29174, 19.32421], [-99.29165, 19.32503], [-99.29078, 19.32665], [-99.29136, 19.32845], [-99.29126, 19.32916], [-99.28946, 19.3321], [-99.28796, 19.33348], [-99.28766, 19.33306], [-99.28837, 19.33132], [-99.28832, 19.33067], [-99.2867, 19.32977], [-99.28741, 19.33055], [-99.2875, 19.33115], [-99.28495, 19.33647], [-99.28381, 19.3366], [-99.28184, 19.33555], [-99.28021, 19.33523], [-99.28005, 19.33625], [-99.28106, 19.33701], [-99.28116, 19.33743], [-99.2785, 19.33773], [-99.2707, 19.34117], [-99.26949, 19.34201], [-99.26842, 19.34189], [-99.26678, 19.34407], [-99.26587, 19.34408], [-99.26498, 19.34468], [-99.26484, 19.34521], [-99.26424, 19.34531], [-99.26415, 19.34596], [-99.26343, 19.34615], [-99.26306, 19.34684], [-99.26224, 19.3467], [-99.259, 19.34806], [-99.25884, 19.34832], [-99.25933, 19.34895], [-99.25821, 19.34976], [-99.25835, 19.35007], [-99.25933, 19.35017], [-99.25925, 19.35177], [-99.26126, 19.36104], [-99.26283, 19.36213], [-99.26683, 19.36355], [-99.26645, 19.36469], [-99.26672, 19.36781], [-99.26507, 19.37175], [-99.26549, 19.37204], [-99.26607, 19.37163], [-99.2672, 19.36935], [-99.26843, 19.36871], [-99.26911, 19.36906], [-99.26827, 19.37042], [-99.26838, 19.37181], [-99.26978, 19.37144], [-99.27016, 19.3725], [-99.26998, 19.37314], [-99.26891, 19.37356], [-99.26758, 19.37337], [-99.26649, 19.37441], [-99.26326, 19.37496], [-99.26135, 19.37584], [-99.25691, 19.37961], [-99.25003, 19.38404], [-99.246, 19.38723], [-99.245, 19.38739], [-99.2432, 19.38692], [-99.24211, 19.38735], [-99.23967, 19.38914], [-99.23902, 19.39073], [-99.23901, 19.39247], [-99.23784, 19.39349], [-99.23604, 19.39356], [-99.23258, 19.3949], [-99.23107, 19.3949], [-99.22735, 19.3958], [-99.22358, 19.39585], [-99.21051, 19.40042], [-99.2019, 19.40156], [-99.19807, 19.403], [-99.1922, 19.40374], [-99.19222, 19.40113], [-99.19061, 19.39932], [-99.18836, 19.39363], [-99.19034, 19.38619], [-99.19173, 19.38268], [-99.19163, 19.37767], [-99.19214, 19.3734], [-99.19166, 19.37187], [-99.19176, 19.36925], [-99.19077, 19.36689], [-99.19109, 19.36349], [-99.188, 19.36295], [-99.18568, 19.36172], [-99.18371, 19.36172], [-99.18154, 19.36282], [-99.1798, 19.36304], [-99.17774, 19.36514], [-99.17328, 19.36061], [-99.17171, 19.35957], [-99.17299, 19.35675], [-99.17993, 19.34964], [-99.18055, 19.34724], [-99.18179, 19.34735], [-99.18287, 19.34658], [-99.18404, 19.34365], [-99.18478, 19.34344], [-99.18651, 19.34193], [-99.18681, 19.34128], [-99.18766, 19.34102], [-99.19005, 19.33859], [-99.19032, 19.33868], [-99.19025, 19.33798], [-99.19124, 19.33688], [-99.19806, 19.33548], [-99.19982, 19.33351], [-99.19992, 19.33323], [-99.19629, 19.33363], [-99.19627, 19.33268], [-99.1947, 19.33023], [-99.19499, 19.32184], [-99.20118, 19.31195], [-99.20118, 19.31146], [-99.20025, 19.31116], [-99.20524, 19.3063], [-99.20555, 19.30672], [-99.20575, 19.30568], [-99.2133, 19.30702], [-99.21592, 19.30788], [-99.21823, 19.30989], [-99.21966, 19.31181], [-99.22052, 19.31372], [-99.22148, 19.31869], [-99.22115, 19.32027], [-99.22006, 19.32139], [-99.21435, 19.32532], [-99.21269, 19.32692], [-99.20937, 19.33328], [-99.20821, 19.33485], [-99.20666, 19.33622], [-99.20711, 19.33654], [-99.20867, 19.33598], [-99.20752, 19.33781], [-99.20815, 19.33789], [-99.21123, 19.33625], [-99.21234, 19.33619], [-99.21357, 19.33656], [-99.21486, 19.33639], [-99.21556, 19.33552], [-99.21659, 19.33523], [-99.21714, 19.33469], [-99.21914, 19.33398], [-99.2224, 19.33354], [-99.22422, 19.33275], [-99.2242, 19.33236], [-99.22627, 19.33156], [-99.22716, 19.3316], [-99.2312, 19.32984], [-99.23349, 19.32723], [-99.23601, 19.3259], [-99.23645, 19.32517], [-99.23731, 19.3247], [-99.24032, 19.32442], [-99.24277, 19.328], [-99.24423, 19.32856], [-99.24552, 19.32811], [-99.24835, 19.3278], [-99.24996, 19.32703], [-99.25399, 19.32695], [-99.25518, 19.32656], [-99.25753, 19.32286], [-99.26037, 19.32057], [-99.26177, 19.31769], [-99.26451, 19.31531], [-99.2659, 19.31344], [-99.26752, 19.3138], [-99.26765, 19.3142], [-99.26953, 19.31356], [-99.27054, 19.31194], [-99.27051, 19.31154], [-99.27034, 19.3118], [-99.27006, 19.31152], [-99.27132, 19.30888], [-99.27103, 19.30864], [-99.27134, 19.30826], [-99.2711, 19.30702], [-99.27001, 19.30577], [-99.26843, 19.30512], [-99.27042, 19.30413], [-99.27214, 19.30241]], [[-99.27234, 19.30236], [-99.27243, 19.30239], [-99.27222, 19.30246], [-99.27234, 19.30236]], [[-99.29849, 19.31837], [-99.29847, 19.31802], [-99.29884, 19.32003], [-99.29849, 19.31837]], [[-99.29862, 19.31776], [-99.29862, 19.31776], [-99.29847, 19.31802], [-99.29862, 19.31776]], [[-99.29854, 19.31654], [-99.29848, 19.31651], [-99.29863, 19.31661], [-99.29854, 19.31654]], [[-99.29806, 19.31642], [-99.29784, 19.31622], [-99.29821, 19.31645], [-99.29806, 19.31642]], [[-99.29761, 19.31617], [-99.29731, 19.31615], [-99.2977, 19.31617], [-99.29761, 19.31617]], [[-99.29692, 19.31617], [-99.29666, 19.31623], [-99.2971, 19.31614], [-99.29692, 19.31617]], [[-99.29623, 19.31653], [-99.29648, 19.31627], [-99.2962, 19.31668], [-99.29623, 19.31653]], [[-99.2955, 19.31688], [-99.29529, 19.31672], [-99.29514, 19.31654], [-99.29567, 19.31694], [-99.2955, 19.31688]], [[-99.29494, 19.31539], [-99.29492, 19.31535], [-99.29494, 19.31539], [-99.29494, 19.31539]], [[-99.29386, 19.31538], [-99.2937, 19.31526], [-99.2937, 19.31526], [-99.29388, 19.3154], [-99.29386, 19.31538]], [[-99.29266, 19.316], [-99.29231, 19.31603], [-99.29266, 19.316], [-99.29291, 19.31536], [-99.29266, 19.316]], [[-99.29206, 19.31596], [-99.2923, 19.31603], [-99.29147, 19.31602], [-99.29206, 19.31596]], [[-99.29098, 19.31308], [-99.29098, 19.31256], [-99.29102, 19.31335], [-99.29098, 19.31308]], [[-99.29084, 19.31188], [-99.29058, 19.31197], [-99.29031, 19.31213], [-99.29084, 19.31188], [-99.29098, 19.31256], [-99.29084, 19.31188]], [[-99.28996, 19.31224], [-99.28984, 19.31233], [-99.29031, 19.31213], [-99.28996, 19.31224]], [[-99.28892, 19.31305], [-99.28861, 19.31323], [-99.28914, 19.31278], [-99.28892, 19.31305]], [[-99.28678, 19.31289], [-99.2866, 19.31271], [-99.28709, 19.31318], [-99.28678, 19.31289]], [[-99.28555, 19.31236], [-99.28545, 19.31252], [-99.28545, 19.31252], [-99.28555, 19.31236]], [[-99.28524, 19.31405], [-99.28519, 19.31418], [-99.28533, 19.31388], [-99.28524, 19.31405]], [[-99.28421, 19.31324], [-99.28397, 19.31338], [-99.28421, 19.31324], [-99.28451, 19.31377], [-99.28421, 19.31324]], [[-99.28351, 19.31367], [-99.28351, 19.31367], [-99.28358, 19.31354], [-99.28351, 19.31367]], [[-99.2835, 19.31594], [-99.28346, 19.31562], [-99.2835, 19.31594], [-99.2835, 19.31594]], [[-99.28321, 19.31958], [-99.28318, 19.31954], [-99.28305, 19.32031], [-99.28321, 19.31958]], [[-99.28317, 19.31785], [-99.28317, 19.31785], [-99.28311, 19.31793], [-99.28317, 19.31785]], [[-99.28249, 19.31889], [-99.28237, 19.31865], [-99.28217, 19.3184], [-99.28249, 19.31889], [-99.28254, 19.3189], [-99.28249, 19.31889]], [[-99.2809, 19.32252], [-99.28085, 19.32314], [-99.2809, 19.32252], [-99.28185, 19.32199], [-99.2809, 19.32252]], [[-99.27991, 19.32367], [-99.27962, 19.32414], [-99.28009, 19.32375], [-99.27991, 19.32367]], [[-99.27861, 19.32461], [-99.27817, 19.32484], [-99.2794, 19.3245], [-99.27861, 19.32461]], [[-99.27654, 19.32571], [-99.27646, 19.32568], [-99.27817, 19.32484], [-99.27654, 19.32571]], [[-99.27632, 19.32553], [-99.27618, 19.32565], [-99.27646, 19.32568], [-99.27632, 19.32553]], [[-99.27615, 19.32598], [-99.27615, 19.32598], [-99.27621, 19.32604], [-99.27615, 19.32598]], [[-99.27535, 19.32695], [-99.27494, 19.32712], [-99.27559, 19.32684], [-99.27535, 19.32695]], [[-99.27424, 19.31372], [-99.27424, 19.31372], [-99.27535, 19.31364], [-99.27424, 19.31372]], [[-99.27504, 19.31501], [-99.27512, 19.31489], [-99.27504, 19.31514], [-99.27504, 19.31501]], [[-99.27492, 19.3156], [-99.27492, 19.3156], [-99.27499, 19.31626], [-99.27492, 19.3156]], [[-99.27429, 19.31285], [-99.27438, 19.31209], [-99.27425, 19.31355], [-99.27429, 19.31285]], [[-99.27388, 19.32692], [-99.27355, 19.32671], [-99.27422, 19.32708], [-99.27388, 19.32692]], [[-99.27404, 19.30745], [-99.274, 19.30887], [-99.27411, 19.30635], [-99.27404, 19.30745]], [[-99.274, 19.31726], [-99.27409, 19.31722], [-99.27398, 19.31727], [-99.274, 19.31726]], [[-99.27389, 19.31871], [-99.2739, 19.3187], [-99.27374, 19.31872], [-99.27389, 19.31871]], [[-99.27318, 19.32644], [-99.27288, 19.3261], [-99.27335, 19.32659], [-99.27318, 19.32644]], [[-99.27261, 19.32577], [-99.27261, 19.32577], [-99.27288, 19.3261], [-99.27261, 19.32577]], [[-99.27307, 19.31869], [-99.27297, 19.31871], [-99.27324, 19.31868], [-99.27307, 19.31869]], [[-99.27296, 19.31979], [-99.27296, 19.31979], [-99.27292, 19.31983], [-99.27296, 19.31979]], [[-99.27295, 19.32011], [-99.27295, 19.32011], [-99.27292, 19.31983], [-99.27295, 19.32011]], [[-99.27281, 19.32044], [-99.27281, 19.32044], [-99.27274, 19.32052], [-99.27281, 19.32044]], [[-99.2724, 19.324], [-99.27236, 19.32391], [-99.27254, 19.3241], [-99.2724, 19.324]], [[-99.27216, 19.32372], [-99.27208, 19.32359], [-99.27222, 19.32386], [-99.27216, 19.32372]], [[-99.27207, 19.32357], [-99.27198, 19.32359], [-99.27207, 19.32357], [-99.27207, 19.32357]], [[-99.27163, 19.3235], [-99.27163, 19.3235], [-99.27193, 19.32344], [-99.27163, 19.3235]], [[-99.27187, 19.32266], [-99.27184, 19.32242], [-99.27171, 19.32218], [-99.27181, 19.323], [-99.27187, 19.32266]], [[-99.27175, 19.32324], [-99.27169, 19.32336], [-99.27181, 19.323], [-99.27175, 19.32324]]]}}, {"type": "Feature", "id": 11, "properties": {"cve_mun": "011", "name": "Tláhuac"}, "geometry": {"type": "Polygon", "coordinates": [[[-99.06465, 19.28211], [-99.06897, 19.28496], [-99.06163, 19.29266], [-99.06156, 19.29409], [-99.06213, 19.29482], [-99.06264, 19.2973], [-99.0636, 19.29867], [-99.06478, 19.30164], [-99.0634, 19.30568], [-99.05987, 19.30444], [-99.05378, 19.31186], [-99.05226, 19.31076], [-99.05043, 19.31296], [-99.04887, 19.31188], [-99.04662, 19.31488], [-99.04493, 19.31286], [-99.04468, 19.31297], [-99.04361, 19.31221], [-99.04178, 19.31442], [-99.04044, 19.31541], [-99.03956, 19.31465], [-99.03873, 19.31573], [-99.02596, 19.31934], [-99.00135, 19.32713], [-98.97987, 19.32614], [-98.97957, 19.32579], [-98.98061, 19.32466], [-98.98019, 19.32415], [-98.97877, 19.32393], [-98.97835, 19.32469], [-98.9785, 19.3254], [-98.97768, 19.32577], [-98.97763, 19.32534], [-98.97659, 19.32495], [-98.97652, 19.32426], [-98.97623, 19.3243], [-98.97629, 19.32494], [-98.97532, 19.32564], [-98.97118, 19.32543], [-98.97039, 19.32493], [-98.96896, 19.32474], [-98.96828, 19.32572], [-98.96632, 19.32553], [-98.96659, 19.32695], [-98.96499, 19.32667], [-98.96487, 19.32722], [-98.96403, 19.32701], [-98.96391, 19.3274], [-98.96299, 19.32752], [-98.9579, 19.32323], [-98.96297, 19.31673], [-98.96478, 19.30688], [-98.96628, 19.30596], [-98.9681, 19.30604], [-98.96722, 19.30597], [-98.97143, 19.27837], [-98.97492, 19.25949], [-98.97653, 19.25313], [-98.96599, 19.24994], [-98.96859, 19.23222], [-98.9403, 19.22324], [-98.94255, 19.21561], [-98.95109, 19.21818], [-98.95239, 19.21625], [-98.95328, 19.2155], [-98.95289, 19.21527], [-98.95367, 19.21544], [-98.95395, 19.21465], [-98.95746, 19.21514], [-98.96003, 19.21441], [-98.95974, 19.21387], [-98.96269, 19.21414], [-98.96354, 19.21304], [-98.96431, 19.21324], [-98.96716, 19.21165], [-98.96783, 19.21071], [-98.96853, 19.21057], [-98.9715, 19.21197], [-98.97362, 19.21408], [-98.97435, 19.21444], [-98.97781, 19.21507], [-98.97755, 19.21591], [-98.97861, 19.2166], [-98.98129, 19.21926], [-98.98271, 19.22129], [-98.9843, 19.22024], [-98.99056, 19.22578], [-98.99107, 19.22559], [-98.99124, 19.22479], [-98.99326, 19.22494], [-98.99373, 19.22747], [-98.99526, 19.22751], [-98.99579, 19.22504], [-98.99638, 19.22521], [-98.99618, 19.22589], [-98.99643, 19.22619], [-98.99746, 19.22649], [-98.99718, 19.22747], [-98.99957, 19.22756], [-98.99985, 19.22678], [-99.00077, 19.22699], [-99.00222, 19.22736], [-99.00299, 19.22757], [-99.00343, 19.22768], [-99.00299, 19.22757], [-99.00316, 19.22694], [-99.00031, 19.22636], [-99.03019, 19.22363], [-99.01549, 19.24086], [-99.01392, 19.24511], [-99.01257, 19.24473], [-99.01271, 19.24514], [-99.0123, 19.24651], [-99.01119, 19.24605], [-99.01107, 19.24672], [-99.01051, 19.24707], [-99.0098, 19.24826], [-99.00888, 19.25068], [-99.00795, 19.25055], [-99.00704, 19.25161], [-99.01069, 19.25534], [-99.0117, 19.25601], [-99.01177, 19.25666], [-99.01283, 19.25795], [-99.01652, 19.25996], [-99.01974, 19.26115], [-99.02075, 19.26096], [-99.02584, 19.26221], [-99.02686, 19.26176], [-99.02982, 19.2626], [-99.03043, 19.26314], [-99.03054, 19.26417], [-99.03107, 19.26493], [-99.03464, 19.26875], [-99.03594, 19.27064], [-99.03732, 19.27171], [-99.04145, 19.27378], [-99.04829, 19.27598], [-99.05057, 19.2775], [-99.0545, 19.27937], [-99.0576, 19.27963], [-99.06465, 19.28211]], [[-98.94663, 19.22239], [-98.94684, 19.22245], [-98.94663, 19.22239], [-98.94593, 19.22497], [-98.94663, 19.22239]], [[-98.97986, 19.22026], [-98.98071, 19.22071], [-98.97986, 19.22026], [-98.98052, 19.21852], [-98.97986, 19.22026]], [[-99.00348, 19.22769], [-99.00376, 19.22776], [-99.00453, 19.22803], [-99.00343, 19.22768], [-99.00348, 19.22769]], [[-99.03644, 19.3119], [-99.03796, 19.31318], [-99.03541, 19.311], [-99.03644, 19.3119]], [[-99.03458, 19.31027], [-99.03426, 19.31003], [-99.03541, 19.311], [-99.03458, 19.31027]], [[-99.03381, 19.2733], [-99.03376, 19.27348], [-99.03381, 19.2733], [-99.03387, 19.27311], [-99.03442, 19.27122], [-99.03381, 19.2733]], [[-99.03369, 19.2737], [-99.03356, 19.27416], [-99.03313, 19.2755], [-99.033, 19.27593], [-99.03356, 19.27416], [-99.03369, 19.2737]], [[-99.03301, 19.30948], [-99.03298, 19.30947], [-99.03327, 19.30963], [-99.03301, 19.30948]], [[-99.03065, 19.27574], [-99.0308, 19.27579], [-99.03053, 19.2757], [-99.03065, 19.27574]], [[-99.03047, 19.28487], [-99.03059, 19.28442], [-99.03036, 19.28527], [-99.03047, 19.28487]], [[-99.02843, 19.27503], [-99.02873, 19.27512], [-99.02914, 19.27525], [-99.02873, 19.27512], [-99.02843, 19.27503]], [[-99.02853, 19.28716], [-99.02872, 19.28697], [-99.02832, 19.28738], [-99.02853, 19.28716]], [[-99.0287, 19.30624], [-99.02889, 19.30639], [-99.02774, 19.30538], [-99.02779, 19.30542], [-99.0287, 19.30624]], [[-99.02762, 19.28809], [-99.02697, 19.28877], [-99.02773, 19.28798], [-99.02762, 19.28809]], [[-99.02732, 19.30501], [-99.02715, 19.30483], [-99.02752, 19.30519], [-99.02732, 19.30501]], [[-99.02666, 19.27446], [-99.02678, 19.2745], [-99.02664, 19.27446], [-99.02666, 19.27446]], [[-99.02578, 19.2695], [-99.02421, 19.26926], [-99.02919, 19.27028], [-99.02762, 19.2698], [-99.02578, 19.2695]], [[-99.02633, 19.28298], [-99.02782, 19.28301], [-99.02614, 19.28298], [-99.02633, 19.28298]], [[-99.02553, 19.27416], [-99.02557, 19.27417], [-99.02564, 19.27419], [-99.0259, 19.27426], [-99.02553, 19.27416]], [[-99.02502, 19.27825], [-99.025, 19.27896], [-99.02501, 19.27764], [-99.02502, 19.27825]], [[-99.02492, 19.30384], [-99.02487, 19.30395], [-99.02498, 19.30371], [-99.02492, 19.30384]], [[-99.02494, 19.27517], [-99.02495, 19.27508], [-99.02493, 19.27544], [-99.02494, 19.27517]], [[-99.0249, 19.28044], [-99.02494, 19.27992], [-99.02503, 19.28083], [-99.0249, 19.28044]], [[-99.0253, 19.29048], [-99.026, 19.28975], [-99.02457, 19.29124], [-99.0253, 19.29048]], [[-99.02408, 19.30518], [-99.02408, 19.30518], [-99.02408, 19.30518], [-99.02408, 19.30518]], [[-99.02338, 19.30503], [-99.02338, 19.30503], [-99.02355, 19.30505], [-99.02338, 19.30503]], [[-99.02284, 19.30585], [-99.02284, 19.30585], [-99.0229, 19.30559], [-99.02284, 19.30585]], [[-99.02297, 19.28283], [-99.02297, 19.28283], [-99.02269, 19.2828], [-99.02297, 19.28283]], [[-99.02165, 19.29235], [-99.02153, 19.29227], [-99.02143, 19.2922], [-99.02153, 19.29227], [-99.02165, 19.29235]], [[-99.02112, 19.292], [-99.02092, 19.29187], [-99.02072, 19.29174], [-99.02143, 19.2922], [-99.02112, 19.292]], [[-99.02059, 19.29166], [-99.02038, 19.29152], [-99.02072, 19.29174], [-99.02059, 19.29166]], [[-99.01937, 19.3048], [-99.01937, 19.3048], [-99.01948, 19.3051], [-99.01937, 19.3048]], [[-99.0195, 19.28769], [-99.02008, 19.2868], [-99.01899, 19.2885], [-99.0195, 19.28769]], [[-99.01832, 19.30591], [-99.01814, 19.30592], [-99.0185, 19.30618], [-99.01832, 19.30591]], [[-99.01769, 19.30614], [-99.01756, 19.30603], [-99.01792, 19.30606], [-99.01769, 19.30614]], [[-99.0175, 19.3056], [-99.01747, 19.30567], [-99.01743, 19.30592], [-99.01747, 19.30567], [-99.0175, 19.3056]], [[-99.01762, 19.26828], [-99.01838, 19.26843], [-99.0174, 19.26819], [-99.01762, 19.26828]], [[-99.01677, 19.30414], [-99.01677, 19.30414], [-99.01677, 19.30422], [-99.01677, 19.30414]], [[-99.01671, 19.30447], [-99.01648, 19.30505], [-99.01677, 19.30422], [-99.01671, 19.30447]], [[-99.01664, 19.30275], [-99.01671, 19.30257], [-99.01659, 19.30304], [-99.01664, 19.30275]], [[-99.01674, 19.30394], [-99.01677, 19.3041], [-99.01674, 19.30394], [-99.01651, 19.30358], [-99.01652, 19.30346], [-99.01651, 19.30358], [-99.01674, 19.30394]], [[-99.0165, 19.30268], [-99.01649, 19.30263], [-99.01649, 19.30263], [-99.0165, 19.30268], [-99.0165, 19.30268]], [[-99.01634, 19.30537], [-99.01633, 19.3053], [-99.0165, 19.30552], [-99.01634, 19.30537]], [[-99.01639, 19.30271], [-99.01638, 19.30269], [-99.01639, 19.30271], [-99.01639, 19.30271]], [[-99.01583, 19.30152], [-99.01571, 19.30205], [-99.01566, 19.30225], [-99.01562, 19.30242], [-99.01583, 19.30152]], [[-99.01552, 19.30288], [-99.01552, 19.30288], [-99.01555, 19.30272], [-99.01552, 19.30288]], [[-99.01564, 19.28242], [-99.01525, 19.28241], [-99.01249, 19.28236], [-99.01525, 19.28241], [-99.01564, 19.28242]], [[-99.01207, 19.28116], [-99.01191, 19.28074], [-99.01249, 19.28236], [-99.01207, 19.28116]], [[-99.01519, 19.26712], [-99.01524, 19.26713], [-99.01505, 19.26707], [-99.01519, 19.26712]], [[-99.01468, 19.24213], [-99.01466, 19.24221], [-99.0146, 19.24224], [-99.01466, 19.24221], [-99.01468, 19.24213]], [[-99.01435, 19.30096], [-99.01409, 19.30082], [-99.01453, 19.301], [-99.01435, 19.30096]], [[-99.01335, 19.23918], [-99.01335, 19.23918], [-99.01391, 19.23952], [-99.01335, 19.23918]], [[-99.01322, 19.30101], [-99.01308, 19.30093], [-99.01368, 19.30082], [-99.01366, 19.30083], [-99.01322, 19.30101]], [[-99.01324, 19.24069], [-99.01324, 19.24069], [-99.01328, 19.24104], [-99.01324, 19.24069]], [[-99.01399, 19.24212], [-99.01409, 19.24209], [-99.01308, 19.2417], [-99.01399, 19.24212]], [[-99.01296, 19.26448], [-99.01288, 19.26508], [-99.01288, 19.26508], [-99.01296, 19.26448]], [[-99.01288, 19.2669], [-99.01257, 19.26745], [-99.0124, 19.26771], [-99.01257, 19.26745], [-99.01288, 19.2669]], [[-99.01249, 19.30058], [-99.0122, 19.30056], [-99.01263, 19.30076], [-99.01249, 19.30058]], [[-99.0126, 19.23816], [-99.01278, 19.23822], [-99.0125, 19.23836], [-99.01258, 19.23823], [-99.0126, 19.23816]], [[-99.01244, 19.23839], [-99.0122, 19.23831], [-99.01173, 19.23829], [-99.01244, 19.23839], [-99.0125, 19.23836], [-99.01244, 19.23839]], [[-99.01189, 19.30057], [-99.01189, 19.30057], [-99.01195, 19.30037], [-99.01189, 19.30057]], [[-99.01153, 19.3003], [-99.01149, 19.30048], [-99.01167, 19.29977], [-99.01153, 19.3003]], [[-99.01209, 19.26683], [-99.01154, 19.26678], [-99.01123, 19.26675], [-99.01154, 19.26678], [-99.01209, 19.26683]], [[-99.01084, 19.26672], [-99.01015, 19.26666], [-99.00948, 19.2666], [-99.01015, 19.26666], [-99.01123, 19.26675], [-99.01084, 19.26672]], [[-99.0111, 19.23738], [-99.0111, 19.23738], [-99.01118, 19.23743], [-99.0111, 19.23738]], [[-99.0112, 19.23706], [-99.0112, 19.23706], [-99.01116, 19.23718], [-99.0112, 19.23706]], [[-99.01121, 19.23745], [-99.01121, 19.23745], [-99.01105, 19.23779], [-99.01121, 19.23745]], [[-99.01104, 19.23672], [-99.01104, 19.2367], [-99.01104, 19.23677], [-99.01104, 19.23672]], [[-99.01104, 19.23668], [-99.01075, 19.23647], [-99.01104, 19.2367], [-99.01104, 19.23668]], [[-99.01102, 19.23683], [-99.01101, 19.23683], [-99.01104, 19.23677], [-99.01102, 19.23683]], [[-99.01098, 19.23685], [-99.01098, 19.23688], [-99.01098, 19.23685], [-99.01098, 19.23685]], [[-99.01091, 19.23546], [-99.00962, 19.23488], [-99.00939, 19.23477], [-99.01093, 19.23547], [-99.01091, 19.23546]], [[-99.01088, 19.23559], [-99.01045, 19.236], [-99.01041, 19.23603], [-99.01093, 19.23547], [-99.01088, 19.23559]], [[-99.01087, 19.26929], [-99.01136, 19.26909], [-99.01075, 19.26935], [-99.01087, 19.26929]], [[-99.01057, 19.23356], [-99.01057, 19.23356], [-99.0105, 19.2337], [-99.01057, 19.23356]], [[-99.01048, 19.23252], [-99.01049, 19.23236], [-99.01048, 19.23252], [-99.01048, 19.23252]], [[-99.01035, 19.23231], [-99.01019, 19.2323], [-99.01009, 19.23225], [-99.01019, 19.2323], [-99.01049, 19.23236], [-99.01035, 19.23231]], [[-99.01034, 19.30004], [-99.01034, 19.30004], [-99.01034, 19.30003], [-99.01034, 19.30004]], [[-99.0102, 19.29867], [-99.01025, 19.29847], [-99.0102, 19.29867], [-99.0102, 19.29867]], [[-99.0102, 19.23252], [-99.01014, 19.23254], [-99.0097, 19.23253], [-99.01014, 19.23254], [-99.0102, 19.23252]], [[-99.00991, 19.23238], [-99.00985, 19.2324], [-99.00999, 19.23228], [-99.00991, 19.23238]], [[-99.00976, 19.23239], [-99.00968, 19.23233], [-99.00985, 19.2324], [-99.00976, 19.23239]], [[-99.00972, 19.23231], [-99.00972, 19.23231], [-99.00968, 19.23233], [-99.00972, 19.23231]], [[-99.0103, 19.23343], [-99.00996, 19.23326], [-99.00971, 19.23322], [-99.00996, 19.23326], [-99.0103, 19.23343]], [[-99.00984, 19.23359], [-99.00982, 19.23359], [-99.00964, 19.23387], [-99.00982, 19.23359], [-99.00984, 19.23359]], [[-99.01, 19.27798], [-99.01177, 19.27815], [-99.01, 19.27798], [-99.00976, 19.2776], [-99.01, 19.27798]], [[-99.00968, 19.23217], [-99.00976, 19.23216], [-99.00974, 19.23204], [-99.00976, 19.23216], [-99.00968, 19.23217]], [[-99.0097, 19.23253], [-99.0097, 19.23253], [-99.00953, 19.2332], [-99.00953, 19.2332], [-99.0097, 19.23253]], [[-99.00914, 19.27179], [-99.00914, 19.27179], [-99.00919, 19.27169], [-99.00914, 19.27179]], [[-99.00924, 19.27028], [-99.01001, 19.26985], [-99.00905, 19.27037], [-99.00924, 19.27028]], [[-99.00886, 19.2713], [-99.00898, 19.27154], [-99.00921, 19.27164], [-99.00898, 19.27154], [-99.00886, 19.2713]], [[-99.00869, 19.23187], [-99.00869, 19.23186], [-99.00867, 19.23184], [-99.00869, 19.23186], [-99.00869, 19.23187]], [[-99.00869, 19.2319], [-99.00869, 19.2319], [-99.00869, 19.23201], [-99.00869, 19.2319]], [[-99.00845, 19.27187], [-99.00859, 19.27184], [-99.00904, 19.27199], [-99.00859, 19.27184], [-99.00845, 19.27187]], [[-99.00811, 19.22915], [-99.00795, 19.22924], [-99.00786, 19.2293], [-99.00795, 19.22924], [-99.00811, 19.22915]], [[-99.00799, 19.27229], [-99.00803, 19.2725], [-99.00793, 19.27221], [-99.00799, 19.27229]], [[-99.00792, 19.22669], [-99.00789, 19.22665], [-99.00676, 19.22625], [-99.00789, 19.22665], [-99.00792, 19.22669]], [[-99.00777, 19.27413], [-99.00816, 19.27403], [-99.00777, 19.27413], [-99.00777, 19.27413]], [[-99.00795, 19.23174], [-99.00756, 19.23168], [-99.00733, 19.23158], [-99.00756, 19.23168], [-99.00795, 19.23174]], [[-99.00743, 19.29774], [-99.00737, 19.298], [-99.00737, 19.298], [-99.00743, 19.29774]], [[-99.00732, 19.2296], [-99.00728, 19.22961], [-99.00712, 19.22994], [-99.00728, 19.22961], [-99.00732, 19.2296]], [[-99.00726, 19.22746], [-99.00748, 19.22759], [-99.00768, 19.22769], [-99.00726, 19.22746], [-99.00726, 19.22746]], [[-99.00779, 19.23076], [-99.00684, 19.23048], [-99.00684, 19.23048], [-99.00779, 19.23076]], [[-99.00652, 19.29742], [-99.0064, 19.29775], [-99.00657, 19.29729], [-99.00652, 19.29742]], [[-99.0054, 19.22787], [-99.00543, 19.22774], [-99.00545, 19.22765], [-99.00543, 19.22774], [-99.0054, 19.22787]], [[-99.00538, 19.22801], [-99.00538, 19.22801], [-99.00539, 19.22796], [-99.00538, 19.22801]], [[-99.00538, 19.22811], [-99.00538, 19.22811], [-99.00534, 19.22818], [-99.00538, 19.22811]], [[-99.00501, 19.2283], [-99.00495, 19.22826], [-99.00491, 19.22823], [-99.00495, 19.22826], [-99.00501, 19.2283]], [[-99.00471, 19.22806], [-99.00462, 19.22804], [-99.00457, 19.22804], [-99.00462, 19.22804], [-99.00471, 19.22806]], [[-99.00185, 19.29688], [-99.00132, 19.297], [-99.00312, 19.29657], [-99.00185, 19.29688]], [[-98.99973, 19.25535], [-99.00124, 19.25259], [-99.0018, 19.25159], [-99.00124, 19.25259], [-98.99973, 19.25535]], [[-99.00103, 19.25574], [-98.99877, 19.25947], [-99.00103, 19.25574], [-99.00103, 19.25574]], [[-98.99982, 19.25084], [-98.99987, 19.25085], [-98.99989, 19.25086], [-98.99987, 19.25085], [-98.99982, 19.25084]], [[-98.99795, 19.25025], [-98.99812, 19.2503], [-98.99954, 19.25075], [-98.99812, 19.2503], [-98.99795, 19.25025]], [[-98.99801, 19.2981], [-98.99763, 19.29804], [-98.99801, 19.2981], [-98.99801, 19.2981]], [[-98.99669, 19.26373], [-98.99766, 19.26401], [-98.99824, 19.26303], [-98.99766, 19.26401], [-98.99669, 19.26373]], [[-98.9975, 19.25012], [-98.99764, 19.25016], [-98.99765, 19.25016], [-98.99764, 19.25016], [-98.9975, 19.25012]], [[-98.99628, 19.29788], [-98.99613, 19.29784], [-98.99662, 19.2979], [-98.99628, 19.29788]], [[-98.99639, 19.29566], [-98.99655, 19.29568], [-98.99655, 19.29568], [-98.99639, 19.29566]], [[-98.99631, 19.29644], [-98.99646, 19.29597], [-98.99631, 19.29644], [-98.99583, 19.29646], [-98.99559, 19.2965], [-98.99631, 19.29644]], [[-98.99497, 19.2982], [-98.99486, 19.2983], [-98.99525, 19.29792], [-98.99497, 19.2982]], [[-98.99419, 19.24914], [-98.99522, 19.24946], [-98.99574, 19.24958], [-98.99522, 19.24946], [-98.99419, 19.24914]], [[-98.9947, 19.24625], [-98.99455, 19.24712], [-98.99454, 19.24714], [-98.99498, 19.24469], [-98.9947, 19.24625]], [[-98.99452, 19.29832], [-98.9945, 19.29835], [-98.9945, 19.29835], [-98.99452, 19.29832]], [[-98.99427, 19.29825], [-98.99437, 19.29829], [-98.99427, 19.29825], [-98.99427, 19.29825]], [[-98.9937, 19.29529], [-98.99236, 19.29608], [-98.99394, 19.29532], [-98.9937, 19.29529]], [[-98.99381, 19.26446], [-98.99389, 19.26448], [-98.99396, 19.26405], [-98.99389, 19.26448], [-98.99381, 19.26446]], [[-98.99318, 19.26935], [-98.99307, 19.26999], [-98.99301, 19.27051], [-98.99307, 19.26999], [-98.99318, 19.26935]], [[-98.99278, 19.27187], [-98.99281, 19.27167], [-98.99292, 19.27106], [-98.99281, 19.27167], [-98.99278, 19.27187]], [[-98.99246, 19.27398], [-98.99253, 19.27341], [-98.99263, 19.27282], [-98.99253, 19.27341], [-98.99246, 19.27398]], [[-98.99248, 19.26574], [-98.99262, 19.26702], [-98.99248, 19.26574], [-98.99248, 19.26574]], [[-98.99199, 19.23903], [-98.99243, 19.23917], [-98.99243, 19.23917], [-98.99199, 19.23903]], [[-98.99196, 19.2345], [-98.99218, 19.23477], [-98.99251, 19.2352], [-98.99218, 19.23477], [-98.99196, 19.2345]], [[-98.99181, 19.29344], [-98.99163, 19.29352], [-98.99205, 19.29337], [-98.99181, 19.29344]], [[-98.99148, 19.2936], [-98.99138, 19.29366], [-98.99163, 19.29352], [-98.99148, 19.2936]], [[-98.99154, 19.29677], [-98.99154, 19.29677], [-98.99205, 19.29337], [-98.99154, 19.29677]], [[-98.9916, 19.24361], [-98.9916, 19.24361], [-98.99188, 19.24216], [-98.9916, 19.24361]], [[-98.99092, 19.2288], [-98.99158, 19.22623], [-98.99161, 19.22611], [-98.99158, 19.22623], [-98.99092, 19.2288]], [[-98.99143, 19.27948], [-98.99147, 19.27943], [-98.99163, 19.27945], [-98.99147, 19.27943], [-98.99143, 19.27948]], [[-98.99056, 19.28464], [-98.99048, 19.28521], [-98.99062, 19.2838], [-98.99056, 19.28464]], [[-98.99022, 19.23336], [-98.99057, 19.23347], [-98.99079, 19.23357], [-98.99057, 19.23347], [-98.99022, 19.23336]], [[-98.99028, 19.28643], [-98.99038, 19.28585], [-98.99028, 19.28643], [-98.99008, 19.28749], [-98.9899, 19.28852], [-98.99028, 19.28643]], [[-98.98894, 19.2954], [-98.98891, 19.29541], [-98.99008, 19.29458], [-98.98894, 19.2954]], [[-98.98749, 19.22736], [-98.98781, 19.22779], [-98.98804, 19.22802], [-98.98781, 19.22779], [-98.98749, 19.22736]], [[-98.98319, 19.22935], [-98.98459, 19.22988], [-98.98464, 19.22986], [-98.98459, 19.22988], [-98.98319, 19.22935]], [[-98.98428, 19.23101], [-98.98457, 19.23112], [-98.98279, 19.23047], [-98.98428, 19.23101]], [[-98.98051, 19.22163], [-98.98019, 19.22146], [-98.98051, 19.22163], [-98.98062, 19.22142], [-98.98051, 19.22163]], [[-98.98041, 19.22132], [-98.98048, 19.22118], [-98.98062, 19.22142], [-98.98041, 19.22132]], [[-98.97951, 19.30745], [-98.97997, 19.30766], [-98.97997, 19.30766], [-98.97951, 19.30745]], [[-98.97937, 19.30838], [-98.9793, 19.30845], [-98.97941, 19.30838], [-98.97937, 19.30838]], [[-98.97939, 19.22103], [-98.97858, 19.22255], [-98.97858, 19.22255], [-98.97939, 19.22103]], [[-98.97883, 19.30892], [-98.97894, 19.30882], [-98.9783, 19.30946], [-98.97857, 19.30919], [-98.97883, 19.30892]], [[-98.97831, 19.22245], [-98.97837, 19.22232], [-98.97847, 19.22243], [-98.97837, 19.22232], [-98.97831, 19.22245]], [[-98.97764, 19.22161], [-98.97742, 19.22133], [-98.97803, 19.2221], [-98.97791, 19.22195], [-98.97764, 19.22161]], [[-98.97662, 19.31043], [-98.97662, 19.31043], [-98.97686, 19.31017], [-98.97662, 19.31043]], [[-98.97657, 19.30993], [-98.97657, 19.30993], [-98.97686, 19.31017], [-98.97657, 19.30993]], [[-98.97526, 19.30514], [-98.97526, 19.30514], [-98.97729, 19.30654], [-98.97729, 19.30654], [-98.97748, 19.30633], [-98.97748, 19.30633], [-98.97729, 19.30654], [-98.97526, 19.30514], [-98.97526, 19.30514]], [[-98.97509, 19.31017], [-98.97495, 19.31019], [-98.97522, 19.30962], [-98.97509, 19.31017]], [[-98.97449, 19.22355], [-98.97557, 19.22474], [-98.97449, 19.22355], [-98.97449, 19.22355]], [[-98.97385, 19.22249], [-98.97379, 19.22263], [-98.97379, 19.22263], [-98.97385, 19.22249]], [[-98.97375, 19.31266], [-98.97376, 19.31276], [-98.97371, 19.31258], [-98.97375, 19.31266]], [[-98.97359, 19.31246], [-98.97332, 19.31207], [-98.97323, 19.31176], [-98.97371, 19.31258], [-98.97359, 19.31246]], [[-98.97321, 19.31158], [-98.97321, 19.31156], [-98.97323, 19.31176], [-98.97321, 19.31158]], [[-98.97369, 19.31438], [-98.97348, 19.31411], [-98.97369, 19.31438], [-98.97369, 19.31438]], [[-98.97349, 19.31341], [-98.97364, 19.31309], [-98.97348, 19.31411], [-98.97349, 19.31341]], [[-98.97365, 19.22272], [-98.97349, 19.22299], [-98.97342, 19.22296], [-98.97349, 19.22299], [-98.97365, 19.22272]], [[-98.97339, 19.22164], [-98.97341, 19.22165], [-98.97345, 19.22153], [-98.97341, 19.22165], [-98.97339, 19.22164]], [[-98.97324, 19.30649], [-98.97305, 19.30655], [-98.97334, 19.30644], [-98.97324, 19.30649]], [[-98.97318, 19.22268], [-98.97298, 19.22324], [-98.97318, 19.22268], [-98.97318, 19.22268]], [[-98.97315, 19.31138], [-98.97318, 19.31144], [-98.9731, 19.31126], [-98.97314, 19.31135], [-98.97315, 19.31138]], [[-98.97304, 19.31421], [-98.97304, 19.31421], [-98.97304, 19.31421], [-98.97304, 19.31421]], [[-98.97236, 19.3172], [-98.97194, 19.3173], [-98.97248, 19.31715], [-98.97236, 19.3172]], [[-98.97268, 19.30661], [-98.97281, 19.30659], [-98.97241, 19.30662], [-98.97241, 19.30662], [-98.97268, 19.30661]], [[-98.97197, 19.31612], [-98.97191, 19.31603], [-98.97204, 19.31622], [-98.97197, 19.31612]], [[-98.97186, 19.31593], [-98.97189, 19.31579], [-98.97186, 19.31593], [-98.97186, 19.31593]], [[-98.97094, 19.22716], [-98.97126, 19.2275], [-98.97126, 19.2275], [-98.97094, 19.22716]], [[-98.97127, 19.21548], [-98.97, 19.21511], [-98.97123, 19.21555], [-98.97127, 19.21548]], [[-98.9715, 19.22256], [-98.97106, 19.22228], [-98.97086, 19.22238], [-98.97106, 19.22228], [-98.9715, 19.22256]], [[-98.97106, 19.21323], [-98.97106, 19.21323], [-98.97088, 19.21387], [-98.97106, 19.21323]], [[-98.9709, 19.22858], [-98.97093, 19.22849], [-98.97096, 19.22838], [-98.97093, 19.22849], [-98.9709, 19.22858]], [[-98.97079, 19.216], [-98.9707, 19.21598], [-98.97055, 19.21592], [-98.9709, 19.21606], [-98.97079, 19.216]], [[-98.9704, 19.21582], [-98.97023, 19.21576], [-98.97055, 19.21592], [-98.9704, 19.21582]], [[-98.97001, 19.21568], [-98.96985, 19.21565], [-98.97023, 19.21576], [-98.97001, 19.21568]], [[-98.97008, 19.22291], [-98.97018, 19.22294], [-98.97018, 19.22294], [-98.97008, 19.22291]], [[-98.96989, 19.22618], [-98.97008, 19.22633], [-98.97014, 19.22639], [-98.97008, 19.22633], [-98.96989, 19.22618]], [[-98.96973, 19.21298], [-98.96925, 19.21289], [-98.9698, 19.21287], [-98.96973, 19.21298]], [[-98.96964, 19.21575], [-98.96965, 19.21574], [-98.96962, 19.21582], [-98.96964, 19.21575]], [[-98.96944, 19.2249], [-98.96944, 19.22489], [-98.96949, 19.22479], [-98.96944, 19.22489], [-98.96944, 19.2249]], [[-98.96934, 19.22487], [-98.96934, 19.22487], [-98.96933, 19.2249], [-98.96934, 19.22487], [-98.96934, 19.22487]], [[-98.96925, 19.22564], [-98.96927, 19.22545], [-98.96929, 19.22529], [-98.96927, 19.22545], [-98.96925, 19.22564]], [[-98.96919, 19.21685], [-98.96919, 19.2169], [-98.96925, 19.21669], [-98.96919, 19.21685]], [[-98.96914, 19.21698], [-98.96914, 19.21698], [-98.96919, 19.2169], [-98.96914, 19.21698]], [[-98.96898, 19.21704], [-98.9689, 19.21703], [-98.96907, 19.21705], [-98.96898, 19.21704]], [[-98.9685, 19.32027], [-98.96855, 19.32003], [-98.9685, 19.32027], [-98.96905, 19.32047], [-98.9685, 19.32027]], [[-98.96877, 19.21997], [-98.96895, 19.21986], [-98.96862, 19.22003], [-98.96877, 19.21997]], [[-98.96862, 19.21273], [-98.96862, 19.21273], [-98.96885, 19.2128], [-98.96862, 19.21273]], [[-98.96875, 19.21815], [-98.96848, 19.21807], [-98.96848, 19.21807], [-98.96875, 19.21815], [-98.96875, 19.21815]], [[-98.9679, 19.22052], [-98.9683, 19.22024], [-98.96742, 19.22103], [-98.9679, 19.22052]], [[-98.96813, 19.31833], [-98.96864, 19.3185], [-98.96793, 19.3183], [-98.96813, 19.31833]], [[-98.96699, 19.31788], [-98.96696, 19.31788], [-98.96793, 19.3183], [-98.96699, 19.31788]], [[-98.96756, 19.21196], [-98.96752, 19.21189], [-98.9678, 19.21212], [-98.96756, 19.21196]], [[-98.96677, 19.22201], [-98.96659, 19.22221], [-98.96687, 19.22183], [-98.96677, 19.22201]], [[-98.96658, 19.22223], [-98.96653, 19.22228], [-98.96659, 19.22221], [-98.96658, 19.22223]], [[-98.96687, 19.3179], [-98.96689, 19.31789], [-98.96644, 19.31842], [-98.96687, 19.3179]], [[-98.96561, 19.22169], [-98.96525, 19.2216], [-98.96519, 19.22158], [-98.96525, 19.2216], [-98.96561, 19.22169], [-98.96591, 19.22177], [-98.96561, 19.22169]], [[-98.96525, 19.31815], [-98.96495, 19.31829], [-98.96525, 19.31815], [-98.96525, 19.31815]], [[-98.96457, 19.31847], [-98.96525, 19.32122], [-98.96457, 19.31847], [-98.96457, 19.31847]], [[-98.96434, 19.221], [-98.9641, 19.22089], [-98.96454, 19.22124], [-98.96434, 19.221]], [[-98.96288, 19.22058], [-98.96245, 19.22055], [-98.96291, 19.22059], [-98.96288, 19.22058]], [[-98.96033, 19.22046], [-98.96046, 19.22036], [-98.9603, 19.2205], [-98.96033, 19.22046]], [[-98.96033, 19.22072], [-98.96033, 19.22072], [-98.95998, 19.22128], [-98.96033, 19.22072]], [[-98.95986, 19.22154], [-98.9598, 19.22163], [-98.95998, 19.22128], [-98.95986, 19.22154]], [[-98.96027, 19.22066], [-98.96026, 19.22056], [-98.96031, 19.2207], [-98.96027, 19.22066]], [[-98.95968, 19.22174], [-98.95969, 19.22172], [-98.95966, 19.22181], [-98.95968, 19.22174]], [[-98.958, 19.22303], [-98.95772, 19.22283], [-98.9577, 19.22281], [-98.95889, 19.22346], [-98.958, 19.22303]], [[-98.95679, 19.22266], [-98.95689, 19.22265], [-98.95665, 19.22262], [-98.95679, 19.22266]], [[-98.95633, 19.22247], [-98.95647, 19.22251], [-98.95626, 19.22248], [-98.95633, 19.22247]], [[-98.95284, 19.2217], [-98.95263, 19.22164], [-98.95162, 19.22132], [-98.95344, 19.22186], [-98.95284, 19.2217]], [[-98.94999, 19.2234], [-98.94912, 19.22309], [-98.95048, 19.22373], [-98.94999, 19.2234]], [[-98.94885, 19.223], [-98.9488, 19.22299], [-98.94872, 19.22298], [-98.94903, 19.22306], [-98.94885, 19.223]], [[-98.94834, 19.2229], [-98.94832, 19.22289], [-98.94838, 19.22291], [-98.94834, 19.2229]]]}}, {"type": "Feature", "id": 12, "properties": {"cve_mun": "012", "name": "Tlalpan"}, "geometry": {"type": "Polygon", "coordinates": [[[-99.28761, 19.1466], [-99.2956, 19.17288], [-99.30018, 19.18458], [-99.30133, 19.18842], [-99.30276, 19.19086], [-99.30469, 19.20265], [-99.30613, 19.20614], [-99.30714, 19.21373], [-99.31625, 19.2215], [-99.31556, 19.2274], [-99.31297, 19.2258], [-99.31228, 19.22602], [-99.31144, 19.22574], [-99.31083, 19.22517], [-99.30962, 19.22475], [-99.30863, 19.22361], [-99.3057, 19.22224], [-99.30143, 19.21822], [-99.30027, 19.21774], [-99.2978, 19.21812], [-99.29671, 19.21776], [-99.29494, 19.21534], [-99.29315, 19.21391], [-99.29239, 19.21383], [-99.29144, 19.2146], [-99.28943, 19.21373], [-99.28873, 19.21372], [-99.28782, 19.21312], [-99.28539, 19.21329], [-99.28464, 19.21369], [-99.28371, 19.21354], [-99.2831, 19.21306], [-99.28239, 19.21308], [-99.28134, 19.21365], [-99.27821, 19.21428], [-99.27719, 19.21484], [-99.27636, 19.21579], [-99.27624, 19.21642], [-99.27462, 19.21752], [-99.27421, 19.21815], [-99.27416, 19.22104], [-99.27255, 19.22214], [-99.27068, 19.2242], [-99.26949, 19.22449], [-99.2665, 19.22679], [-99.26526, 19.22712], [-99.26377, 19.22849], [-99.26093, 19.22941], [-99.2589, 19.23051], [-99.25727, 19.23247], [-99.2561, 19.23254], [-99.25514, 19.23371], [-99.25343, 19.23481], [-99.25268, 19.23609], [-99.25287, 19.23759], [-99.25099, 19.24046], [-99.25177, 19.24243], [-99.25015, 19.24469], [-99.25048, 19.24521], [-99.25035, 19.24569], [-99.24983, 19.24574], [-99.2496, 19.24633], [-99.2489, 19.24674], [-99.24801, 19.24673], [-99.24739, 19.24885], [-99.24529, 19.25027], [-99.24522, 19.2513], [-99.24459, 19.25273], [-99.2448, 19.25439], [-99.24525, 19.25525], [-99.24482, 19.25636], [-99.24539, 19.25734], [-99.24445, 19.25816], [-99.24389, 19.2592], [-99.24406, 19.25946], [-99.24574, 19.25894], [-99.24724, 19.26028], [-99.24594, 19.2612], [-99.24553, 19.26293], [-99.24563, 19.26337], [-99.24709, 19.26475], [-99.247, 19.2656], [-99.24597, 19.26637], [-99.24578, 19.26691], [-99.24606, 19.26703], [-99.24599, 19.26753], [-99.24349, 19.26969], [-99.24377, 19.27164], [-99.24461, 19.2729], [-99.24346, 19.27565], [-99.24489, 19.27621], [-99.24536, 19.27679], [-99.2448, 19.27913], [-99.24493, 19.28007], [-99.24336, 19.28108], [-99.24355, 19.28219], [-99.24196, 19.28301], [-99.24297, 19.28414], [-99.24151, 19.28645], [-99.24081, 19.28699], [-99.24108, 19.28807], [-99.24276, 19.28936], [-99.243, 19.29144], [-99.24232, 19.29286], [-99.24155, 19.29286], [-99.24192, 19.29314], [-99.24138, 19.29402], [-99.24037, 19.29405], [-99.23869, 19.2947], [-99.23722, 19.29426], [-99.23597, 19.29446], [-99.2361, 19.29511], [-99.23547, 19.295], [-99.23319, 19.2967], [-99.23248, 19.29788], [-99.23271, 19.29989], [-99.23337, 19.30008], [-99.2334, 19.30082], [-99.23223, 19.30147], [-99.23297, 19.30181], [-99.23234, 19.30298], [-99.2319, 19.30504], [-99.22936, 19.30648], [-99.22775, 19.30696], [-99.22761, 19.30806], [-99.22517, 19.30996], [-99.22493, 19.3106], [-99.22071, 19.31113], [-99.21993, 19.31226], [-99.2178, 19.30935], [-99.21539, 19.30762], [-99.20223, 19.30496], [-99.19629, 19.30228], [-99.19345, 19.30205], [-99.17929, 19.30344], [-99.16556, 19.30175], [-99.162, 19.30122], [-99.16024, 19.30057], [-99.15842, 19.29913], [-99.15666, 19.29684], [-99.15162, 19.29801], [-99.14741, 19.30129], [-99.14713, 19.30096], [-99.14525, 19.30062], [-99.14262, 19.29961], [-99.13472, 19.30829], [-99.12297, 19.30329], [-99.11681, 19.30142], [-99.10921, 19.29962], [-99.10093, 19.30002], [-99.10136, 19.2952], [-99.10502, 19.29352], [-99.12493, 19.28524], [-99.13511, 19.28246], [-99.13789, 19.28221], [-99.14106, 19.28253], [-99.14209, 19.27394], [-99.14119, 19.27353], [-99.14214, 19.27069], [-99.1428, 19.2705], [-99.14337, 19.26947], [-99.14395, 19.26954], [-99.14492, 19.26745], [-99.14322, 19.26723], [-99.14333, 19.26652], [-99.1424, 19.26662], [-99.1425, 19.26438], [-99.14211, 19.26185], [-99.14237, 19.26023], [-99.14179, 19.2593], [-99.14017, 19.25786], [-99.1408, 19.257], [-99.14001, 19.25623], [-99.13939, 19.25469], [-99.14019, 19.25259], [-99.14016, 19.2519], [-99.14125, 19.25065], [-99.14173, 19.249], [-99.14036, 19.24798], [-99.13892, 19.24597], [-99.14038, 19.24359], [-99.14201, 19.24364], [-99.14233, 19.24416], [-99.14426, 19.24474], [-99.14401, 19.23968], [-99.14612, 19.23933], [-99.14668, 19.24034], [-99.14752, 19.24026], [-99.14445, 19.23452], [-99.14634, 19.23418], [-99.14793, 19.23452], [-99.1484, 19.23498], [-99.14797, 19.23606], [-99.14819, 19.2362], [-99.1493, 19.23471], [-99.14929, 19.23404], [-99.15031, 19.23419], [-99.15068, 19.23462], [-99.15062, 19.23243], [-99.15174, 19.23081], [-99.15338, 19.22598], [-99.15274, 19.22484], [-99.15119, 19.22441], [-99.15115, 19.22341], [-99.15162, 19.22335], [-99.15248, 19.22053], [-99.15293, 19.22058], [-99.15352, 19.22181], [-99.15439, 19.22064], [-99.13832, 19.21573], [-99.13331, 19.21041], [-99.13329, 19.21002], [-99.13282, 19.20998], [-99.13277, 19.20833], [-99.13232, 19.2077], [-99.13243, 19.20648], [-99.13149, 19.20543], [-99.13092, 19.2042], [-99.13008, 19.20385], [-99.1303, 19.20318], [-99.12931, 19.203], [-99.12954, 19.20038], [-99.12909, 19.19944], [-99.12948, 19.19852], [-99.12976, 19.1986], [-99.12927, 19.19813], [-99.12951, 19.19727], [-99.13045, 19.19621], [-99.12994, 19.19536], [-99.13078, 19.19294], [-99.13067, 19.19131], [-99.13, 19.19073], [-99.12994, 19.1903], [-99.12757, 19.18829], [-99.12708, 19.18727], [-99.12897, 19.18465], [-99.1301, 19.18393], [-99.13033, 19.18255], [-99.13105, 19.18181], [-99.13239, 19.17853], [-99.1325, 19.17667], [-99.13206, 19.17512], [-99.12995, 19.17225], [-99.13054, 19.17139], [-99.13017, 19.16822], [-99.13031, 19.16591], [-99.13269, 19.16013], [-99.1328, 19.15488], [-99.13251, 19.15303], [-99.13166, 19.15263], [-99.13024, 19.15254], [-99.13241, 19.14861], [-99.1404, 19.15221], [-99.14345, 19.15754], [-99.14449, 19.15867], [-99.1468, 19.15994], [-99.14961, 19.16031], [-99.15196, 19.15077], [-99.1525, 19.14212], [-99.15501, 19.13531], [-99.16329, 19.11749], [-99.14681, 19.10058], [-99.13648, 19.08938], [-99.22678, 19.09606], [-99.2787, 19.1317], [-99.28761, 19.1466]], [[-99.15356, 19.22202], [-99.15363, 19.22231], [-99.15373, 19.2226], [-99.15352, 19.22181], [-99.15356, 19.22202]], [[-99.24557, 19.26699], [-99.24551, 19.26703], [-99.24563, 19.26696], [-99.24557, 19.26699]], [[-99.2454, 19.26706], [-99.24527, 19.26709], [-99.2452, 19.2671], [-99.24527, 19.26709], [-99.24544, 19.26706], [-99.2454, 19.26706]], [[-99.24513, 19.26709], [-99.24508, 19.26709], [-99.2452, 19.2671], [-99.24513, 19.26709]], [[-99.24507, 19.26709], [-99.24505, 19.26709], [-99.24501, 19.26709], [-99.24508, 19.26709], [-99.24507, 19.26709]], [[-99.24485, 19.26712], [-99.24472, 19.26713], [-99.24501, 19.26709], [-99.24485, 19.26712]], [[-99.24446, 19.26702], [-99.24448, 19.26704], [-99.24435, 19.26694], [-99.24437, 19.26696], [-99.24446, 19.26702]], [[-99.24416, 19.26694], [-99.24419, 19.26693], [-99.24413, 19.26695], [-99.24416, 19.26694]], [[-99.24395, 19.26698], [-99.24406, 19.26696], [-99.2439, 19.26698], [-99.24395, 19.26698]], [[-99.24374, 19.26699], [-99.24364, 19.267], [-99.2439, 19.26698], [-99.24374, 19.26699]], [[-99.2433, 19.26713], [-99.2434, 19.26714], [-99.24224, 19.26554], [-99.24324, 19.26712], [-99.2433, 19.26713]], [[-99.24163, 19.26408], [-99.24146, 19.26411], [-99.24146, 19.26411], [-99.24163, 19.26408]], [[-99.24105, 19.2641], [-99.24118, 19.26407], [-99.24136, 19.264], [-99.24139, 19.26409], [-99.24105, 19.2641]], [[-99.24056, 19.26454], [-99.24051, 19.26467], [-99.24042, 19.26482], [-99.24057, 19.26449], [-99.24056, 19.26454]], [[-99.24031, 19.26497], [-99.24024, 19.26504], [-99.24042, 19.26482], [-99.24031, 19.26497]], [[-99.23949, 19.26541], [-99.23938, 19.26542], [-99.23969, 19.26536], [-99.23949, 19.26541]], [[-99.23813, 19.26554], [-99.23786, 19.26557], [-99.23842, 19.26552], [-99.23813, 19.26554]], [[-99.23741, 19.2656], [-99.23719, 19.26564], [-99.23697, 19.26571], [-99.23719, 19.26564], [-99.23741, 19.2656]], [[-99.23491, 19.267], [-99.23498, 19.26697], [-99.23511, 19.26687], [-99.23528, 19.26676], [-99.23536, 19.2667], [-99.23491, 19.267]], [[-99.23473, 19.26709], [-99.2346, 19.26715], [-99.2348, 19.26705], [-99.23473, 19.26709]], [[-99.23432, 19.26726], [-99.23419, 19.26729], [-99.23401, 19.26731], [-99.23436, 19.26724], [-99.23432, 19.26726]], [[-99.23368, 19.26734], [-99.2335, 19.2675], [-99.23401, 19.26731], [-99.23368, 19.26734]], [[-99.23308, 19.26782], [-99.23322, 19.26771], [-99.23286, 19.26804], [-99.23308, 19.26782]], [[-99.23256, 19.26837], [-99.23251, 19.26845], [-99.23286, 19.26804], [-99.23256, 19.26837]], [[-99.23233, 19.26898], [-99.23231, 19.26902], [-99.23234, 19.26895], [-99.23233, 19.26898]], [[-99.23206, 19.26472], [-99.23204, 19.26461], [-99.23202, 19.26493], [-99.23206, 19.26472]], [[-99.23198, 19.26429], [-99.23194, 19.26384], [-99.23177, 19.2638], [-99.23194, 19.26384], [-99.23198, 19.26429]], [[-99.23194, 19.26511], [-99.23198, 19.26502], [-99.23177, 19.26531], [-99.23186, 19.26522], [-99.23194, 19.26511]], [[-99.23148, 19.26552], [-99.23103, 19.26531], [-99.23164, 19.26541], [-99.23148, 19.26552]], [[-99.23121, 19.26873], [-99.23099, 19.26865], [-99.23148, 19.26882], [-99.23121, 19.26873]], [[-99.2297, 19.23256], [-99.22959, 19.23249], [-99.23014, 19.23281], [-99.2297, 19.23256]], [[-99.22979, 19.23228], [-99.22967, 19.23212], [-99.23056, 19.23313], [-99.23014, 19.23268], [-99.22979, 19.23228]], [[-99.22991, 19.26598], [-99.22982, 19.2661], [-99.22996, 19.26592], [-99.22991, 19.26598]], [[-99.23012, 19.26819], [-99.2304, 19.26839], [-99.22945, 19.26752], [-99.22994, 19.26802], [-99.23012, 19.26819]], [[-99.22999, 19.26302], [-99.22994, 19.2633], [-99.22994, 19.2633], [-99.22999, 19.26302]], [[-99.22963, 19.26628], [-99.2297, 19.26654], [-99.22963, 19.26628], [-99.22963, 19.26628]], [[-99.22936, 19.23237], [-99.22933, 19.23235], [-99.22946, 19.23242], [-99.22936, 19.23237]], [[-99.22942, 19.26294], [-99.22944, 19.26295], [-99.22873, 19.26292], [-99.22942, 19.26294]], [[-99.22872, 19.26298], [-99.22812, 19.26302], [-99.22873, 19.26292], [-99.22872, 19.26298]], [[-99.22882, 19.26617], [-99.22913, 19.26631], [-99.22857, 19.26605], [-99.22882, 19.26617]], [[-99.22838, 19.266], [-99.22825, 19.26597], [-99.22857, 19.26605], [-99.22838, 19.266]], [[-99.22799, 19.26595], [-99.22799, 19.26595], [-99.22825, 19.26597], [-99.22799, 19.26595]], [[-99.22867, 19.21162], [-99.22853, 19.2117], [-99.22836, 19.21175], [-99.22853, 19.2117], [-99.22867, 19.21162]], [[-99.22849, 19.23026], [-99.22832, 19.22995], [-99.22785, 19.22909], [-99.22832, 19.22995], [-99.22849, 19.23026]], [[-99.22843, 19.20893], [-99.22737, 19.2089], [-99.22661, 19.20893], [-99.22737, 19.2089], [-99.22843, 19.20893]], [[-99.22703, 19.26337], [-99.22674, 19.26436], [-99.22712, 19.26314], [-99.22703, 19.26337]], [[-99.22603, 19.26602], [-99.22585, 19.26605], [-99.22571, 19.26608], [-99.22613, 19.26601], [-99.22603, 19.26602]], [[-99.22556, 19.26614], [-99.22544, 19.26619], [-99.22571, 19.26608], [-99.22556, 19.26614]], [[-99.22626, 19.2265], [-99.22579, 19.22594], [-99.22541, 19.22554], [-99.22579, 19.22594], [-99.22626, 19.2265]], [[-99.22506, 19.21481], [-99.22341, 19.21714], [-99.22332, 19.21723], [-99.22341, 19.21714], [-99.22523, 19.21459], [-99.22506, 19.21481]], [[-99.22423, 19.22431], [-99.2241, 19.22416], [-99.22405, 19.22404], [-99.2241, 19.22416], [-99.22423, 19.22431]], [[-99.22361, 19.26771], [-99.22378, 19.26761], [-99.22407, 19.26738], [-99.22378, 19.26761], [-99.22361, 19.26771]], [[-99.2219, 19.2319], [-99.22059, 19.23208], [-99.22349, 19.23189], [-99.2219, 19.2319]], [[-99.22359, 19.22134], [-99.22376, 19.22151], [-99.22395, 19.22168], [-99.22349, 19.22103], [-99.22359, 19.22134]], [[-99.22216, 19.21012], [-99.2234, 19.20979], [-99.22372, 19.20964], [-99.22538, 19.20934], [-99.22578, 19.20927], [-99.22216, 19.21012]], [[-99.22342, 19.21862], [-99.2233, 19.2192], [-99.22329, 19.21927], [-99.2233, 19.2192], [-99.22342, 19.21862]], [[-99.22334, 19.21775], [-99.22323, 19.21762], [-99.22312, 19.21754], [-99.22323, 19.21762], [-99.22334, 19.21775]], [[-99.22322, 19.21731], [-99.22313, 19.21737], [-99.22295, 19.21742], [-99.22313, 19.21737], [-99.22322, 19.21731]], [[-99.22088, 19.26801], [-99.22054, 19.26801], [-99.22133, 19.26802], [-99.22088, 19.26801]], [[-99.22007, 19.20963], [-99.22013, 19.20958], [-99.22017, 19.20955], [-99.22013, 19.20958], [-99.22007, 19.20963]], [[-99.2189, 19.20812], [-99.21856, 19.20823], [-99.22011, 19.20853], [-99.2189, 19.20812]], [[-99.21783, 19.20814], [-99.21783, 19.20814], [-99.21856, 19.20823], [-99.21783, 19.20814]], [[-99.22023, 19.21061], [-99.2198, 19.21072], [-99.21836, 19.21099], [-99.2198, 19.21072], [-99.22023, 19.21061]], [[-99.21929, 19.26809], [-99.21957, 19.26804], [-99.21883, 19.26819], [-99.21905, 19.26814], [-99.21929, 19.26809]], [[-99.21829, 19.21097], [-99.21827, 19.21095], [-99.21827, 19.21093], [-99.21827, 19.21095], [-99.21829, 19.21097]], [[-99.21785, 19.208], [-99.21698, 19.20773], [-99.21688, 19.20792], [-99.21698, 19.20773], [-99.21785, 19.208]], [[-99.21712, 19.20875], [-99.21712, 19.20875], [-99.21698, 19.20837], [-99.21712, 19.20875]], [[-99.21659, 19.2095], [-99.21672, 19.20951], [-99.21672, 19.20951], [-99.21659, 19.2095]], [[-99.21626, 19.26905], [-99.216, 19.26914], [-99.21649, 19.26896], [-99.21626, 19.26905]], [[-99.21461, 19.20884], [-99.21511, 19.20896], [-99.21595, 19.20907], [-99.21511, 19.20896], [-99.21461, 19.20884]], [[-99.21447, 19.26904], [-99.21466, 19.26911], [-99.21375, 19.26869], [-99.21447, 19.26904]], [[-99.21355, 19.26856], [-99.21346, 19.26841], [-99.21375, 19.26869], [-99.21355, 19.26856]], [[-99.21378, 19.23245], [-99.21367, 19.23243], [-99.21432, 19.23252], [-99.21378, 19.23245]], [[-99.21418, 19.20898], [-99.21359, 19.20901], [-99.21348, 19.20904], [-99.21359, 19.20901], [-99.21418, 19.20898]], [[-99.21333, 19.20921], [-99.21314, 19.20926], [-99.21348, 19.20904], [-99.21333, 19.20921]], [[-99.21219, 19.23219], [-99.21257, 19.23222], [-99.21333, 19.23236], [-99.21257, 19.23222], [-99.21219, 19.23219]], [[-99.21097, 19.20947], [-99.2113, 19.20947], [-99.21088, 19.20949], [-99.21097, 19.20947]], [[-99.21049, 19.26627], [-99.21042, 19.26619], [-99.21062, 19.26642], [-99.21049, 19.26627]], [[-99.20988, 19.26459], [-99.20967, 19.26417], [-99.21015, 19.26557], [-99.20988, 19.26459]], [[-99.21028, 19.20972], [-99.21044, 19.20962], [-99.21007, 19.2099], [-99.21028, 19.20972]], [[-99.2096, 19.20989], [-99.20961, 19.20993], [-99.20955, 19.20985], [-99.2096, 19.20989]], [[-99.20797, 19.20978], [-99.20828, 19.20984], [-99.20866, 19.2099], [-99.20828, 19.20984], [-99.20797, 19.20978]], [[-99.20908, 19.26353], [-99.20931, 19.26378], [-99.20791, 19.26251], [-99.20799, 19.26258], [-99.20908, 19.26353]], [[-99.20775, 19.26238], [-99.20769, 19.26231], [-99.20785, 19.26247], [-99.20775, 19.26238]], [[-99.20758, 19.23248], [-99.20808, 19.23227], [-99.20819, 19.23224], [-99.20835, 19.2322], [-99.20808, 19.23227], [-99.20734, 19.23255], [-99.20758, 19.23248]], [[-99.20717, 19.26175], [-99.20735, 19.262], [-99.20681, 19.26114], [-99.20666, 19.26096], [-99.20717, 19.26175]], [[-99.20621, 19.23429], [-99.20621, 19.23429], [-99.20606, 19.23412], [-99.20621, 19.23429]], [[-99.20571, 19.23386], [-99.20525, 19.23344], [-99.20606, 19.23412], [-99.20571, 19.23386]], [[-99.20501, 19.2336], [-99.20471, 19.23385], [-99.20525, 19.23344], [-99.20501, 19.2336]], [[-99.20648, 19.20977], [-99.20735, 19.20976], [-99.20606, 19.20968], [-99.20648, 19.20977]], [[-99.20518, 19.21016], [-99.20516, 19.21017], [-99.20558, 19.20984], [-99.20518, 19.21016]], [[-99.20478, 19.2597], [-99.20488, 19.25983], [-99.20461, 19.25943], [-99.20471, 19.25961], [-99.20478, 19.2597]], [[-99.20445, 19.25911], [-99.2045, 19.25921], [-99.20374, 19.25742], [-99.20445, 19.25911]], [[-99.20355, 19.25698], [-99.20353, 19.25691], [-99.20374, 19.25742], [-99.20355, 19.25698]], [[-99.2042, 19.20989], [-99.2048, 19.21017], [-99.20492, 19.21018], [-99.2048, 19.21017], [-99.2042, 19.20989]], [[-99.20452, 19.23588], [-99.20434, 19.23598], [-99.20412, 19.23607], [-99.20434, 19.23598], [-99.20452, 19.23588]], [[-99.20296, 19.25413], [-99.20285, 19.25393], [-99.20302, 19.25442], [-99.20296, 19.25413]], [[-99.2025, 19.25358], [-99.20222, 19.2534], [-99.2027, 19.25376], [-99.2025, 19.25358]], [[-99.20246, 19.23568], [-99.20224, 19.23554], [-99.20259, 19.2358], [-99.20246, 19.23568]], [[-99.20293, 19.20976], [-99.20248, 19.20977], [-99.20238, 19.2097], [-99.20248, 19.20977], [-99.20293, 19.20976]], [[-99.20239, 19.20961], [-99.20239, 19.20942], [-99.20238, 19.2097], [-99.20239, 19.20961]], [[-99.20224, 19.23464], [-99.20219, 19.23428], [-99.20231, 19.23511], [-99.20224, 19.23464]], [[-99.20208, 19.23356], [-99.20199, 19.23359], [-99.20212, 19.23377], [-99.20208, 19.23356]], [[-99.20216, 19.20933], [-99.20227, 19.20936], [-99.20202, 19.20936], [-99.20216, 19.20933]], [[-99.20088, 19.25092], [-99.20082, 19.25071], [-99.20089, 19.25108], [-99.20088, 19.25092]], [[-99.20089, 19.25184], [-99.2009, 19.25191], [-99.20088, 19.25149], [-99.20089, 19.25163], [-99.20089, 19.25184]], [[-99.20019, 19.24932], [-99.20013, 19.24926], [-99.20037, 19.24964], [-99.20019, 19.24932]], [[-99.19971, 19.21053], [-99.19934, 19.21042], [-99.19934, 19.21042], [-99.19971, 19.21053]], [[-99.19874, 19.2484], [-99.19862, 19.24834], [-99.19829, 19.24824], [-99.19886, 19.24846], [-99.19874, 19.2484]], [[-99.19805, 19.24824], [-99.19773, 19.24833], [-99.19829, 19.24824], [-99.19805, 19.24824]], [[-99.19791, 19.23409], [-99.19741, 19.23413], [-99.19863, 19.23404], [-99.19791, 19.23409]], [[-99.19853, 19.21066], [-99.19846, 19.21076], [-99.19842, 19.21093], [-99.19841, 19.21101], [-99.19853, 19.21066]], [[-99.19838, 19.21107], [-99.19839, 19.21105], [-99.19831, 19.21112], [-99.19838, 19.21107]], [[-99.19734, 19.21078], [-99.19734, 19.21077], [-99.19743, 19.21051], [-99.19734, 19.21077], [-99.19734, 19.21078]], [[-99.19748, 19.24843], [-99.1972, 19.24851], [-99.1972, 19.24851], [-99.19748, 19.24843]], [[-99.19723, 19.20606], [-99.19737, 19.20644], [-99.19693, 19.20555], [-99.19723, 19.20606]], [[-99.1965, 19.24836], [-99.19626, 19.24815], [-99.19675, 19.24845], [-99.1965, 19.24836]], [[-99.19625, 19.20437], [-99.19554, 19.20524], [-99.19641, 19.20412], [-99.19625, 19.20437]], [[-99.19635, 19.24331], [-99.19648, 19.2433], [-99.19629, 19.24334], [-99.19635, 19.24331]], [[-99.19611, 19.24337], [-99.19608, 19.24335], [-99.19615, 19.24338], [-99.19611, 19.24337]], [[-99.19598, 19.24765], [-99.19594, 19.24731], [-99.19606, 19.24788], [-99.19598, 19.24765]], [[-99.19601, 19.24432], [-99.19598, 19.24436], [-99.19606, 19.24426], [-99.19601, 19.24432]], [[-99.19578, 19.24483], [-99.19576, 19.24499], [-99.19583, 19.24463], [-99.19578, 19.24483]], [[-99.19569, 19.24339], [-99.19552, 19.24352], [-99.19516, 19.24375], [-99.19552, 19.24352], [-99.19569, 19.24339]], [[-99.19533, 19.23373], [-99.19551, 19.23373], [-99.19483, 19.23377], [-99.19533, 19.23373]], [[-99.19471, 19.22049], [-99.19473, 19.2205], [-99.19473, 19.2205], [-99.19471, 19.22049]], [[-99.19467, 19.21591], [-99.19467, 19.21591], [-99.19381, 19.2156], [-99.19467, 19.21591]], [[-99.19358, 19.21549], [-99.19334, 19.21539], [-99.19259, 19.21495], [-99.19381, 19.2156], [-99.19358, 19.21549]], [[-99.19185, 19.21451], [-99.19163, 19.21437], [-99.19259, 19.21495], [-99.19185, 19.21451]], [[-99.19431, 19.24272], [-99.19439, 19.24276], [-99.19415, 19.24273], [-99.19425, 19.24272], [-99.19431, 19.24272]], [[-99.19434, 19.22695], [-99.19434, 19.22695], [-99.19425, 19.22691], [-99.19434, 19.22695]], [[-99.19419, 19.22035], [-99.19432, 19.22034], [-99.19408, 19.22038], [-99.19419, 19.22035]], [[-99.19386, 19.23357], [-99.19364, 19.23363], [-99.19396, 19.23354], [-99.19386, 19.23357]], [[-99.19455, 19.2137], [-99.19374, 19.21339], [-99.19374, 19.21339], [-99.19455, 19.2137]], [[-99.19357, 19.20617], [-99.19353, 19.20623], [-99.1936, 19.20613], [-99.19357, 19.20617]], [[-99.1935, 19.20804], [-99.19352, 19.20807], [-99.19368, 19.20828], [-99.19371, 19.20916], [-99.1935, 19.20804]], [[-99.1935, 19.20626], [-99.1935, 19.20626], [-99.1935, 19.20635], [-99.1935, 19.20626]], [[-99.19353, 19.20585], [-99.1936, 19.20591], [-99.19343, 19.20578], [-99.19353, 19.20585]], [[-99.19345, 19.20776], [-99.19342, 19.20791], [-99.19342, 19.20791], [-99.19345, 19.20776]], [[-99.19333, 19.20669], [-99.19341, 19.20661], [-99.19347, 19.20652], [-99.19348, 19.20646], [-99.19333, 19.20669]], [[-99.19333, 19.20693], [-99.19328, 19.20692], [-99.19338, 19.20685], [-99.19333, 19.20693]], [[-99.19334, 19.23054], [-99.19334, 19.23054], [-99.19313, 19.23016], [-99.19334, 19.23054]], [[-99.19303, 19.22999], [-99.19305, 19.22994], [-99.19313, 19.23016], [-99.19303, 19.22999]], [[-99.1933, 19.22933], [-99.19378, 19.22939], [-99.1933, 19.22933], [-99.19305, 19.22994], [-99.1933, 19.22933]], [[-99.19354, 19.21851], [-99.19473, 19.22023], [-99.1933, 19.21851], [-99.19354, 19.21851]], [[-99.19336, 19.20544], [-99.19433, 19.20557], [-99.19319, 19.20551], [-99.19336, 19.20544]], [[-99.19316, 19.20703], [-99.1931, 19.20734], [-99.1931, 19.20734], [-99.19316, 19.20703]], [[-99.19367, 19.24289], [-99.19393, 19.24277], [-99.19283, 19.2426], [-99.19184, 19.24341], [-99.19283, 19.2426], [-99.19367, 19.24289]], [[-99.19204, 19.23265], [-99.19221, 19.23247], [-99.19191, 19.23281], [-99.19204, 19.23265]], [[-99.19141, 19.23357], [-99.19132, 19.23373], [-99.19119, 19.23404], [-99.19132, 19.23373], [-99.19141, 19.23357]], [[-99.19106, 19.23435], [-99.19106, 19.23435], [-99.19119, 19.23404], [-99.19106, 19.23435]], [[-99.19016, 19.23909], [-99.1903, 19.23906], [-99.1903, 19.23906], [-99.19016, 19.23909]], [[-99.18977, 19.23653], [-99.18976, 19.23641], [-99.18968, 19.23637], [-99.18973, 19.23658], [-99.18977, 19.23653]], [[-99.18962, 19.23665], [-99.18953, 19.23669], [-99.18973, 19.23658], [-99.18962, 19.23665]], [[-99.18963, 19.23917], [-99.18976, 19.23922], [-99.18962, 19.23917], [-99.18963, 19.23917]], [[-99.18949, 19.23915], [-99.18938, 19.23923], [-99.18962, 19.23917], [-99.18949, 19.23915]], [[-99.18951, 19.24084], [-99.18933, 19.24111], [-99.18963, 19.24065], [-99.18951, 19.24084]], [[-99.18954, 19.23632], [-99.1894, 19.23627], [-99.18956, 19.23633], [-99.18954, 19.23632]], [[-99.18955, 19.24383], [-99.18964, 19.24373], [-99.18944, 19.24396], [-99.18955, 19.24383]], [[-99.1897, 19.21765], [-99.18999, 19.21774], [-99.18922, 19.21758], [-99.1897, 19.21765]], [[-99.18913, 19.23935], [-99.18895, 19.23935], [-99.18919, 19.23933], [-99.18913, 19.23935]], [[-99.18928, 19.23678], [-99.18948, 19.23671], [-99.18912, 19.23684], [-99.18928, 19.23678]], [[-99.18896, 19.23588], [-99.18926, 19.23617], [-99.18878, 19.23572], [-99.18896, 19.23588]], [[-99.18873, 19.23568], [-99.18871, 19.23567], [-99.18878, 19.23572], [-99.18873, 19.23568]], [[-99.18869, 19.24192], [-99.18856, 19.24209], [-99.18884, 19.24176], [-99.18869, 19.24192]], [[-99.18844, 19.23548], [-99.18839, 19.23545], [-99.18854, 19.23555], [-99.18844, 19.23548]], [[-99.18835, 19.23738], [-99.18832, 19.2374], [-99.1889, 19.23695], [-99.18841, 19.23733], [-99.18835, 19.23738]], [[-99.18829, 19.23947], [-99.18835, 19.23943], [-99.18806, 19.23981], [-99.18829, 19.23947]], [[-99.188, 19.23983], [-99.18793, 19.23984], [-99.18806, 19.23981], [-99.188, 19.23983]], [[-99.18821, 19.24244], [-99.18809, 19.24255], [-99.18826, 19.24239], [-99.18821, 19.24244]], [[-99.18737, 19.23978], [-99.18678, 19.24051], [-99.18763, 19.23978], [-99.18737, 19.23978]], [[-99.18926, 19.21264], [-99.18963, 19.21294], [-99.18763, 19.21141], [-99.18926, 19.21264]], [[-99.18739, 19.23492], [-99.18725, 19.23478], [-99.18716, 19.2346], [-99.18725, 19.23478], [-99.18739, 19.23492]], [[-99.18687, 19.23403], [-99.1869, 19.23407], [-99.18683, 19.23399], [-99.18687, 19.23403]], [[-99.18661, 19.23785], [-99.18665, 19.23783], [-99.18649, 19.23798], [-99.18661, 19.23785]], [[-99.18645, 19.24089], [-99.18643, 19.24096], [-99.18646, 19.24082], [-99.18645, 19.24089]], [[-99.18632, 19.24125], [-99.18638, 19.24118], [-99.18626, 19.24128], [-99.18632, 19.24125]], [[-99.18619, 19.2413], [-99.18615, 19.24133], [-99.18612, 19.24134], [-99.18626, 19.24128], [-99.18619, 19.2413]], [[-99.18609, 19.24209], [-99.18604, 19.24214], [-99.18599, 19.24219], [-99.18611, 19.24204], [-99.18609, 19.24209]], [[-99.18584, 19.24189], [-99.18583, 19.24188], [-99.18593, 19.24191], [-99.18584, 19.24189]], [[-99.18591, 19.24228], [-99.18596, 19.24222], [-99.18582, 19.24232], [-99.18591, 19.24228]], [[-99.1858, 19.24235], [-99.1858, 19.24235], [-99.18582, 19.24232], [-99.1858, 19.24235]], [[-99.18589, 19.24152], [-99.18593, 19.24149], [-99.18583, 19.2416], [-99.18587, 19.24154], [-99.18589, 19.24152]], [[-99.18581, 19.24167], [-99.1858, 19.24175], [-99.18583, 19.2416], [-99.18581, 19.24167]], [[-99.18579, 19.24182], [-99.1858, 19.24184], [-99.18579, 19.24182], [-99.18579, 19.24182]], [[-99.18533, 19.13258], [-99.18512, 19.13245], [-99.18589, 19.13289], [-99.18578, 19.13283], [-99.18533, 19.13258]], [[-99.18568, 19.24267], [-99.18571, 19.24266], [-99.18554, 19.2426], [-99.18561, 19.24265], [-99.18568, 19.24267]], [[-99.18549, 19.24254], [-99.18543, 19.24252], [-99.18554, 19.2426], [-99.18549, 19.24254]], [[-99.18599, 19.23834], [-99.18603, 19.23832], [-99.1856, 19.2385], [-99.18599, 19.23834]], [[-99.18528, 19.2341], [-99.18549, 19.2342], [-99.1863, 19.23386], [-99.18549, 19.2342], [-99.18528, 19.2341]], [[-99.18454, 19.23869], [-99.18461, 19.23883], [-99.18454, 19.23869], [-99.18454, 19.23869]], [[-99.18413, 19.24243], [-99.18442, 19.24238], [-99.18469, 19.24237], [-99.18442, 19.24238], [-99.18413, 19.24243]], [[-99.18434, 19.23417], [-99.18435, 19.23418], [-99.18431, 19.23412], [-99.18434, 19.23417]], [[-99.18417, 19.13204], [-99.18426, 19.13193], [-99.18426, 19.13193], [-99.18417, 19.13204]], [[-99.18406, 19.23927], [-99.18399, 19.23927], [-99.18414, 19.23927], [-99.18406, 19.23927]], [[-99.18359, 19.21881], [-99.18291, 19.21798], [-99.18266, 19.21811], [-99.18291, 19.21798], [-99.18359, 19.21881]], [[-99.1826, 19.21814], [-99.18242, 19.21791], [-99.18266, 19.21811], [-99.1826, 19.21814]], [[-99.18299, 19.13187], [-99.1825, 19.13158], [-99.18346, 19.13216], [-99.18388, 19.1324], [-99.18299, 19.13187]], [[-99.18428, 19.23315], [-99.18426, 19.23369], [-99.18428, 19.23315], [-99.18328, 19.2331], [-99.18428, 19.23315]], [[-99.18281, 19.20564], [-99.18288, 19.2056], [-99.18288, 19.2056], [-99.18281, 19.20564]], [[-99.1827, 19.20605], [-99.18273, 19.20596], [-99.18267, 19.20621], [-99.1827, 19.20605]], [[-99.18261, 19.20653], [-99.18258, 19.20666], [-99.18267, 19.20621], [-99.18261, 19.20653]], [[-99.18275, 19.20694], [-99.1828, 19.20708], [-99.18271, 19.20688], [-99.18275, 19.20694]], [[-99.18272, 19.23283], [-99.18289, 19.233], [-99.18261, 19.23269], [-99.18272, 19.23283]], [[-99.18263, 19.20538], [-99.18253, 19.20537], [-99.18246, 19.20539], [-99.18253, 19.20537], [-99.18263, 19.20538]], [[-99.18239, 19.20543], [-99.18234, 19.20551], [-99.18246, 19.20539], [-99.18239, 19.20543]], [[-99.1826, 19.2076], [-99.18273, 19.20754], [-99.18252, 19.20763], [-99.1826, 19.2076]], [[-99.18592, 19.21012], [-99.18249, 19.20764], [-99.18249, 19.20764], [-99.18592, 19.21012]], [[-99.18229, 19.22737], [-99.18247, 19.22746], [-99.18219, 19.22732], [-99.18229, 19.22737]], [[-99.18203, 19.21764], [-99.18207, 19.21768], [-99.18218, 19.21777], [-99.18236, 19.21785], [-99.18203, 19.21764]], [[-99.18155, 19.13099], [-99.18202, 19.13128], [-99.18241, 19.13153], [-99.18202, 19.13128], [-99.18155, 19.13099]], [[-99.18203, 19.22821], [-99.1821, 19.22809], [-99.18184, 19.22843], [-99.18194, 19.22835], [-99.18203, 19.22821]], [[-99.18176, 19.2285], [-99.18156, 19.22864], [-99.18184, 19.22843], [-99.18176, 19.2285]], [[-99.18145, 19.22876], [-99.1814, 19.22889], [-99.18156, 19.22864], [-99.18145, 19.22876]], [[-99.18143, 19.23094], [-99.18127, 19.23077], [-99.18185, 19.23148], [-99.18162, 19.23112], [-99.18143, 19.23094]], [[-99.18145, 19.21855], [-99.18148, 19.2185], [-99.18145, 19.21855], [-99.18145, 19.21855]], [[-99.18096, 19.22676], [-99.18149, 19.22686], [-99.18164, 19.22699], [-99.18149, 19.22686], [-99.18096, 19.22676]], [[-99.18137, 19.21894], [-99.18154, 19.21889], [-99.18118, 19.2189], [-99.18137, 19.21894]], [[-99.18093, 19.23032], [-99.18116, 19.23005], [-99.18116, 19.23005], [-99.18093, 19.23032]], [[-99.17866, 19.2054], [-99.18108, 19.20695], [-99.18108, 19.20695], [-99.17866, 19.2054]], [[-99.18117, 19.23069], [-99.18103, 19.23066], [-99.18093, 19.23056], [-99.18103, 19.23066], [-99.18117, 19.23069]], [[-99.18087, 19.23044], [-99.18087, 19.23044], [-99.18093, 19.23056], [-99.18087, 19.23044]], [[-99.18091, 19.2298], [-99.18084, 19.22976], [-99.18084, 19.22976], [-99.18091, 19.2298]], [[-99.18063, 19.21842], [-99.18077, 19.21845], [-99.18041, 19.21829], [-99.18063, 19.21842]], [[-99.18033, 19.22661], [-99.18055, 19.22669], [-99.18009, 19.22647], [-99.18033, 19.22661]], [[-99.17972, 19.12631], [-99.17982, 19.1262], [-99.179, 19.12724], [-99.17946, 19.12663], [-99.17972, 19.12631]], [[-99.17909, 19.21806], [-99.17944, 19.21809], [-99.17895, 19.21809], [-99.17909, 19.21806]], [[-99.17877, 19.12979], [-99.17866, 19.12974], [-99.17894, 19.12996], [-99.17924, 19.13009], [-99.17877, 19.12979]], [[-99.1781, 19.12951], [-99.17835, 19.12961], [-99.17849, 19.12967], [-99.17835, 19.12961], [-99.1781, 19.12951]], [[-99.17867, 19.22615], [-99.17906, 19.2262], [-99.17826, 19.22613], [-99.17867, 19.22615]], [[-99.17763, 19.12916], [-99.17768, 19.12905], [-99.17772, 19.12895], [-99.17768, 19.12905], [-99.17763, 19.12916]], [[-99.17759, 19.12409], [-99.18013, 19.12591], [-99.17759, 19.12409], [-99.17759, 19.12409]], [[-99.1775, 19.13749], [-99.17727, 19.13756], [-99.1775, 19.13749], [-99.1775, 19.13749]], [[-99.17718, 19.13736], [-99.17709, 19.13729], [-99.17718, 19.13736], [-99.17718, 19.13736]], [[-99.17728, 19.20595], [-99.17742, 19.20573], [-99.17717, 19.20611], [-99.17728, 19.20595]], [[-99.17683, 19.13963], [-99.17677, 19.13957], [-99.17686, 19.13969], [-99.17683, 19.13963]], [[-99.17685, 19.13979], [-99.17683, 19.13982], [-99.17686, 19.13972], [-99.17686, 19.13974], [-99.17685, 19.13979]], [[-99.1767, 19.13864], [-99.1767, 19.13867], [-99.1767, 19.13864], [-99.1767, 19.13864]], [[-99.17666, 19.13857], [-99.17662, 19.13853], [-99.1767, 19.13863], [-99.17669, 19.13861], [-99.17666, 19.13857]], [[-99.17665, 19.13687], [-99.17825, 19.13383], [-99.17665, 19.13687], [-99.17665, 19.13687]], [[-99.17662, 19.13876], [-99.17666, 19.13874], [-99.17656, 19.13877], [-99.17662, 19.13876]], [[-99.17645, 19.1388], [-99.1763, 19.13894], [-99.17656, 19.13877], [-99.17645, 19.1388]], [[-99.17658, 19.21626], [-99.17655, 19.21632], [-99.17637, 19.21656], [-99.17655, 19.21632], [-99.17658, 19.21626]], [[-99.17649, 19.13829], [-99.17652, 19.13824], [-99.17654, 19.13818], [-99.17652, 19.13824], [-99.17649, 19.13829]], [[-99.17588, 19.1262], [-99.17649, 19.12546], [-99.1773, 19.12445], [-99.17649, 19.12546], [-99.17588, 19.1262]], [[-99.17637, 19.13932], [-99.17632, 19.13927], [-99.17649, 19.13938], [-99.17642, 19.13935], [-99.17637, 19.13932]], [[-99.17638, 19.13841], [-99.17638, 19.13843], [-99.17638, 19.13841], [-99.17638, 19.13841]], [[-99.17625, 19.13909], [-99.17626, 19.13901], [-99.17626, 19.13901], [-99.17625, 19.13909]], [[-99.1759, 19.20832], [-99.17547, 19.209], [-99.17654, 19.2074], [-99.17639, 19.2076], [-99.1759, 19.20832]], [[-99.17594, 19.14033], [-99.17547, 19.14057], [-99.17544, 19.14063], [-99.17547, 19.14057], [-99.17594, 19.14033], [-99.1763, 19.14007], [-99.17594, 19.14033]], [[-99.17586, 19.22508], [-99.17588, 19.2252], [-99.17621, 19.2253], [-99.17588, 19.2252], [-99.17586, 19.22508]], [[-99.17564, 19.21457], [-99.17573, 19.21437], [-99.17573, 19.21437], [-99.17564, 19.21457]], [[-99.17543, 19.14074], [-99.17539, 19.14079], [-99.17536, 19.1408], [-99.17539, 19.14079], [-99.17543, 19.14074]], [[-99.17505, 19.14123], [-99.17501, 19.14129], [-99.17501, 19.14134], [-99.17501, 19.14129], [-99.17505, 19.14123]], [[-99.175, 19.14185], [-99.17501, 19.14197], [-99.175, 19.14206], [-99.17501, 19.14197], [-99.175, 19.14185]], [[-99.17496, 19.20975], [-99.17495, 19.20977], [-99.17472, 19.21018], [-99.17495, 19.20977], [-99.17496, 19.20975]], [[-99.17414, 19.21107], [-99.17381, 19.2116], [-99.17472, 19.21018], [-99.17414, 19.21107]], [[-99.17487, 19.1423], [-99.17478, 19.1424], [-99.17473, 19.14245], [-99.17478, 19.1424], [-99.17487, 19.1423]], [[-99.17395, 19.14353], [-99.17448, 19.1431], [-99.17454, 19.14301], [-99.17457, 19.14295], [-99.17395, 19.14353], [-99.16941, 19.14125], [-99.17395, 19.14353]], [[-99.16926, 19.14115], [-99.16921, 19.14102], [-99.16941, 19.14125], [-99.16926, 19.14115]], [[-99.17456, 19.22523], [-99.17461, 19.22527], [-99.17451, 19.22517], [-99.17456, 19.22523]], [[-99.17439, 19.14281], [-99.17447, 19.14286], [-99.17455, 19.1429], [-99.17447, 19.14286], [-99.17439, 19.14281]], [[-99.17451, 19.22545], [-99.17453, 19.22544], [-99.17445, 19.22547], [-99.17451, 19.22545]], [[-99.17465, 19.21431], [-99.17473, 19.21428], [-99.17439, 19.21435], [-99.17465, 19.21431]], [[-99.17434, 19.14274], [-99.17434, 19.14275], [-99.17434, 19.14274], [-99.17434, 19.14274]], [[-99.17584, 19.22489], [-99.17584, 19.22489], [-99.17428, 19.22462], [-99.17584, 19.22489]], [[-99.1737, 19.21448], [-99.17419, 19.21439], [-99.17345, 19.21451], [-99.1737, 19.21448]], [[-99.17353, 19.22653], [-99.17358, 19.22653], [-99.17343, 19.22654], [-99.17353, 19.22653]], [[-99.17336, 19.22568], [-99.1738, 19.22544], [-99.17388, 19.22546], [-99.1738, 19.22544], [-99.17336, 19.22568]], [[-99.17327, 19.22734], [-99.17341, 19.22727], [-99.17316, 19.22741], [-99.17327, 19.22734]], [[-99.17304, 19.21268], [-99.17274, 19.2131], [-99.17245, 19.21349], [-99.17346, 19.21218], [-99.17304, 19.21268]], [[-99.17227, 19.1306], [-99.1729, 19.12983], [-99.17401, 19.12844], [-99.1729, 19.12983], [-99.17227, 19.1306]], [[-99.17276, 19.22774], [-99.17296, 19.22757], [-99.17268, 19.22781], [-99.17276, 19.22774]], [[-99.172, 19.22807], [-99.1722, 19.22805], [-99.17228, 19.22802], [-99.1722, 19.22805], [-99.172, 19.22807]], [[-99.17164, 19.22821], [-99.17153, 19.22828], [-99.1714, 19.22835], [-99.17153, 19.22828], [-99.17164, 19.22821]], [[-99.17132, 19.22838], [-99.17114, 19.22843], [-99.17101, 19.22845], [-99.1714, 19.22835], [-99.17132, 19.22838]], [[-99.1709, 19.13221], [-99.17084, 19.13217], [-99.17141, 19.13163], [-99.17111, 19.13197], [-99.1709, 19.13221]], [[-99.17071, 19.13206], [-99.17071, 19.13206], [-99.171, 19.13169], [-99.17071, 19.13206]], [[-99.17009, 19.13662], [-99.17092, 19.13621], [-99.17105, 19.13615], [-99.17092, 19.13621], [-99.17009, 19.13662]], [[-99.1699, 19.13163], [-99.17051, 19.13078], [-99.1698, 19.13163], [-99.1699, 19.13163]], [[-99.16969, 19.13165], [-99.16953, 19.1317], [-99.1694, 19.13177], [-99.1698, 19.13163], [-99.16969, 19.13165]], [[-99.16969, 19.22901], [-99.16989, 19.22895], [-99.16947, 19.22906], [-99.16969, 19.22901]], [[-99.16895, 19.13228], [-99.16911, 19.13209], [-99.1689, 19.13235], [-99.16895, 19.13228]], [[-99.16888, 19.13241], [-99.16887, 19.13268], [-99.1689, 19.13235], [-99.16888, 19.13241]], [[-99.16869, 19.13839], [-99.16869, 19.13847], [-99.16869, 19.13847], [-99.16869, 19.13839]], [[-99.16869, 19.13848], [-99.16869, 19.13851], [-99.16867, 19.13855], [-99.16869, 19.13851], [-99.16869, 19.13848]], [[-99.16865, 19.13858], [-99.16865, 19.13864], [-99.16867, 19.13855], [-99.16865, 19.13858]], [[-99.16869, 19.13794], [-99.16868, 19.13801], [-99.16869, 19.13794], [-99.16869, 19.13794]], [[-99.16868, 19.13807], [-99.16868, 19.13807], [-99.16868, 19.13801], [-99.16868, 19.13807]], [[-99.16853, 19.1407], [-99.16868, 19.14078], [-99.16898, 19.14091], [-99.16868, 19.14078], [-99.16853, 19.1407]], [[-99.16863, 19.13869], [-99.16861, 19.13873], [-99.16854, 19.1388], [-99.16861, 19.13873], [-99.16863, 19.13869]], [[-99.16841, 19.22967], [-99.16859, 19.22959], [-99.16878, 19.22948], [-99.16859, 19.22959], [-99.16841, 19.22967]], [[-99.16838, 19.14062], [-99.16838, 19.14062], [-99.16843, 19.14049], [-99.16838, 19.14062]], [[-99.16832, 19.2292], [-99.16841, 19.22901], [-99.16841, 19.22901], [-99.16832, 19.2292]], [[-99.16825, 19.22926], [-99.16827, 19.22925], [-99.16821, 19.22927], [-99.16825, 19.22926]], [[-99.16817, 19.22938], [-99.16818, 19.22936], [-99.16816, 19.22939], [-99.16817, 19.22938]], [[-99.16794, 19.13961], [-99.16801, 19.13951], [-99.16806, 19.13944], [-99.16791, 19.1397], [-99.16794, 19.13961]], [[-99.16792, 19.13978], [-99.16794, 19.13983], [-99.16791, 19.1397], [-99.16792, 19.13978]], [[-99.16786, 19.22782], [-99.16789, 19.22787], [-99.16787, 19.22772], [-99.16786, 19.22782]], [[-99.1679, 19.22883], [-99.16803, 19.22888], [-99.16782, 19.22883], [-99.1679, 19.22883]], [[-99.16787, 19.22771], [-99.16787, 19.22771], [-99.16769, 19.22766], [-99.16787, 19.22771]], [[-99.16767, 19.21255], [-99.16768, 19.21259], [-99.16761, 19.21243], [-99.16767, 19.21255]], [[-99.16757, 19.22876], [-99.16761, 19.22877], [-99.16751, 19.22872], [-99.16757, 19.22876]], [[-99.16754, 19.21231], [-99.16755, 19.21233], [-99.1675, 19.21226], [-99.16754, 19.21231]], [[-99.16757, 19.22759], [-99.16746, 19.22756], [-99.16746, 19.22756], [-99.16757, 19.22759]], [[-99.16743, 19.22849], [-99.16743, 19.22842], [-99.16743, 19.22842], [-99.16743, 19.22849]], [[-99.1673, 19.21212], [-99.16728, 19.21212], [-99.16736, 19.21213], [-99.1673, 19.21212]], [[-99.16711, 19.21332], [-99.16725, 19.21334], [-99.1671, 19.21332], [-99.16711, 19.21332]], [[-99.16709, 19.21225], [-99.16715, 19.21227], [-99.167, 19.21226], [-99.16709, 19.21225]], [[-99.16718, 19.22758], [-99.16718, 19.22758], [-99.16699, 19.2276], [-99.16718, 19.22758]], [[-99.16686, 19.21236], [-99.1669, 19.2123], [-99.1668, 19.21238], [-99.16686, 19.21236]], [[-99.16653, 19.21226], [-99.16645, 19.21223], [-99.1668, 19.21238], [-99.16653, 19.21226]], [[-99.16662, 19.22747], [-99.16665, 19.22735], [-99.16655, 19.22754], [-99.16662, 19.22747]], [[-99.16646, 19.22596], [-99.16638, 19.22591], [-99.16653, 19.22603], [-99.16646, 19.22596]], [[-99.16629, 19.22577], [-99.16616, 19.22551], [-99.1661, 19.22545], [-99.16616, 19.22551], [-99.16629, 19.22577]], [[-99.166, 19.22546], [-99.16592, 19.22547], [-99.1661, 19.22545], [-99.166, 19.22546]], [[-99.16616, 19.21237], [-99.16617, 19.21237], [-99.16613, 19.21236], [-99.16616, 19.21237]], [[-99.16613, 19.22631], [-99.16622, 19.22625], [-99.16608, 19.22643], [-99.16613, 19.22631]], [[-99.16604, 19.22659], [-99.16606, 19.22649], [-99.16617, 19.22691], [-99.16604, 19.22673], [-99.16604, 19.22659]], [[-99.16606, 19.21236], [-99.166, 19.21236], [-99.16593, 19.21236], [-99.166, 19.21236], [-99.16606, 19.21236]], [[-99.16584, 19.21232], [-99.16572, 19.21226], [-99.16593, 19.21236], [-99.16584, 19.21232]], [[-99.16551, 19.21211], [-99.16538, 19.21207], [-99.16506, 19.212], [-99.16572, 19.21226], [-99.16551, 19.21211]], [[-99.16575, 19.19107], [-99.16568, 19.19099], [-99.16588, 19.19137], [-99.16586, 19.19128], [-99.16575, 19.19107]], [[-99.16569, 19.19836], [-99.1657, 19.19835], [-99.1657, 19.19835], [-99.16569, 19.19836]], [[-99.16565, 19.19802], [-99.16567, 19.19813], [-99.16565, 19.19802], [-99.16565, 19.19802]], [[-99.16562, 19.19375], [-99.16562, 19.19374], [-99.16563, 19.19373], [-99.16562, 19.19374], [-99.16562, 19.19375]], [[-99.1656, 19.19388], [-99.16561, 19.19382], [-99.16561, 19.19381], [-99.16559, 19.19397], [-99.1656, 19.19388]], [[-99.1656, 19.19783], [-99.16562, 19.19793], [-99.1655, 19.19756], [-99.1656, 19.19783]], [[-99.16543, 19.19506], [-99.16545, 19.19492], [-99.16538, 19.19538], [-99.16538, 19.19538], [-99.16543, 19.19506]], [[-99.16543, 19.1974], [-99.16545, 19.19744], [-99.16536, 19.1973], [-99.16543, 19.1974]], [[-99.16529, 19.19054], [-99.1653, 19.19056], [-99.16533, 19.19061], [-99.1653, 19.19056], [-99.16529, 19.19054]], [[-99.1653, 19.1972], [-99.1653, 19.19719], [-99.16529, 19.19718], [-99.1653, 19.19719], [-99.1653, 19.1972]], [[-99.16528, 19.19713], [-99.16526, 19.19706], [-99.16529, 19.19718], [-99.16528, 19.19713]], [[-99.16525, 19.19703], [-99.16523, 19.19694], [-99.16519, 19.19677], [-99.16518, 19.19675], [-99.16518, 19.19673], [-99.16525, 19.19703]], [[-99.16497, 19.22495], [-99.16482, 19.22486], [-99.16559, 19.22539], [-99.16551, 19.22531], [-99.16497, 19.22495]], [[-99.16526, 19.19616], [-99.16527, 19.19612], [-99.16526, 19.19618], [-99.16526, 19.19616]], [[-99.16526, 19.18957], [-99.16526, 19.18961], [-99.16525, 19.18953], [-99.16526, 19.18957]], [[-99.16523, 19.18947], [-99.1652, 19.18938], [-99.16525, 19.18953], [-99.16523, 19.18947]], [[-99.16524, 19.19634], [-99.16522, 19.19646], [-99.16524, 19.19633], [-99.16524, 19.19634]], [[-99.1652, 19.1903], [-99.16522, 19.19038], [-99.16524, 19.19043], [-99.16522, 19.19038], [-99.1652, 19.1903]], [[-99.16492, 19.18912], [-99.16481, 19.18905], [-99.16509, 19.18926], [-99.16504, 19.18921], [-99.16492, 19.18912]], [[-99.16492, 19.21485], [-99.16498, 19.2148], [-99.1649, 19.21486], [-99.16492, 19.21485]], [[-99.16525, 19.21045], [-99.16532, 19.21023], [-99.1649, 19.21036], [-99.16525, 19.21045]], [[-99.16446, 19.18879], [-99.16458, 19.18889], [-99.16472, 19.18899], [-99.16458, 19.18889], [-99.16446, 19.18879]], [[-99.16448, 19.21198], [-99.16462, 19.21143], [-99.16448, 19.21198], [-99.16448, 19.21198]], [[-99.16453, 19.22469], [-99.16455, 19.2247], [-99.16453, 19.22469], [-99.16436, 19.22463], [-99.16427, 19.22459], [-99.16436, 19.22463], [-99.16453, 19.22469]], [[-99.16419, 19.22471], [-99.16409, 19.22477], [-99.16427, 19.22459], [-99.16419, 19.22471]], [[-99.16432, 19.1885], [-99.16431, 19.18844], [-99.16435, 19.18861], [-99.16434, 19.18861], [-99.16432, 19.1885]], [[-99.1643, 19.20793], [-99.16434, 19.20756], [-99.16441, 19.20757], [-99.16448, 19.20757], [-99.1643, 19.20793]], [[-99.16427, 19.20839], [-99.16426, 19.20846], [-99.16424, 19.20873], [-99.16426, 19.20846], [-99.16427, 19.20839]], [[-99.16419, 19.20897], [-99.16419, 19.20897], [-99.16424, 19.20873], [-99.16419, 19.20897]], [[-99.16426, 19.18801], [-99.16426, 19.18807], [-99.16427, 19.18819], [-99.16426, 19.18807], [-99.16426, 19.18801]], [[-99.16403, 19.18719], [-99.16375, 19.18742], [-99.16418, 19.18707], [-99.16403, 19.18719]], [[-99.16363, 19.18755], [-99.16309, 19.1885], [-99.16309, 19.1885], [-99.16375, 19.18742], [-99.16363, 19.18755]], [[-99.16382, 19.20681], [-99.16388, 19.20663], [-99.16354, 19.20678], [-99.16382, 19.20681]], [[-99.16352, 19.21516], [-99.16371, 19.21518], [-99.16351, 19.21515], [-99.16352, 19.21516]], [[-99.16227, 19.18966], [-99.16186, 19.18997], [-99.16286, 19.18917], [-99.16227, 19.18966]], [[-99.16262, 19.21489], [-99.16276, 19.21493], [-99.16304, 19.21502], [-99.16334, 19.21512], [-99.16262, 19.21489]], [[-99.16244, 19.21483], [-99.16231, 19.21478], [-99.16221, 19.21475], [-99.16218, 19.21475], [-99.16244, 19.21483]], [[-99.16188, 19.21507], [-99.16182, 19.21504], [-99.16208, 19.2152], [-99.16198, 19.21513], [-99.16188, 19.21507]], [[-99.16226, 19.206], [-99.16236, 19.20606], [-99.16192, 19.20643], [-99.16226, 19.206]], [[-99.16145, 19.21736], [-99.16128, 19.21732], [-99.16145, 19.21736], [-99.16158, 19.21739], [-99.16165, 19.21724], [-99.16175, 19.21704], [-99.16145, 19.21736]], [[-99.16106, 19.19065], [-99.1606, 19.1909], [-99.16141, 19.19031], [-99.16106, 19.19065]], [[-99.16025, 19.19118], [-99.15995, 19.19145], [-99.1606, 19.1909], [-99.16025, 19.19118]], [[-99.16055, 19.21503], [-99.16055, 19.21503], [-99.16054, 19.215], [-99.16055, 19.21503]], [[-99.16054, 19.21506], [-99.16051, 19.21514], [-99.16047, 19.21527], [-99.16051, 19.21514], [-99.16054, 19.21506]], [[-99.16042, 19.2154], [-99.16042, 19.2154], [-99.16047, 19.21527], [-99.16042, 19.2154]], [[-99.16052, 19.21672], [-99.16062, 19.21681], [-99.16049, 19.21667], [-99.16052, 19.21672]], [[-99.16038, 19.21623], [-99.16039, 19.21637], [-99.16037, 19.21607], [-99.16038, 19.21623]], [[-99.15963, 19.21462], [-99.15973, 19.21463], [-99.15961, 19.21461], [-99.15963, 19.21462]], [[-99.15937, 19.21448], [-99.15948, 19.21454], [-99.15916, 19.21441], [-99.1593, 19.21444], [-99.15937, 19.21448]], [[-99.15902, 19.21441], [-99.159, 19.21441], [-99.15916, 19.21441], [-99.15902, 19.21441]], [[-99.1592, 19.22245], [-99.15938, 19.2224], [-99.1589, 19.2226], [-99.1592, 19.22245]], [[-99.15893, 19.20178], [-99.15924, 19.20181], [-99.15884, 19.20178], [-99.15893, 19.20178]], [[-99.15889, 19.21681], [-99.15889, 19.21681], [-99.15878, 19.21667], [-99.15889, 19.21681]], [[-99.15862, 19.22272], [-99.15874, 19.22267], [-99.15851, 19.22281], [-99.15862, 19.22272]], [[-99.15816, 19.21531], [-99.15828, 19.21551], [-99.15811, 19.21526], [-99.15816, 19.21531]], [[-99.15779, 19.19351], [-99.15737, 19.1938], [-99.15801, 19.19328], [-99.15779, 19.19351]], [[-99.15709, 19.19396], [-99.15652, 19.19355], [-99.15709, 19.19396], [-99.15737, 19.1938], [-99.15709, 19.19396]], [[-99.15809, 19.21677], [-99.15812, 19.21677], [-99.15775, 19.21664], [-99.15809, 19.21677]], [[-99.15777, 19.21492], [-99.15786, 19.21504], [-99.15764, 19.21481], [-99.15777, 19.21492]], [[-99.15762, 19.21436], [-99.15763, 19.2144], [-99.15759, 19.21432], [-99.15762, 19.21436]], [[-99.15755, 19.22289], [-99.15762, 19.22272], [-99.1578, 19.22268], [-99.15762, 19.22272], [-99.15755, 19.22289]], [[-99.15757, 19.2063], [-99.15805, 19.20647], [-99.15747, 19.20627], [-99.15757, 19.2063]], [[-99.15719, 19.20622], [-99.15711, 19.20623], [-99.15729, 19.20623], [-99.15719, 19.20622]], [[-99.15735, 19.22321], [-99.15742, 19.2232], [-99.15728, 19.22316], [-99.15735, 19.22321]], [[-99.15755, 19.20299], [-99.1576, 19.20292], [-99.15726, 19.20349], [-99.15755, 19.20299]], [[-99.15691, 19.21638], [-99.157, 19.2164], [-99.15707, 19.21643], [-99.157, 19.2164], [-99.15691, 19.21638]], [[-99.1566, 19.22233], [-99.15667, 19.22242], [-99.15646, 19.22229], [-99.1566, 19.22233]], [[-99.15636, 19.21621], [-99.15655, 19.21627], [-99.1562, 19.21625], [-99.15636, 19.21621]], [[-99.15619, 19.21312], [-99.15616, 19.21437], [-99.15609, 19.2147], [-99.15616, 19.21437], [-99.15619, 19.21312]], [[-99.15631, 19.2063], [-99.15655, 19.20627], [-99.15617, 19.20631], [-99.15631, 19.2063]], [[-99.15617, 19.21541], [-99.15703, 19.215], [-99.15617, 19.21542], [-99.15617, 19.21541]], [[-99.15582, 19.22237], [-99.15584, 19.22238], [-99.15582, 19.22231], [-99.15582, 19.22237]], [[-99.15579, 19.21587], [-99.15598, 19.21564], [-99.15574, 19.21593], [-99.15579, 19.21587]], [[-99.15576, 19.22203], [-99.15581, 19.22212], [-99.15567, 19.2219], [-99.15572, 19.22197], [-99.15576, 19.22203]], [[-99.15562, 19.2218], [-99.15562, 19.2218], [-99.15567, 19.2219], [-99.15562, 19.2218]], [[-99.15569, 19.22079], [-99.15569, 19.22079], [-99.15567, 19.22074], [-99.15569, 19.22079]], [[-99.15592, 19.21624], [-99.15565, 19.21605], [-99.15565, 19.21605], [-99.15592, 19.21624]], [[-99.15528, 19.19402], [-99.15515, 19.19408], [-99.15494, 19.19407], [-99.15463, 19.1941], [-99.15528, 19.19402]], [[-99.15437, 19.19407], [-99.15426, 19.19404], [-99.15463, 19.1941], [-99.15437, 19.19407]], [[-99.15414, 19.19401], [-99.15403, 19.19403], [-99.15426, 19.19404], [-99.15414, 19.19401]], [[-99.15533, 19.2207], [-99.15517, 19.22079], [-99.15499, 19.2209], [-99.15517, 19.22079], [-99.15533, 19.2207]], [[-99.15481, 19.22104], [-99.15469, 19.22122], [-99.15499, 19.2209], [-99.15481, 19.22104]], [[-99.15526, 19.21167], [-99.15537, 19.21178], [-99.15497, 19.2114], [-99.15526, 19.21167]], [[-99.15434, 19.2218], [-99.15426, 19.22191], [-99.15416, 19.22206], [-99.15409, 19.22229], [-99.15434, 19.2218]], [[-99.15419, 19.22291], [-99.15419, 19.223], [-99.1542, 19.22314], [-99.15419, 19.223], [-99.15419, 19.22291]], [[-99.15415, 19.22271], [-99.15417, 19.22277], [-99.15413, 19.22267], [-99.15415, 19.22271]], [[-99.15419, 19.22319], [-99.15411, 19.2232], [-99.15398, 19.22311], [-99.15411, 19.2232], [-99.15419, 19.22319]], [[-99.15366, 19.19408], [-99.1539, 19.19405], [-99.15359, 19.19409], [-99.15366, 19.19408]], [[-99.15343, 19.19413], [-99.15334, 19.19417], [-99.15348, 19.19411], [-99.15343, 19.19413]], [[-99.15344, 19.19231], [-99.15317, 19.19207], [-99.15344, 19.19231], [-99.15344, 19.19231]], [[-99.15323, 19.19424], [-99.1532, 19.19425], [-99.15325, 19.19423], [-99.15323, 19.19424]], [[-99.15461, 19.21182], [-99.15489, 19.21148], [-99.15461, 19.21182], [-99.15288, 19.20995], [-99.15461, 19.21182]], [[-99.15229, 19.19362], [-99.15229, 19.19362], [-99.15272, 19.19393], [-99.15229, 19.19362]], [[-99.15096, 19.19253], [-99.15088, 19.1925], [-99.15098, 19.19253], [-99.15096, 19.19253]], [[-99.15045, 19.20772], [-99.15045, 19.20771], [-99.15045, 19.20771], [-99.15045, 19.20772]], [[-99.15028, 19.20848], [-99.15023, 19.20853], [-99.15039, 19.20822], [-99.15028, 19.20848]], [[-99.14992, 19.19259], [-99.14967, 19.19263], [-99.14946, 19.19263], [-99.15017, 19.19249], [-99.14992, 19.19259]], [[-99.15014, 19.20854], [-99.15012, 19.20849], [-99.15012, 19.20849], [-99.15014, 19.20854]], [[-99.15008, 19.20809], [-99.15013, 19.20813], [-99.15, 19.20808], [-99.15008, 19.20809]], [[-99.14963, 19.19059], [-99.14952, 19.19079], [-99.14943, 19.19094], [-99.14974, 19.19039], [-99.14963, 19.19059]], [[-99.14975, 19.20821], [-99.1498, 19.20818], [-99.14969, 19.20825], [-99.14975, 19.20821]], [[-99.14955, 19.2083], [-99.1495, 19.20829], [-99.14959, 19.2083], [-99.14955, 19.2083]], [[-99.14922, 19.19168], [-99.14915, 19.19191], [-99.14927, 19.1914], [-99.14922, 19.19168]], [[-99.14896, 19.19255], [-99.14896, 19.19255], [-99.14914, 19.19259], [-99.14896, 19.19255]], [[-99.14893, 19.18707], [-99.1477, 19.18672], [-99.14893, 19.18707], [-99.14893, 19.18707]], [[-99.14772, 19.18658], [-99.14776, 19.18642], [-99.1477, 19.18672], [-99.14772, 19.18658]], [[-99.14871, 19.20801], [-99.14869, 19.20802], [-99.14872, 19.20801], [-99.14871, 19.20801]], [[-99.14851, 19.18749], [-99.14843, 19.18748], [-99.14851, 19.18749], [-99.14851, 19.18749]], [[-99.14835, 19.18746], [-99.14819, 19.18742], [-99.14807, 19.1874], [-99.14843, 19.18748], [-99.14835, 19.18746]], [[-99.14736, 19.18725], [-99.14715, 19.18807], [-99.14736, 19.18725], [-99.14766, 19.1873], [-99.14736, 19.18725]], [[-99.14728, 19.20868], [-99.14741, 19.20809], [-99.14741, 19.20809], [-99.14728, 19.20868]], [[-99.14695, 19.18597], [-99.14687, 19.18595], [-99.14649, 19.18587], [-99.14556, 19.18563], [-99.14723, 19.18603], [-99.14695, 19.18597]], [[-99.14678, 19.18955], [-99.14678, 19.18955], [-99.14722, 19.18966], [-99.14678, 19.18955]], [[-99.14448, 19.2075], [-99.14475, 19.20756], [-99.14448, 19.2075], [-99.14446, 19.20662], [-99.14448, 19.2075]], [[-99.14405, 19.18474], [-99.14405, 19.18471], [-99.14407, 19.18483], [-99.14405, 19.18474]], [[-99.14405, 19.18462], [-99.14405, 19.18462], [-99.14405, 19.18471], [-99.14405, 19.18462]], [[-99.14391, 19.18525], [-99.14383, 19.18528], [-99.14395, 19.18524], [-99.14391, 19.18525]], [[-99.14302, 19.18648], [-99.143, 19.1864], [-99.1431, 19.18683], [-99.14302, 19.18648]], [[-99.14306, 19.18536], [-99.14298, 19.18539], [-99.14307, 19.18521], [-99.14306, 19.18536]], [[-99.14303, 19.18718], [-99.14306, 19.18706], [-99.14296, 19.18731], [-99.14303, 19.18718]], [[-99.14285, 19.20701], [-99.14349, 19.20701], [-99.14257, 19.2072], [-99.14285, 19.20701]], [[-99.1425, 19.18823], [-99.14251, 19.18806], [-99.14245, 19.18837], [-99.1425, 19.18823]], [[-99.14234, 19.18857], [-99.14226, 19.18865], [-99.14245, 19.18837], [-99.14234, 19.18857]], [[-99.14183, 19.18892], [-99.14179, 19.18889], [-99.14188, 19.18892], [-99.14183, 19.18892]], [[-99.14142, 19.19046], [-99.1414, 19.19049], [-99.14142, 19.19042], [-99.14142, 19.19046]], [[-99.14128, 19.18904], [-99.14141, 19.1889], [-99.14114, 19.18936], [-99.14128, 19.18904]], [[-99.14113, 19.19058], [-99.14099, 19.19056], [-99.14079, 19.19054], [-99.14122, 19.19059], [-99.14113, 19.19058]], [[-99.14112, 19.1899], [-99.14101, 19.18975], [-99.141, 19.18963], [-99.14118, 19.19003], [-99.14112, 19.1899]], [[-99.14058, 19.19053], [-99.14054, 19.19047], [-99.14067, 19.19054], [-99.14058, 19.19053]], [[-99.14064, 19.20859], [-99.14105, 19.20863], [-99.14063, 19.20859], [-99.14064, 19.20859]], [[-99.14056, 19.20869], [-99.14054, 19.20871], [-99.14059, 19.20865], [-99.14056, 19.20869]], [[-99.14025, 19.19051], [-99.14022, 19.19057], [-99.14031, 19.19046], [-99.14025, 19.19051]], [[-99.14021, 19.19063], [-99.14021, 19.19067], [-99.14021, 19.19063], [-99.14021, 19.19063]], [[-99.14017, 19.19101], [-99.1402, 19.19096], [-99.14014, 19.19104], [-99.14017, 19.19101]], [[-99.14012, 19.19371], [-99.14012, 19.19368], [-99.14012, 19.19368], [-99.14012, 19.19374], [-99.14012, 19.19371]], [[-99.14003, 19.19388], [-99.13996, 19.19394], [-99.14008, 19.19382], [-99.14003, 19.19388]], [[-99.13987, 19.20912], [-99.14007, 19.20901], [-99.14039, 19.20882], [-99.14007, 19.20901], [-99.13987, 19.20912]], [[-99.13988, 19.19343], [-99.13979, 19.19338], [-99.14004, 19.19351], [-99.13988, 19.19343]], [[-99.1398, 19.194], [-99.13977, 19.194], [-99.13985, 19.194], [-99.1398, 19.194]], [[-99.13972, 19.19398], [-99.13969, 19.19397], [-99.13977, 19.194], [-99.13972, 19.19398]], [[-99.13956, 19.19379], [-99.13916, 19.19391], [-99.13962, 19.19388], [-99.13956, 19.19379]], [[-99.13947, 19.19161], [-99.1395, 19.19155], [-99.1394, 19.19163], [-99.13947, 19.19161]], [[-99.13925, 19.19186], [-99.13921, 19.19194], [-99.1394, 19.19163], [-99.13925, 19.19186]], [[-99.139, 19.19412], [-99.13895, 19.19413], [-99.13878, 19.19411], [-99.13901, 19.19411], [-99.139, 19.19412]], [[-99.13785, 19.19317], [-99.13769, 19.19314], [-99.13798, 19.19323], [-99.13785, 19.19317]], [[-99.13654, 19.19312], [-99.13649, 19.19316], [-99.13656, 19.19312], [-99.13654, 19.19312]], [[-99.13641, 19.19337], [-99.13633, 19.19351], [-99.13646, 19.19323], [-99.13641, 19.19337]], [[-99.13633, 19.19351], [-99.13627, 19.19355], [-99.13633, 19.19351], [-99.13633, 19.19351]], [[-99.13601, 19.19345], [-99.13606, 19.19342], [-99.13598, 19.19348], [-99.13601, 19.19345]], [[-99.13607, 19.21073], [-99.13564, 19.21075], [-99.13564, 19.21075], [-99.13607, 19.21073]], [[-99.13541, 19.19391], [-99.13546, 19.19387], [-99.13541, 19.19391], [-99.13541, 19.19391]], [[-99.13534, 19.19412], [-99.13534, 19.19412], [-99.13535, 19.19405], [-99.13534, 19.19412]], [[-99.13533, 19.19423], [-99.13532, 19.19434], [-99.1353, 19.19439], [-99.13534, 19.19412], [-99.13533, 19.19423]], [[-99.13513, 19.19484], [-99.13519, 19.19475], [-99.13521, 19.19467], [-99.13522, 19.19463], [-99.13524, 19.19455], [-99.13513, 19.19484]], [[-99.13503, 19.19494], [-99.13497, 19.19496], [-99.13509, 19.19489], [-99.13503, 19.19494]], [[-99.13495, 19.19728], [-99.13495, 19.19726], [-99.13495, 19.19725], [-99.13495, 19.19731], [-99.13495, 19.19728]], [[-99.13483, 19.19509], [-99.13478, 19.1952], [-99.13478, 19.1952], [-99.13485, 19.19505], [-99.13483, 19.19509]], [[-99.13457, 19.19758], [-99.13457, 19.19758], [-99.13461, 19.19756], [-99.13457, 19.19758]], [[-99.13449, 19.19793], [-99.13448, 19.19798], [-99.13449, 19.19787], [-99.13449, 19.19793]], [[-99.1344, 19.1981], [-99.13433, 19.19816], [-99.1344, 19.1981], [-99.1344, 19.1981]], [[-99.13439, 19.19635], [-99.13439, 19.19635], [-99.13439, 19.19634], [-99.13439, 19.19635]], [[-99.13435, 19.19681], [-99.13433, 19.19673], [-99.13433, 19.19672], [-99.13437, 19.19687], [-99.13435, 19.19681]], [[-99.13436, 19.19645], [-99.13436, 19.19647], [-99.13437, 19.19643], [-99.13436, 19.19645]], [[-99.13435, 19.19651], [-99.13434, 19.19653], [-99.13435, 19.1965], [-99.13435, 19.19651]], [[-99.13434, 19.19653], [-99.13434, 19.19654], [-99.13434, 19.19653], [-99.13434, 19.19653]], [[-99.13433, 19.1966], [-99.13433, 19.19665], [-99.13433, 19.19665], [-99.13434, 19.19656], [-99.13433, 19.1966]], [[-99.13427, 19.19822], [-99.13424, 19.19825], [-99.13427, 19.19822], [-99.13427, 19.19822]], [[-99.13401, 19.19598], [-99.13388, 19.19592], [-99.13364, 19.19583], [-99.13424, 19.19611], [-99.13401, 19.19598]], [[-99.13414, 19.19834], [-99.13412, 19.19835], [-99.13416, 19.19833], [-99.13414, 19.19834]], [[-99.13392, 19.1984], [-99.13388, 19.19846], [-99.13385, 19.19856], [-99.13396, 19.19836], [-99.13392, 19.1984]], [[-99.13373, 19.19881], [-99.13373, 19.19881], [-99.13374, 19.1988], [-99.13373, 19.19881]], [[-99.13367, 19.19887], [-99.13367, 19.19887], [-99.13367, 19.19887], [-99.13367, 19.19887]], [[-99.13346, 19.19912], [-99.13344, 19.19915], [-99.13348, 19.19906], [-99.13346, 19.19912]], [[-99.13344, 19.19915], [-99.13344, 19.19915], [-99.13344, 19.19915], [-99.13344, 19.19915]], [[-99.13343, 19.20962], [-99.1334, 19.20937], [-99.1334, 19.20937], [-99.13343, 19.20962]], [[-99.1333, 19.19915], [-99.13329, 19.19915], [-99.13338, 19.19915], [-99.1333, 19.19915]], [[-99.13326, 19.19915], [-99.13325, 19.19915], [-99.13329, 19.19915], [-99.13326, 19.19915]], [[-99.13339, 19.20988], [-99.13342, 19.20979], [-99.13336, 19.20996], [-99.13339, 19.20988]], [[-99.13297, 19.19462], [-99.13292, 19.1946], [-99.13307, 19.19466], [-99.13297, 19.19462]], [[-99.13276, 19.19453], [-99.13271, 19.19452], [-99.13267, 19.19455], [-99.13284, 19.19457], [-99.13276, 19.19453]], [[-99.13268, 19.19506], [-99.13267, 19.195], [-99.13268, 19.19508], [-99.13268, 19.19506]], [[-99.13259, 19.19466], [-99.13259, 19.19466], [-99.1326, 19.19462], [-99.13259, 19.19466]], [[-99.13147, 19.19865], [-99.13143, 19.19865], [-99.13137, 19.19865], [-99.13132, 19.19866], [-99.13147, 19.19865]], [[-99.13096, 19.19867], [-99.13082, 19.19871], [-99.13103, 19.19867], [-99.13096, 19.19867]]]}}, {"type": "Feature", "id": 13, "properties": {"cve_mun": "013", "name": "Xochimilco"}, "geometry": {"type": "Polygon", "coordinates": [[[-99.14959, 19.21924], [-99.15439, 19.22064], [-99.15352, 19.22181], [-99.15293, 19.22058], [-99.15248, 19.22053], [-99.15162, 19.22335], [-99.15115, 19.22341], [-99.15119, 19.22441], [-99.15274, 19.22484], [-99.15338, 19.22598], [-99.15174, 19.23081], [-99.15062, 19.23243], [-99.15072, 19.23455], [-99.14929, 19.23404], [-99.1493, 19.23471], [-99.14819, 19.2362], [-99.14797, 19.23606], [-99.1484, 19.23498], [-99.14793, 19.23452], [-99.14634, 19.23418], [-99.14445, 19.23452], [-99.14752, 19.24026], [-99.14668, 19.24034], [-99.14612, 19.23933], [-99.14401, 19.23968], [-99.14426, 19.24474], [-99.14233, 19.24416], [-99.14201, 19.24364], [-99.14038, 19.24359], [-99.13892, 19.24597], [-99.14036, 19.24798], [-99.14173, 19.249], [-99.14125, 19.25065], [-99.14016, 19.2519], [-99.14019, 19.25259], [-99.13939, 19.25469], [-99.14001, 19.25623], [-99.1408, 19.257], [-99.14017, 19.25786], [-99.14179, 19.2593], [-99.14237, 19.26023], [-99.14211, 19.26185], [-99.1425, 19.26438], [-99.1424, 19.26662], [-99.14333, 19.26652], [-99.14322, 19.26723], [-99.14492, 19.26745], [-99.14395, 19.26954], [-99.14337, 19.26947], [-99.1428, 19.2705], [-99.14214, 19.27069], [-99.14119, 19.27353], [-99.14209, 19.27394], [-99.14106, 19.28253], [-99.13789, 19.28221], [-99.13511, 19.28246], [-99.12493, 19.28524], [-99.10136, 19.2952], [-99.09929, 19.32045], [-99.0988, 19.32045], [-99.09849, 19.31904], [-99.09869, 19.31867], [-99.09824, 19.31796], [-99.09427, 19.31277], [-99.08977, 19.30763], [-99.08766, 19.30468], [-99.08616, 19.3035], [-99.08459, 19.30166], [-99.08037, 19.29624], [-99.07732, 19.29296], [-99.07494, 19.2897], [-99.07219, 19.28782], [-99.06831, 19.28444], [-99.06437, 19.28199], [-99.0576, 19.27963], [-99.0545, 19.27937], [-99.05057, 19.2775], [-99.04829, 19.27598], [-99.04145, 19.27378], [-99.03732, 19.27171], [-99.03594, 19.27064], [-99.03464, 19.26875], [-99.03107, 19.26493], [-99.03054, 19.26417], [-99.03043, 19.26314], [-99.02982, 19.2626], [-99.02686, 19.26176], [-99.02584, 19.26221], [-99.02075, 19.26096], [-99.01974, 19.26115], [-99.01652, 19.25996], [-99.01283, 19.25795], [-99.01177, 19.25666], [-99.0117, 19.25601], [-99.01069, 19.25534], [-99.00704, 19.25161], [-99.00795, 19.25055], [-99.00888, 19.25068], [-99.0098, 19.24826], [-99.01051, 19.24707], [-99.01107, 19.24672], [-99.01119, 19.24605], [-99.0123, 19.24651], [-99.01271, 19.24514], [-99.01257, 19.24473], [-99.01392, 19.24511], [-99.01549, 19.24086], [-99.03019, 19.22363], [-99.09097, 19.21102], [-99.09318, 19.21093], [-99.09456, 19.21154], [-99.09498, 19.21115], [-99.0951, 19.20959], [-99.09569, 19.20863], [-99.09927, 19.20811], [-99.09998, 19.20727], [-99.10012, 19.20625], [-99.10175, 19.20481], [-99.10225, 19.20066], [-99.1048, 19.19896], [-99.10478, 19.19856], [-99.1044, 19.19842], [-99.10448, 19.198], [-99.10528, 19.19806], [-99.10608, 19.19812], [-99.10528, 19.19806], [-99.13024, 19.15254], [-99.13166, 19.15263], [-99.13258, 19.15312], [-99.13289, 19.15773], [-99.1324, 19.16128], [-99.13031, 19.16591], [-99.13017, 19.16822], [-99.13054, 19.17139], [-99.12995, 19.17225], [-99.13206, 19.17512], [-99.1325, 19.17667], [-99.13239, 19.17853], [-99.13105, 19.18181], [-99.13033, 19.18255], [-99.1301, 19.18393], [-99.12897, 19.18465], [-99.12708, 19.18727], [-99.12757, 19.18829], [-99.12994, 19.1903], [-99.13, 19.19073], [-99.13067, 19.19131], [-99.13078, 19.19294], [-99.12994, 19.19536], [-99.13045, 19.19621], [-99.12951, 19.19727], [-99.12927, 19.19813], [-99.12951, 19.19841], [-99.12909, 19.19944], [-99.12954, 19.20038], [-99.12931, 19.203], [-99.1303, 19.20318], [-99.13008, 19.20385], [-99.13092, 19.2042], [-99.13149, 19.20543], [-99.13243, 19.20648], [-99.13232, 19.2077], [-99.13277, 19.20833], [-99.13282, 19.20998], [-99.13329, 19.21002], [-99.13331, 19.21041], [-99.13832, 19.21573], [-99.14959, 19.21924]], [[-99.09925, 19.20823], [-99.09927, 19.20859], [-99.09933, 19.20875], [-99.09927, 19.20859], [-99.09925, 19.20823], [-99.09921, 19.20815], [-99.09925, 19.20823]], [[-99.12979, 19.19531], [-99.12984, 19.19532], [-99.12953, 19.19522], [-99.12979, 19.19531]], [[-99.12924, 19.19568], [-99.12902, 19.19563], [-99.12953, 19.19522], [-99.12924, 19.19568]], [[-99.12733, 19.19552], [-99.12723, 19.19576], [-99.12733, 19.19552], [-99.12733, 19.19552]], [[-99.12727, 19.19499], [-99.12732, 19.19477], [-99.12732, 19.19477], [-99.12727, 19.19499]], [[-99.12691, 19.19615], [-99.12674, 19.1963], [-99.12709, 19.19585], [-99.12698, 19.19605], [-99.12691, 19.19615]], [[-99.1261, 19.19593], [-99.12611, 19.19593], [-99.12619, 19.19599], [-99.12611, 19.19593], [-99.1261, 19.19593]], [[-99.12589, 19.19586], [-99.12597, 19.19587], [-99.12599, 19.19588], [-99.12597, 19.19587], [-99.12589, 19.19586]], [[-99.12494, 19.19496], [-99.125, 19.19498], [-99.12503, 19.19501], [-99.125, 19.19498], [-99.12494, 19.19496]], [[-99.12448, 19.19448], [-99.12443, 19.19443], [-99.12431, 19.19437], [-99.12443, 19.19443], [-99.12448, 19.19448]], [[-99.12353, 19.19429], [-99.12357, 19.19428], [-99.12372, 19.19422], [-99.12357, 19.19428], [-99.12353, 19.19429]], [[-99.12222, 19.20555], [-99.12218, 19.20582], [-99.12223, 19.206], [-99.12218, 19.20582], [-99.12222, 19.20555]], [[-99.12166, 19.19157], [-99.1216, 19.19139], [-99.12166, 19.19157], [-99.12212, 19.19203], [-99.12166, 19.19157]], [[-99.12066, 19.20609], [-99.12135, 19.20621], [-99.12205, 19.20627], [-99.12135, 19.20621], [-99.12066, 19.20609]], [[-99.12128, 19.20454], [-99.12132, 19.20468], [-99.12136, 19.20474], [-99.12132, 19.20468], [-99.12128, 19.20454]], [[-99.12036, 19.18906], [-99.12095, 19.18909], [-99.12103, 19.18946], [-99.12095, 19.18909], [-99.12036, 19.18906]], [[-99.1201, 19.21529], [-99.12025, 19.21515], [-99.12039, 19.21495], [-99.12, 19.2153], [-99.1201, 19.21529]], [[-99.11992, 19.21529], [-99.11986, 19.21525], [-99.12, 19.2153], [-99.11992, 19.21529]], [[-99.12011, 19.21329], [-99.12021, 19.21333], [-99.12022, 19.2136], [-99.12021, 19.21333], [-99.12011, 19.21329]], [[-99.11999, 19.19156], [-99.11991, 19.19175], [-99.11999, 19.19156], [-99.11999, 19.19156]], [[-99.11987, 19.19185], [-99.11985, 19.19201], [-99.1198, 19.19322], [-99.11991, 19.19175], [-99.11987, 19.19185]], [[-99.12003, 19.19115], [-99.11998, 19.19133], [-99.11999, 19.19154], [-99.11998, 19.19133], [-99.12003, 19.19115]], [[-99.11961, 19.2067], [-99.11955, 19.2067], [-99.11961, 19.2067], [-99.11987, 19.20681], [-99.12009, 19.20687], [-99.11961, 19.2067]], [[-99.11975, 19.21293], [-99.11976, 19.21314], [-99.11975, 19.21293], [-99.11975, 19.21293]], [[-99.11963, 19.21448], [-99.11975, 19.21458], [-99.1198, 19.21514], [-99.11975, 19.21458], [-99.11972, 19.21452], [-99.11963, 19.21448], [-99.11946, 19.21449], [-99.11963, 19.21448]], [[-99.11938, 19.21455], [-99.11935, 19.21461], [-99.11946, 19.21449], [-99.11938, 19.21455]], [[-99.11953, 19.21071], [-99.11956, 19.21088], [-99.11983, 19.21137], [-99.11956, 19.21088], [-99.11953, 19.21071]], [[-99.11945, 19.20278], [-99.11953, 19.20282], [-99.1196, 19.20283], [-99.11953, 19.20282], [-99.11945, 19.20278]], [[-99.11918, 19.20671], [-99.11922, 19.20669], [-99.11905, 19.20687], [-99.11918, 19.20671]], [[-99.11898, 19.20706], [-99.11898, 19.20706], [-99.11905, 19.20687], [-99.11898, 19.20706]], [[-99.11906, 19.19312], [-99.11978, 19.19323], [-99.11904, 19.19302], [-99.11906, 19.19312]], [[-99.11897, 19.1929], [-99.11895, 19.19285], [-99.11904, 19.19302], [-99.11897, 19.1929]], [[-99.11889, 19.19264], [-99.11893, 19.19269], [-99.11894, 19.19274], [-99.11893, 19.19269], [-99.11889, 19.19264]], [[-99.11875, 19.20235], [-99.11869, 19.20232], [-99.11875, 19.20235], [-99.11894, 19.20242], [-99.11875, 19.20235]], [[-99.11849, 19.20888], [-99.11867, 19.20837], [-99.11893, 19.20776], [-99.11867, 19.20837], [-99.11849, 19.20888]], [[-99.11859, 19.20217], [-99.11862, 19.20219], [-99.11865, 19.20222], [-99.11862, 19.20219], [-99.11859, 19.20217]], [[-99.11849, 19.20888], [-99.11849, 19.20894], [-99.11852, 19.20905], [-99.11849, 19.20894], [-99.11849, 19.20888]], [[-99.1184, 19.19158], [-99.11841, 19.19169], [-99.11838, 19.19137], [-99.1184, 19.19158]], [[-99.11836, 19.19129], [-99.11826, 19.19116], [-99.11838, 19.19137], [-99.11836, 19.19129]], [[-99.11792, 19.19098], [-99.11775, 19.19096], [-99.11826, 19.19116], [-99.11792, 19.19098]], [[-99.11781, 19.22224], [-99.11783, 19.22191], [-99.11784, 19.22147], [-99.1176, 19.22245], [-99.11781, 19.22224]], [[-99.11723, 19.22267], [-99.11717, 19.22271], [-99.1176, 19.22245], [-99.11723, 19.22267]], [[-99.11682, 19.22279], [-99.11672, 19.22283], [-99.11659, 19.22299], [-99.11717, 19.22271], [-99.11682, 19.22279]], [[-99.1165, 19.22327], [-99.11648, 19.22349], [-99.11659, 19.22299], [-99.1165, 19.22327]], [[-99.11761, 19.22114], [-99.11767, 19.22122], [-99.11761, 19.22114], [-99.11761, 19.22114]], [[-99.11708, 19.2167], [-99.11674, 19.2169], [-99.11725, 19.21653], [-99.11708, 19.2167]], [[-99.11693, 19.18953], [-99.11697, 19.18958], [-99.11727, 19.1901], [-99.11697, 19.18958], [-99.11693, 19.18953]], [[-99.11676, 19.22125], [-99.11666, 19.22148], [-99.1166, 19.2217], [-99.11666, 19.22148], [-99.11676, 19.22125]], [[-99.11623, 19.22373], [-99.1159, 19.22389], [-99.11645, 19.22355], [-99.11623, 19.22373]], [[-99.11631, 19.22084], [-99.11675, 19.22119], [-99.11569, 19.22061], [-99.11631, 19.22084]], [[-99.11564, 19.22054], [-99.1128, 19.21958], [-99.11139, 19.21897], [-99.1128, 19.21958], [-99.11569, 19.22061], [-99.11564, 19.22054]], [[-99.1162, 19.2171], [-99.11601, 19.21709], [-99.11652, 19.21701], [-99.1163, 19.21709], [-99.1162, 19.2171]], [[-99.1157, 19.22495], [-99.11581, 19.22533], [-99.11598, 19.22597], [-99.11581, 19.22533], [-99.1157, 19.22495]], [[-99.11567, 19.22228], [-99.11573, 19.22214], [-99.11574, 19.22209], [-99.11573, 19.22214], [-99.11567, 19.22228]], [[-99.11586, 19.2219], [-99.11571, 19.22192], [-99.1157, 19.22192], [-99.11571, 19.22192], [-99.11586, 19.2219]], [[-99.11568, 19.22194], [-99.11568, 19.22197], [-99.11568, 19.22194], [-99.11568, 19.22194]], [[-99.11551, 19.22413], [-99.11557, 19.22408], [-99.11569, 19.224], [-99.11557, 19.22408], [-99.11551, 19.22413]], [[-99.11549, 19.21707], [-99.11543, 19.21706], [-99.11531, 19.21707], [-99.11543, 19.21706], [-99.11549, 19.21707]], [[-99.11545, 19.22247], [-99.1154, 19.2225], [-99.11534, 19.22258], [-99.1154, 19.2225], [-99.11545, 19.22247]], [[-99.11505, 19.22274], [-99.11502, 19.22278], [-99.1149, 19.22331], [-99.11526, 19.22264], [-99.11505, 19.22274]], [[-99.11505, 19.22663], [-99.11458, 19.22662], [-99.1151, 19.2265], [-99.11505, 19.22663]], [[-99.1147, 19.22364], [-99.11476, 19.22358], [-99.11483, 19.22347], [-99.11476, 19.22358], [-99.1147, 19.22364]], [[-99.11468, 19.20053], [-99.11476, 19.20055], [-99.11483, 19.20056], [-99.11476, 19.20055], [-99.11468, 19.20053]], [[-99.11475, 19.21845], [-99.11465, 19.21849], [-99.11433, 19.21853], [-99.11465, 19.21849], [-99.11475, 19.21845]], [[-99.11441, 19.19348], [-99.11419, 19.19404], [-99.11453, 19.19221], [-99.11448, 19.19294], [-99.11441, 19.19348]], [[-99.11427, 19.2238], [-99.11446, 19.22377], [-99.11455, 19.22373], [-99.11446, 19.22377], [-99.11427, 19.2238]], [[-99.11402, 19.1987], [-99.11397, 19.19901], [-99.11402, 19.1987], [-99.11402, 19.1987]], [[-99.11398, 19.1986], [-99.11402, 19.19865], [-99.11402, 19.19867], [-99.11402, 19.19865], [-99.11398, 19.1986]], [[-99.11394, 19.22371], [-99.11396, 19.22372], [-99.11394, 19.22371], [-99.11394, 19.22371]], [[-99.11379, 19.2178], [-99.11451, 19.21744], [-99.11368, 19.21791], [-99.11379, 19.2178]], [[-99.11336, 19.21834], [-99.11336, 19.21834], [-99.11368, 19.21791], [-99.11336, 19.21834]], [[-99.11373, 19.19819], [-99.11377, 19.19793], [-99.11386, 19.19766], [-99.11377, 19.19793], [-99.11373, 19.19819]], [[-99.1137, 19.19834], [-99.11381, 19.19843], [-99.1137, 19.19834], [-99.1137, 19.19834]], [[-99.11348, 19.224], [-99.11347, 19.224], [-99.11347, 19.224], [-99.11347, 19.224], [-99.11348, 19.224]], [[-99.11337, 19.21836], [-99.11342, 19.21846], [-99.11348, 19.21849], [-99.11342, 19.21846], [-99.11337, 19.21836]], [[-99.11332, 19.22409], [-99.11335, 19.22405], [-99.11338, 19.22403], [-99.11335, 19.22405], [-99.11332, 19.22409]], [[-99.11271, 19.22543], [-99.11261, 19.2257], [-99.11271, 19.22543], [-99.11271, 19.22543]], [[-99.11273, 19.22532], [-99.11269, 19.22542], [-99.1127, 19.22542], [-99.11269, 19.22542], [-99.11273, 19.22532]], [[-99.11253, 19.22593], [-99.11294, 19.22608], [-99.11253, 19.22593], [-99.11253, 19.22593]], [[-99.11093, 19.21829], [-99.11087, 19.21821], [-99.11031, 19.21994], [-99.11087, 19.21821], [-99.11093, 19.21829]], [[-99.10979, 19.19947], [-99.10808, 19.19883], [-99.11044, 19.19974], [-99.10979, 19.19947]], [[-99.11061, 19.20172], [-99.11028, 19.20205], [-99.11027, 19.20205], [-99.11028, 19.20205], [-99.11061, 19.20172]], [[-99.11, 19.20241], [-99.11, 19.20241], [-99.11, 19.20211], [-99.11, 19.20211], [-99.11, 19.20241]], [[-99.10966, 19.20091], [-99.11002, 19.20116], [-99.10966, 19.20091], [-99.10966, 19.20091]], [[-99.10962, 19.22086], [-99.10964, 19.22084], [-99.10964, 19.22084], [-99.10962, 19.22086]], [[-99.10896, 19.20343], [-99.1096, 19.20376], [-99.10996, 19.20313], [-99.1096, 19.20376], [-99.10896, 19.20343]], [[-99.10933, 19.22069], [-99.10931, 19.22076], [-99.10933, 19.22069], [-99.10933, 19.22069]], [[-99.10879, 19.20351], [-99.10883, 19.20352], [-99.10864, 19.20356], [-99.10879, 19.20351]], [[-99.10851, 19.20355], [-99.10834, 19.20348], [-99.10864, 19.20356], [-99.10851, 19.20355]], [[-99.10876, 19.22009], [-99.109, 19.22031], [-99.10873, 19.22027], [-99.10876, 19.22009]], [[-99.10868, 19.22038], [-99.10861, 19.22031], [-99.10849, 19.22023], [-99.10873, 19.22027], [-99.10868, 19.22038]], [[-99.1081, 19.22023], [-99.10797, 19.22024], [-99.10847, 19.22026], [-99.1081, 19.22023]], [[-99.10743, 19.19843], [-99.10789, 19.19867], [-99.10808, 19.19879], [-99.10789, 19.19867], [-99.10743, 19.19843]], [[-99.10702, 19.20267], [-99.10708, 19.20271], [-99.10746, 19.20291], [-99.10708, 19.20271], [-99.10702, 19.20267]], [[-99.10647, 19.21892], [-99.10653, 19.21905], [-99.10653, 19.21932], [-99.10653, 19.21905], [-99.10647, 19.21892]], [[-99.10642, 19.21969], [-99.10642, 19.21968], [-99.10649, 19.21941], [-99.10642, 19.21968], [-99.10642, 19.21969]], [[-99.10619, 19.21867], [-99.10629, 19.2187], [-99.10637, 19.21877], [-99.10629, 19.2187], [-99.10619, 19.21867]], [[-99.10604, 19.19792], [-99.10599, 19.19785], [-99.10608, 19.19801], [-99.10606, 19.19796], [-99.10604, 19.19792]], [[-99.10598, 19.21734], [-99.10604, 19.2175], [-99.10604, 19.21795], [-99.10604, 19.2175], [-99.10598, 19.21734]], [[-99.10589, 19.21852], [-99.10591, 19.21856], [-99.10589, 19.21852], [-99.10589, 19.21852]], [[-99.10357, 19.21277], [-99.10398, 19.21398], [-99.10398, 19.21398], [-99.10357, 19.21277]], [[-99.10397, 19.21405], [-99.10404, 19.21462], [-99.10397, 19.21405], [-99.10397, 19.21405]], [[-99.10341, 19.21156], [-99.10347, 19.2117], [-99.10353, 19.21267], [-99.10347, 19.2117], [-99.10341, 19.21156]], [[-99.10258, 19.2111], [-99.10289, 19.2111], [-99.10305, 19.2112], [-99.10289, 19.2111], [-99.10258, 19.2111]], [[-99.10229, 19.2843], [-99.10223, 19.28501], [-99.10236, 19.28297], [-99.10229, 19.2843]], [[-99.10211, 19.21077], [-99.10216, 19.21079], [-99.10236, 19.21085], [-99.10216, 19.21079], [-99.10211, 19.21077]], [[-99.09897, 19.28629], [-99.09562, 19.28578], [-99.09897, 19.28629], [-99.10187, 19.28635], [-99.09897, 19.28629]], [[-99.09967, 19.20911], [-99.0994, 19.20887], [-99.09983, 19.20948], [-99.09975, 19.20923], [-99.09967, 19.20911]], [[-99.0955, 19.28715], [-99.0955, 19.28715], [-99.09537, 19.28835], [-99.0955, 19.28715]], [[-99.09504, 19.27407], [-99.09283, 19.27319], [-99.09152, 19.27269], [-99.09283, 19.27319], [-99.09504, 19.27407]], [[-99.09371, 19.29024], [-99.09361, 19.29062], [-99.0939, 19.28978], [-99.09371, 19.29024]], [[-99.09337, 19.29108], [-99.0932, 19.29127], [-99.09305, 19.2914], [-99.09348, 19.29089], [-99.09337, 19.29108]], [[-99.09264, 19.29171], [-99.09257, 19.29179], [-99.09305, 19.2914], [-99.09264, 19.29171]], [[-99.09075, 19.26463], [-99.09009, 19.26445], [-99.09303, 19.26522], [-99.09075, 19.26463]], [[-99.09304, 19.2933], [-99.09261, 19.29303], [-99.09304, 19.2933], [-99.09288, 19.29352], [-99.09304, 19.2933]], [[-99.09284, 19.26597], [-99.09263, 19.26666], [-99.09174, 19.26648], [-99.09263, 19.26666], [-99.09284, 19.26597]], [[-99.09262, 19.29381], [-99.09246, 19.29388], [-99.0927, 19.29375], [-99.09262, 19.29381]], [[-99.09261, 19.29224], [-99.09256, 19.29218], [-99.09265, 19.29235], [-99.09261, 19.29224]], [[-99.09252, 19.29211], [-99.09251, 19.29204], [-99.09256, 19.29218], [-99.09252, 19.29211]], [[-99.09255, 19.2928], [-99.09255, 19.2928], [-99.09265, 19.29235], [-99.09255, 19.2928]], [[-99.09251, 19.29201], [-99.09251, 19.29201], [-99.09252, 19.2919], [-99.09251, 19.29201]], [[-99.0919, 19.26929], [-99.09197, 19.26908], [-99.09127, 19.27111], [-99.0919, 19.26929]], [[-99.09168, 19.29482], [-99.09141, 19.29494], [-99.09136, 19.29508], [-99.09141, 19.29494], [-99.09168, 19.29482], [-99.0918, 19.29468], [-99.09168, 19.29482]], [[-99.09131, 19.29525], [-99.09129, 19.29546], [-99.09134, 19.29613], [-99.09136, 19.29508], [-99.09131, 19.29525]], [[-99.09165, 19.26895], [-99.09179, 19.26885], [-99.09165, 19.26895], [-99.09165, 19.26895]], [[-99.09167, 19.29708], [-99.09161, 19.29697], [-99.09167, 19.29708], [-99.09167, 19.29708]], [[-99.09137, 19.29746], [-99.09091, 19.29787], [-99.09163, 19.29733], [-99.09137, 19.29746]], [[-99.09065, 19.29884], [-99.09066, 19.29851], [-99.09058, 19.29923], [-99.09065, 19.29884]], [[-99.09065, 19.2983], [-99.09065, 19.2983], [-99.09066, 19.29851], [-99.09065, 19.2983]], [[-99.0902, 19.30003], [-99.0902, 19.30003], [-99.09058, 19.29923], [-99.0902, 19.30003]], [[-99.08851, 19.30252], [-99.08535, 19.29872], [-99.08851, 19.30252], [-99.08929, 19.30155], [-99.08851, 19.30252]], [[-99.08504, 19.26315], [-99.0845, 19.26301], [-99.08607, 19.26341], [-99.08504, 19.26315]], [[-99.08403, 19.29885], [-99.08358, 19.29943], [-99.08418, 19.29872], [-99.08403, 19.29885]], [[-99.081, 19.26214], [-99.0797, 19.26179], [-99.08172, 19.26232], [-99.081, 19.26214]], [[-99.075, 19.2606], [-99.075, 19.2606], [-99.07556, 19.26074], [-99.075, 19.2606]], [[-99.06539, 19.26212], [-99.0654, 19.26206], [-99.06564, 19.26219], [-99.06539, 19.26212]], [[-99.06542, 19.262], [-99.0653, 19.26196], [-99.06542, 19.262], [-99.06542, 19.262]], [[-99.06489, 19.26448], [-99.06489, 19.26448], [-99.06448, 19.26427], [-99.06489, 19.26448]], [[-99.06385, 19.26403], [-99.06363, 19.26395], [-99.06385, 19.26403], [-99.06385, 19.26403]], [[-99.06365, 19.26388], [-99.06361, 19.26385], [-99.06363, 19.26395], [-99.06365, 19.26388]], [[-99.06385, 19.26404], [-99.06385, 19.26407], [-99.06385, 19.26407], [-99.06385, 19.26404]], [[-99.06349, 19.26373], [-99.06347, 19.26376], [-99.06347, 19.26376], [-99.06349, 19.26373]], [[-99.05946, 19.26363], [-99.05946, 19.26363], [-99.05968, 19.26369], [-99.05946, 19.26363]], [[-99.05935, 19.26359], [-99.05923, 19.26362], [-99.05947, 19.2636], [-99.05935, 19.26359]], [[-99.05901, 19.26066], [-99.059, 19.26073], [-99.05907, 19.26043], [-99.05901, 19.26066]], [[-99.05737, 19.25644], [-99.05724, 19.25644], [-99.05745, 19.25646], [-99.05737, 19.25644]], [[-99.05547, 19.25649], [-99.05507, 19.25628], [-99.05578, 19.25658], [-99.05547, 19.25649]], [[-99.05346, 19.25642], [-99.05357, 19.25639], [-99.05346, 19.25642], [-99.05346, 19.25642]], [[-99.05312, 19.2563], [-99.05254, 19.25612], [-99.05237, 19.25605], [-99.05254, 19.25612], [-99.05312, 19.2563], [-99.05335, 19.25641], [-99.05312, 19.2563]], [[-99.05135, 19.25597], [-99.05116, 19.2561], [-99.05171, 19.25579], [-99.05135, 19.25597]], [[-99.04856, 19.25882], [-99.04847, 19.25892], [-99.04861, 19.25809], [-99.04856, 19.25882]], [[-99.04686, 19.25951], [-99.04778, 19.25931], [-99.04797, 19.25921], [-99.04635, 19.25959], [-99.04686, 19.25951]], [[-99.0441, 19.26029], [-99.04344, 19.2605], [-99.0447, 19.2601], [-99.0441, 19.26029]], [[-99.04168, 19.26123], [-99.04152, 19.26133], [-99.04222, 19.26107], [-99.04168, 19.26123]], [[-99.04055, 19.26148], [-99.03929, 19.26186], [-99.03782, 19.26277], [-99.03929, 19.26186], [-99.04055, 19.26148], [-99.04098, 19.26135], [-99.04055, 19.26148]], [[-99.03502, 19.26516], [-99.03672, 19.26372], [-99.03499, 19.26522], [-99.03502, 19.26516]], [[-99.03382, 19.26554], [-99.03327, 19.26538], [-99.03412, 19.26549], [-99.03382, 19.26554]]]}}, {"type": "Feature", "id": 14, "properties": {"cve_mun": "014", "name": "Benito Juárez"}, "geometry": {"type": "Polygon", "coordinates": [[[-99.18311, 19.36206], [-99.18371, 19.36172], [-99.18568, 19.36172], [-99.188, 19.36295], [-99.19109, 19.36349], [-99.19077, 19.36689], [-99.19176, 19.36925], [-99.19166, 19.37187], [-99.19214, 19.3734], [-99.19163, 19.37767], [-99.19173, 19.38268], [-99.19034, 19.38619], [-99.18841, 19.39323], [-99.18841, 19.39402], [-99.18906, 19.39559], [-99.18638, 19.39565], [-99.1821, 19.39696], [-99.17553, 19.39809], [-99.15633, 19.40406], [-99.14762, 19.40401], [-99.13741, 19.40346], [-99.13659, 19.40281], [-99.13718, 19.3992], [-99.13094, 19.39895], [-99.13103, 19.39673], [-99.13984, 19.35692], [-99.16978, 19.35866], [-99.17308, 19.36043], [-99.17774, 19.36514], [-99.1798, 19.36304], [-99.18154, 19.36282], [-99.18311, 19.36206]]]}}, {"type": "Feature", "id": 15, "properties": {"cve_mun": "015", "name": "Cuauhtémoc"}, "geometry": {"type": "Polygon", "coordinates": [[[-99.16572, 19.44382], [-99.16433, 19.44998], [-99.16382, 19.45582], [-99.16315, 19.45888], [-99.16257, 19.45977], [-99.16087, 19.46119], [-99.15955, 19.46332], [-99.15865, 19.46392], [-99.15731, 19.46405], [-99.15055, 19.46294], [-99.14524, 19.46432], [-99.14312, 19.46506], [-99.14193, 19.46582], [-99.14099, 19.46539], [-99.13922, 19.46518], [-99.13384, 19.46496], [-99.12755, 19.46153], [-99.12224, 19.45978], [-99.12333, 19.45815], [-99.12589, 19.44819], [-99.12587, 19.4474], [-99.12308, 19.4425], [-99.12601, 19.42287], [-99.12714, 19.42038], [-99.1282, 19.41376], [-99.12717, 19.40901], [-99.12674, 19.40882], [-99.12654, 19.40826], [-99.1257, 19.40433], [-99.13031, 19.40316], [-99.13542, 19.40336], [-99.13644, 19.40281], [-99.13764, 19.40348], [-99.14762, 19.40401], [-99.15633, 19.40406], [-99.17044, 19.39979], [-99.17108, 19.4035], [-99.1843, 19.40783], [-99.17777, 19.41929], [-99.17655, 19.42045], [-99.17566, 19.4226], [-99.17506, 19.42304], [-99.17764, 19.4236], [-99.16849, 19.43815], [-99.16572, 19.44382]]]}}, {"type": "Feature", "id": 16, "properties": {"cve_mun": "016", "name": "Miguel Hidalgo"}, "geometry": {"type": "Polygon", "coordinates": [[[-99.25939, 19.39318], [-99.25957, 19.39439], [-99.25635, 19.39651], [-99.25568, 19.39726], [-99.25525, 19.39868], [-99.25523, 19.40151], [-99.25581, 19.40357], [-99.25486, 19.40455], [-99.25334, 19.40509], [-99.25222, 19.40604], [-99.25094, 19.40642], [-99.24831, 19.40865], [-99.24423, 19.40994], [-99.2437, 19.41053], [-99.24083, 19.41192], [-99.23991, 19.41219], [-99.2384, 19.41201], [-99.2373, 19.41236], [-99.23545, 19.41544], [-99.23463, 19.41597], [-99.23425, 19.41669], [-99.23361, 19.41658], [-99.23297, 19.4194], [-99.23247, 19.41942], [-99.23236, 19.41979], [-99.23182, 19.41999], [-99.23084, 19.42171], [-99.22938, 19.4222], [-99.22846, 19.42342], [-99.22788, 19.4236], [-99.22773, 19.42418], [-99.22702, 19.42432], [-99.22546, 19.42659], [-99.22447, 19.42708], [-99.2228, 19.42637], [-99.22227, 19.42702], [-99.22338, 19.42951], [-99.22682, 19.43134], [-99.22617, 19.43397], [-99.22743, 19.43494], [-99.22728, 19.43587], [-99.22816, 19.43605], [-99.22854, 19.43681], [-99.22963, 19.43737], [-99.22058, 19.44368], [-99.21813, 19.44411], [-99.21954, 19.44502], [-99.22015, 19.44612], [-99.21997, 19.45288], [-99.21852, 19.45305], [-99.21736, 19.45367], [-99.21529, 19.45622], [-99.21425, 19.45856], [-99.21394, 19.46041], [-99.21263, 19.46245], [-99.21354, 19.46292], [-99.21215, 19.46711], [-99.21179, 19.46708], [-99.21154, 19.46799], [-99.20886, 19.47008], [-99.20717, 19.46957], [-99.20682, 19.47122], [-99.20497, 19.47219], [-99.20102, 19.47336], [-99.19141, 19.47077], [-99.19044, 19.47046], [-99.19073, 19.46467], [-99.188, 19.46381], [-99.18848, 19.46078], [-99.18539, 19.46001], [-99.16371, 19.45643], [-99.16433, 19.44998], [-99.16578, 19.44365], [-99.16849, 19.43815], [-99.17764, 19.4236], [-99.17506, 19.42304], [-99.17566, 19.4226], [-99.17655, 19.42045], [-99.17777, 19.41929], [-99.1843, 19.40783], [-99.17108, 19.4035], [-99.17044, 19.39979], [-99.17553, 19.39809], [-99.1821, 19.39696], [-99.1841, 19.39616], [-99.18638, 19.39565], [-99.18906, 19.39559], [-99.19061, 19.39932], [-99.19222, 19.40113], [-99.1922, 19.40374], [-99.19761, 19.40309], [-99.2019, 19.40156], [-99.21051, 19.40042], [-99.22358, 19.39585], [-99.22735, 19.3958], [-99.23107, 19.3949], [-99.23258, 19.3949], [-99.23604, 19.39356], [-99.23784, 19.39349], [-99.23892, 19.39267], [-99.23902, 19.39073], [-99.23993, 19.38886], [-99.24268, 19.38704], [-99.24548, 19.38739], [-99.24765, 19.38596], [-99.24833, 19.38769], [-99.24853, 19.39041], [-99.24781, 19.39186], [-99.24695, 19.39266], [-99.24674, 19.39354], [-99.24704, 19.39418], [-99.24799, 19.39427], [-99.24925, 19.39343], [-99.25063, 19.3937], [-99.25256, 19.39352], [-99.25475, 19.39522], [-99.25493, 19.39496], [-99.25444, 19.39398], [-99.25655, 19.3929], [-99.25889, 19.39243], [-99.25925, 19.3926], [-99.25939, 19.39318]]]}}, {"type": "Feature", "id": 17, "properties": {"cve_mun": "017", "name": "Venustiano Carranza"}, "geometry": {"type": "Polygon", "coordinates": [[[-99.10191, 19.40826], [-99.11457, 19.40562], [-99.11881, 19.40552], [-99.1257, 19.40433], [-99.12654, 19.40826], [-99.12674, 19.40882], [-99.12717, 19.40901], [-99.1282, 19.41376], [-99.12714, 19.42038], [-99.12601, 19.42287], [-99.12308, 19.4425], [-99.12587, 19.4474], [-99.12589, 19.44819], [-99.12333, 19.45815], [-99.12224, 19.45978], [-99.11715, 19.458], [-99.11178, 19.45378], [-99.10137, 19.44994], [-99.0997, 19.44994], [-99.09474, 19.45176], [-99.09322, 19.4516], [-99.08793, 19.44686], [-99.08716, 19.44577], [-99.08088, 19.45016], [-99.0781, 19.44975], [-99.0686, 19.44648], [-99.06738, 19.44664], [-99.06229, 19.44479], [-99.05256, 19.44842], [-99.05087, 19.45018], [-99.04714, 19.44313], [-99.04646, 19.44236], [-99.04821, 19.43964], [-99.05056, 19.43472], [-99.0552, 19.42427], [-99.05579, 19.42214], [-99.05605, 19.42223], [-99.05683, 19.42136], [-99.05792, 19.42089], [-99.06795, 19.4208], [-99.0695, 19.42025], [-99.07731, 19.40854], [-99.07709, 19.40843], [-99.07755, 19.40769], [-99.07824, 19.40705], [-99.08023, 19.40689], [-99.09643, 19.40915], [-99.09804, 19.40914], [-99.10191, 19.40826]]]}}]}