{
"type": "FeatureCollection",
"name": "polygons",
"crs": { "type": "name", "properties": { "name": "urn:ogc:def:crs:OGC:1.3:CRS84" } },
"features": [
{ "type": "Feature", "properties": { "CVEGEO": "0900300010006", "CVE_ENT": "09", "CVE_MUN": "003", "CVE_LOC": "0001", "CVE_ASEN": "0006", "CP": "04370", "FECHA_ACT": "11/2022", "INSTITUCIO": "SECRETARÍA DE DESARROLLO URBANO Y VIVIENDA", "NOM_ASEN": "ATLÁNTIDA", "TIPO": "COLONIA", "Shape_Leng": 1936.2351838899999, "Shape_Area": 182760.110216, "TURISTICO": "TDR P" }, "geometry": { "type": "MultiPolygon", "coordinates": [ [ [ [ -99.143367204744735, 19.340572069638778 ], [ -99.145716334895397, 19.339124641234353 ], [ -99.145850240953195, 19.339043156350321 ], [ -99.146007405262608, 19.338814624094042 ], [ -99.146371587950568, 19.338245011085291 ], [ -99.14643313182458, 19.338164112413999 ], [ -99.146827220057361, 19.337596524310776 ], [ -99.14685381406666, 19.337527549253497 ], [ -99.146895752229142, 19.337374369108808 ], [ -99.147218662292886, 19.336949711375023 ], [ -99.147535754182599, 19.33805673303657 ], [ -99.147597730859246, 19.338274557253794 ], [ -99.147890778648701, 19.339342462725899 ], [ -99.148068835462539, 19.339922779632293 ], [ -99.148254358831252, 19.340522214884714 ], [ -99.148521839089128, 19.341458746249678 ], [ -99.148594619054919, 19.341712378902134 ], [ -99.148877207604514, 19.342651446731448 ], [ -99.148727181669898, 19.342653238196885 ], [ -99.14757517031768, 19.342485546228826 ], [ -99.147137685301686, 19.342423347221185 ], [ -99.14664865380098, 19.342352402689471 ], [ -99.146262370604575, 19.342298686990606 ], [ -99.146062561574823, 19.342268362034407 ], [ -99.145669645700337, 19.342210949494664 ], [ -99.144602729271824, 19.342056482273719 ], [ -99.14418391205696, 19.34199384828602 ], [ -99.143731156017495, 19.341930961089666 ], [ -99.143367204744735, 19.340572069638778 ] ] ] ] } },
{ "type": "Feature", "properties": { "CVEGEO": "0900300010007", "CVE_ENT": "09", "CVE_MUN": "003", "CVE_LOC": "0001", "CVE_ASEN": "0007", "CP": "04460", "FECHA_ACT": "11/2022", "INSTITUCIO": "SECRETARÍA DE DESARROLLO URBANO Y VIVIENDA", "NOM_ASEN": "AVANTE", "TIPO": "COLONIA", "Shape_Leng": 4840.9985914199997, "Shape_Area": 999705.19808100001, "TURISTICO": "TDR P" }, "geometry": { "type": "MultiPolygon", "coordinates": [ [ [ [ -99.136985381302267, 19.333420206777266 ], [ -99.136886115192553, 19.33338956615458 ], [ -99.13647085758771, 19.333315222704329 ], [ -99.135990774066869, 19.333230347184145 ], [ -99.1356274041744, 19.333171442693466 ], [ -99.135489401939552, 19.333147911575519 ], [ -99.13504209104957, 19.333051726721081 ], [ -99.134519032064517, 19.332945334587261 ], [ -99.134050163183147, 19.332857438127775 ], [ -99.133632339, 19.332774847125872 ], [ -99.133166156708867, 19.332681263353621 ], [ -99.133130878198898, 19.332638567637936 ], [ -99.132777540893215, 19.332569513642458 ], [ -99.132692257301329, 19.332558023980067 ], [ -99.132183329143686, 19.332453959658579 ], [ -99.132153921098507, 19.332435100188491 ], [ -99.130015639172683, 19.332015700594699 ], [ -99.129969953956262, 19.33200795360673 ], [ -99.130003276742087, 19.331587857332888 ], [ -99.13002939240377, 19.33155161163004 ], [ -99.130240526440815, 19.329753363192204 ], [ -99.130293399910386, 19.329757316047136 ], [ -99.130608553994108, 19.327821676763303 ], [ -99.130876446280453, 19.326047961134631 ], [ -99.130916120086368, 19.325890146704648 ], [ -99.130686633328992, 19.325732672642257 ], [ -99.130533403160356, 19.325627420030717 ], [ -99.13024691723767, 19.325430642232394 ], [ -99.130177717131332, 19.325383110153961 ], [ -99.129787684607152, 19.325115206705632 ], [ -99.12972284277906, 19.325070665762244 ], [ -99.129377894442754, 19.324833728860128 ], [ -99.129154614475851, 19.324680359114634 ], [ -99.128978321403025, 19.324559266941506 ], [ -99.128808869576304, 19.324442862194861 ], [ -99.12997341290091, 19.321417643560451 ], [ -99.13078335500046, 19.321763597395631 ], [ -99.131375182888846, 19.322016104621255 ], [ -99.131889990827901, 19.322239314267517 ], [ -99.132426097889336, 19.322471757162848 ], [ -99.132698169866075, 19.322589719557453 ], [ -99.132943966074876, 19.322696289873978 ], [ -99.133493898674558, 19.322934723299493 ], [ -99.134015590819629, 19.323167466979168 ], [ -99.134173634336733, 19.323211273461773 ], [ -99.134357235567919, 19.323188174125573 ], [ -99.134485213131526, 19.32313192065061 ], [ -99.134683893385045, 19.323386477593768 ], [ -99.135055092826462, 19.323869289564247 ], [ -99.13538240428727, 19.324295011876895 ], [ -99.13687975359403, 19.32435676026217 ], [ -99.137072490342632, 19.324470973125692 ], [ -99.137103951033993, 19.3247469052985 ], [ -99.137115622877403, 19.325809331932071 ], [ -99.137180833096238, 19.326843604110881 ], [ -99.137165041612576, 19.328416813918505 ], [ -99.137892975129688, 19.328358583180417 ], [ -99.138341721205819, 19.328322373273657 ], [ -99.13881786165814, 19.328264489119299 ], [ -99.138914863970015, 19.328254996724141 ], [ -99.139495150679792, 19.328141137127517 ], [ -99.140471642924638, 19.331258273546954 ], [ -99.140765862920176, 19.332216371861762 ], [ -99.140841544245518, 19.332481550030483 ], [ -99.140894092272006, 19.332661118155194 ], [ -99.14122068576421, 19.333698574272315 ], [ -99.141330041543029, 19.334074322038518 ], [ -99.141383763818595, 19.334269576990692 ], [ -99.140587507039541, 19.334105317807744 ], [ -99.140494911238562, 19.334089422846837 ], [ -99.139954700855853, 19.333992229776499 ], [ -99.139360373380171, 19.333871814428242 ], [ -99.138913193420748, 19.333781339207452 ], [ -99.138811598997549, 19.333761532446967 ], [ -99.138519201574042, 19.333683135469162 ], [ -99.138315072496013, 19.333040064738249 ], [ -99.136985381302267, 19.333420206777266 ] ] ] ] } },
{ "type": "Feature", "properties": { "CVEGEO": "0900300010008", "CVE_ENT": "09", "CVE_MUN": "003", "CVE_LOC": "0001", "CVE_ASEN": "0008", "CP": "04020", "FECHA_ACT": "11/2022", "INSTITUCIO": "SECRETARÍA DE DESARROLLO URBANO Y VIVIENDA", "NOM_ASEN": "LA CONCEPCIÓN", "TIPO": "BARRIO", "Shape_Leng": 2451.3837675200002, "Shape_Area": 281027.45877899998, "TURISTICO": "TDR P" }, "geometry": { "type": "MultiPolygon", "coordinates": [ [ [ [ -99.154885679237367, 19.344086694365973 ], [ -99.155625510185317, 19.34384155585121 ], [ -99.156277307756383, 19.343669719096617 ], [ -99.157937599374208, 19.343850630528159 ], [ -99.158863229749258, 19.343974400509385 ], [ -99.159116379686736, 19.344000720774712 ], [ -99.159276399955075, 19.34402551962787 ], [ -99.16081691725654, 19.344232739919821 ], [ -99.160584083913363, 19.345026051664799 ], [ -99.160531931811207, 19.345213991133956 ], [ -99.160533018880628, 19.345264200351746 ], [ -99.160285447321385, 19.346206066970744 ], [ -99.159815747616875, 19.346164596171459 ], [ -99.159699224851806, 19.346576815625202 ], [ -99.159670953073174, 19.346676834004491 ], [ -99.159901414848264, 19.34673474795806 ], [ -99.159747295261639, 19.347169406363701 ], [ -99.159558811579103, 19.347664499027648 ], [ -99.159516352185179, 19.347805590720142 ], [ -99.159070756744242, 19.350019506060729 ], [ -99.158705833006877, 19.35009018062452 ], [ -99.157959426073276, 19.350237806638461 ], [ -99.157360326728082, 19.350364004148616 ], [ -99.156162526943916, 19.350599424708296 ], [ -99.156052695020193, 19.349579287899061 ], [ -99.156060390331149, 19.349348874780556 ], [ -99.15607788278308, 19.34915871764138 ], [ -99.156127931518398, 19.348916836885049 ], [ -99.156341290360075, 19.348208317664671 ], [ -99.156441384029321, 19.347931740254328 ], [ -99.156517724766331, 19.347732113179713 ], [ -99.156523182871126, 19.347626754771238 ], [ -99.156493060332593, 19.347258214722157 ], [ -99.156407060831597, 19.346500014785061 ], [ -99.156376229347671, 19.346216339827592 ], [ -99.15633492991644, 19.346068828665558 ], [ -99.156283385930635, 19.345959969170803 ], [ -99.155786172795274, 19.34529161953731 ], [ -99.155299581738561, 19.344672677089086 ], [ -99.154885679237367, 19.344086694365973 ] ] ] ] } },
{ "type": "Feature", "properties": { "CVEGEO": "0900300010012", "CVE_ENT": "09", "CVE_MUN": "003", "CVE_LOC": "0001", "CVE_ASEN": "0012", "CP": "04030", "FECHA_ACT": "11/2022", "INSTITUCIO": "SECRETARÍA DE DESARROLLO URBANO Y VIVIENDA", "NOM_ASEN": "SAN LUCAS", "TIPO": "BARRIO", "Shape_Leng": 2435.0734786500002, "Shape_Area": 390423.77719699999, "TURISTICO": "TDR P" }, "geometry": { "type": "MultiPolygon", "coordinates": [ [ [ [ -99.155807149360626, 19.350663282375752 ], [ -99.155323294973826, 19.350754019997346 ], [ -99.155006187917792, 19.350825905035315 ], [ -99.153350621348537, 19.351181307974024 ], [ -99.15326148000355, 19.351210318145252 ], [ -99.15270497684601, 19.35131808523624 ], [ -99.151677758575218, 19.351535555126237 ], [ -99.151416186544623, 19.35159028514294 ], [ -99.150970419335536, 19.34999310926429 ], [ -99.150650773208127, 19.34884819730112 ], [ -99.15076041133014, 19.34862244352011 ], [ -99.151046410463863, 19.347353800898961 ], [ -99.151056075790294, 19.347284251391169 ], [ -99.151064994321644, 19.347220097232139 ], [ -99.151138762443878, 19.347036290218437 ], [ -99.151190680588982, 19.3468292610034 ], [ -99.151207818291127, 19.34656340974373 ], [ -99.151189641611836, 19.346258053557779 ], [ -99.151058360690499, 19.345145971537885 ], [ -99.15173121108127, 19.344886897610461 ], [ -99.153230886721431, 19.344466313616866 ], [ -99.154340603308853, 19.344161817058797 ], [ -99.154431438717452, 19.344167795744191 ], [ -99.15480956401916, 19.344071285248489 ], [ -99.154885679237367, 19.344086694365973 ], [ -99.155299581738561, 19.344672677089086 ], [ -99.155786172795274, 19.34529161953731 ], [ -99.156283385930635, 19.345959969170803 ], [ -99.15633492991644, 19.346068828665558 ], [ -99.156376229347671, 19.346216339827592 ], [ -99.156407060831597, 19.346500014785061 ], [ -99.156493060332593, 19.347258214722157 ], [ -99.156523182871126, 19.347626754771238 ], [ -99.156517724766331, 19.347732113179713 ], [ -99.156441384029321, 19.347931740254328 ], [ -99.156341290360075, 19.348208317664671 ], [ -99.156127931518398, 19.348916836885049 ], [ -99.15607788278308, 19.34915871764138 ], [ -99.156060390331149, 19.349348874780556 ], [ -99.156052695020193, 19.349579287899061 ], [ -99.156162526943916, 19.350599424708296 ], [ -99.156051342927412, 19.350621278339521 ], [ -99.155807149360626, 19.350663282375752 ] ] ] ] } },
{ "type": "Feature", "properties": { "CVEGEO": "0900300010014", "CVE_ENT": "09", "CVE_MUN": "003", "CVE_LOC": "0001", "CVE_ASEN": "0014", "CP": "04010", "FECHA_ACT": "11/2022", "INSTITUCIO": "SECRETARÍA DE DESARROLLO URBANO Y VIVIENDA", "NOM_ASEN": "SANTA CATARINA", "TIPO": "BARRIO", "Shape_Leng": 4466.23468177, "Shape_Area": 866657.85353800002, "TURISTICO": "TDR" }, "geometry": { "type": "MultiPolygon", "coordinates": [ [ [ [ -99.174348605281324, 19.351090375112417 ], [ -99.174169678317227, 19.351083418641142 ], [ -99.173822642242925, 19.351086887133029 ], [ -99.171893753196599, 19.351101303902137 ], [ -99.16977233485548, 19.351060921840944 ], [ -99.17045458105261, 19.34943161164767 ], [ -99.170167349092495, 19.349412627637662 ], [ -99.170095405904306, 19.349419389677138 ], [ -99.169314046857366, 19.349389357160366 ], [ -99.168994168192569, 19.349377482839962 ], [ -99.168477887631781, 19.34935893868894 ], [ -99.168395020860814, 19.349376199874307 ], [ -99.167486464982915, 19.349338739553286 ], [ -99.165949435785535, 19.349300761250596 ], [ -99.164291579161997, 19.349211463025004 ], [ -99.164325090953625, 19.34907826258862 ], [ -99.164485695743366, 19.348506373681921 ], [ -99.164652107108935, 19.347768128815567 ], [ -99.164756182801113, 19.347180488108027 ], [ -99.164743380292279, 19.347095308240043 ], [ -99.164843037652147, 19.346358881487649 ], [ -99.16485705605011, 19.3462672606965 ], [ -99.164968729956541, 19.345669823583378 ], [ -99.165103953338217, 19.344933106669686 ], [ -99.165084465002039, 19.344766062553081 ], [ -99.165935663600251, 19.344866591670822 ], [ -99.165977329696261, 19.34487198895205 ], [ -99.166448119727946, 19.344922020029184 ], [ -99.166532737161589, 19.344932341860673 ], [ -99.167809512212855, 19.345082788499585 ], [ -99.168370089166416, 19.345139112431081 ], [ -99.168920963098302, 19.345203653781716 ], [ -99.169438172040699, 19.345267504382459 ], [ -99.169714580358715, 19.34530050374758 ], [ -99.16998659615443, 19.345333668593753 ], [ -99.170191317146958, 19.345360962236615 ], [ -99.170519745955289, 19.345402194167399 ], [ -99.171141556876833, 19.345472367167964 ], [ -99.172106905936843, 19.345599276801497 ], [ -99.172540010709824, 19.345648409467657 ], [ -99.172998766228972, 19.345706155821023 ], [ -99.17391405387599, 19.345818259248237 ], [ -99.17435486378173, 19.345864709247358 ], [ -99.174378914539076, 19.345867708835495 ], [ -99.175025805806897, 19.345938831435522 ], [ -99.175681438403714, 19.346008092266604 ], [ -99.176722146338932, 19.34613502379576 ], [ -99.177843879129824, 19.346273334565829 ], [ -99.178647011053741, 19.346393716102078 ], [ -99.179094926455917, 19.346510358873168 ], [ -99.180425466843047, 19.346902247850252 ], [ -99.180535818631938, 19.346945011943149 ], [ -99.180621116666941, 19.346978068025503 ], [ -99.180554739424281, 19.347235781157995 ], [ -99.180460186282147, 19.347685320481457 ], [ -99.180127279631137, 19.349268049101934 ], [ -99.180090312557923, 19.349357326698865 ], [ -99.180059846386513, 19.349430937747311 ], [ -99.17993152008151, 19.349642881394136 ], [ -99.17978394855264, 19.349827349770926 ], [ -99.179606819089045, 19.35000967877049 ], [ -99.179247694531909, 19.350342340710519 ], [ -99.178451689080475, 19.351010167318634 ], [ -99.178323341863006, 19.351115032844582 ], [ -99.177661951505115, 19.351744289234514 ], [ -99.177598449595237, 19.351821477232917 ], [ -99.177595447531772, 19.351820727981661 ], [ -99.177415893390958, 19.351775741758402 ], [ -99.177271109763481, 19.351742597143716 ], [ -99.176833650592684, 19.351642446553551 ], [ -99.175147667442261, 19.351248572603687 ], [ -99.174658183375072, 19.35113244515178 ], [ -99.174542086187486, 19.351104982854391 ], [ -99.174348605281324, 19.351090375112417 ] ] ] ] } },
{ "type": "Feature", "properties": { "CVEGEO": "0900300010023", "CVE_ENT": "09", "CVE_MUN": "003", "CVE_LOC": "0001", "CVE_ASEN": "0023", "CP": "04380", "FECHA_ACT": "11/2022", "INSTITUCIO": "SECRETARÍA DE DESARROLLO URBANO Y VIVIENDA", "NOM_ASEN": "LA CANDELARIA", "TIPO": "PUEBLO", "Shape_Leng": 5176.3314829299998, "Shape_Area": 711061.18111899996, "TURISTICO": "TDR P" }, "geometry": { "type": "MultiPolygon", "coordinates": [ [ [ [ -99.147218662292886, 19.336949711375023 ], [ -99.147115823134911, 19.336582598241979 ], [ -99.146810673233972, 19.335493257908013 ], [ -99.146566420649052, 19.334621306640379 ], [ -99.14648315732974, 19.334319628172441 ], [ -99.146214273030196, 19.333695636108196 ], [ -99.146060741582644, 19.333390334207991 ], [ -99.145936349268382, 19.333188229815189 ], [ -99.145803789679164, 19.333025500019172 ], [ -99.145017809770266, 19.331984326516256 ], [ -99.144349618213411, 19.331145646932931 ], [ -99.144533088857528, 19.330412511262452 ], [ -99.144608563296899, 19.330023759718213 ], [ -99.144883515797588, 19.328728242591939 ], [ -99.145134478637118, 19.327288114208759 ], [ -99.145078063753473, 19.327163965892517 ], [ -99.144993179249312, 19.326996943752174 ], [ -99.144899942366976, 19.326866923927163 ], [ -99.144634212539358, 19.326595415521762 ], [ -99.14386364208967, 19.326091303291818 ], [ -99.143563849921435, 19.325903054888364 ], [ -99.143680615357127, 19.325746389821635 ], [ -99.143781743348143, 19.325734493346253 ], [ -99.143894963980571, 19.325803497386193 ], [ -99.143952071664927, 19.325751149215058 ], [ -99.144113875870303, 19.325679764838998 ], [ -99.144608804299295, 19.32537519531563 ], [ -99.144799160393006, 19.32554175733495 ], [ -99.144818195757239, 19.325594104367823 ], [ -99.145336918712204, 19.325460854382943 ], [ -99.145374989390959, 19.325603621767993 ], [ -99.145495764457849, 19.325649674994906 ], [ -99.145436854678877, 19.325936745949004 ], [ -99.145608176098619, 19.325970059780808 ], [ -99.145693837218644, 19.325860603873338 ], [ -99.145779497082145, 19.325832049976274 ], [ -99.145926435412079, 19.325859013203683 ], [ -99.146396635385116, 19.325860549944817 ], [ -99.146069791613286, 19.32651257732908 ], [ -99.146255390127109, 19.326588718779089 ], [ -99.146319660607574, 19.326415385577072 ], [ -99.146683556943216, 19.326474190732217 ], [ -99.146753772566953, 19.326461634048577 ], [ -99.147100157422003, 19.326523139176963 ], [ -99.147511958273412, 19.32657595540859 ], [ -99.147554129589196, 19.326583090681769 ], [ -99.147586179021857, 19.326753884998663 ], [ -99.14788935139488, 19.326805060297382 ], [ -99.147950836642082, 19.32658316406873 ], [ -99.148259662702699, 19.32657940459821 ], [ -99.148429892137969, 19.326707930922801 ], [ -99.148293262858317, 19.32699998556048 ], [ -99.148729425687478, 19.32720043491911 ], [ -99.149172397922356, 19.327608491484408 ], [ -99.149064465215005, 19.327785391107554 ], [ -99.149546675868891, 19.328065494709474 ], [ -99.149510803630562, 19.32847771396338 ], [ -99.149829419613994, 19.328729770761647 ], [ -99.150034488782538, 19.328952714297124 ], [ -99.149891723188773, 19.329327478583124 ], [ -99.149897671380742, 19.329476195702068 ], [ -99.150082048335577, 19.329372531759979 ], [ -99.150101082027376, 19.32947277021233 ], [ -99.150128903334945, 19.329813890029261 ], [ -99.150215896519057, 19.329849380665681 ], [ -99.15040215593875, 19.329833081939601 ], [ -99.150322685250231, 19.330059435659393 ], [ -99.150145451069108, 19.33038668051239 ], [ -99.150852722650114, 19.330532984345584 ], [ -99.151713957861645, 19.329622359910537 ], [ -99.152197247880522, 19.329901894064761 ], [ -99.152450677954292, 19.329542368083622 ], [ -99.152809155778826, 19.329085863122277 ], [ -99.153647955847902, 19.327927903199704 ], [ -99.154134594618185, 19.327394713728246 ], [ -99.155480229959309, 19.328321156270032 ], [ -99.155299444370328, 19.328536508952151 ], [ -99.155047905107821, 19.328836157339527 ], [ -99.154867798895154, 19.329025240633264 ], [ -99.154662859873383, 19.329277278165446 ], [ -99.154344471851331, 19.329614084440639 ], [ -99.153863971264855, 19.330124982476313 ], [ -99.153671305022087, 19.330397667969585 ], [ -99.153421507621545, 19.330781198081915 ], [ -99.152963309928964, 19.331691876744017 ], [ -99.152894747101456, 19.331847014729703 ], [ -99.152853996964865, 19.331952468905275 ], [ -99.152739222244264, 19.332213411172226 ], [ -99.152635037421874, 19.332377377134854 ], [ -99.152459894865075, 19.332615069329378 ], [ -99.152179795769783, 19.332838548834399 ], [ -99.15171221751983, 19.333179165760839 ], [ -99.151584385647496, 19.333302349983178 ], [ -99.15133997567618, 19.333812683385716 ], [ -99.151375096707397, 19.333937718885007 ], [ -99.151331218757093, 19.334050697911238 ], [ -99.151133089793404, 19.33452177534236 ], [ -99.150824333004124, 19.335280680399471 ], [ -99.150800007784781, 19.335342892179774 ], [ -99.150568741700724, 19.335971102144821 ], [ -99.15023019934273, 19.337104230150022 ], [ -99.150162528601783, 19.337294169645755 ], [ -99.149945839571288, 19.336951593232953 ], [ -99.14971671135639, 19.336627199125683 ], [ -99.149639279210831, 19.33655355895619 ], [ -99.148129436366801, 19.335496888318698 ], [ -99.148103633259012, 19.335690813650888 ], [ -99.147356545467147, 19.336767757013838 ], [ -99.147218662292886, 19.336949711375023 ] ] ] ] } },
{ "type": "Feature", "properties": { "CVEGEO": "0900300010029", "CVE_ENT": "09", "CVE_MUN": "003", "CVE_LOC": "0001", "CVE_ASEN": "0029", "CP": "04450", "FECHA_ACT": "11/2022", "INSTITUCIO": "SECRETARÍA DE DESARROLLO URBANO Y VIVIENDA", "NOM_ASEN": "EL CENTINELA", "TIPO": "COLONIA", "Shape_Leng": 1850.9039003800001, "Shape_Area": 215781.8646, "TURISTICO": "TDR P" }, "geometry": { "type": "MultiPolygon", "coordinates": [ [ [ [ -99.141383763818595, 19.334269576990692 ], [ -99.141416399110653, 19.334384648135803 ], [ -99.141584297178085, 19.334938289158867 ], [ -99.141684480887093, 19.335201716815281 ], [ -99.141751859161531, 19.335404263329949 ], [ -99.141883312992775, 19.335782747262975 ], [ -99.14196006330495, 19.336025487729664 ], [ -99.142035012575533, 19.336248638883838 ], [ -99.142094615152899, 19.336435962813834 ], [ -99.142323144649907, 19.337241236795538 ], [ -99.142400695790684, 19.33747873541429 ], [ -99.141280241649824, 19.337789960450802 ], [ -99.141019155901148, 19.337850209369197 ], [ -99.140085455465723, 19.338068941280852 ], [ -99.139990305423368, 19.33804619105933 ], [ -99.139695499857083, 19.337952372351896 ], [ -99.139266764070314, 19.337854956803433 ], [ -99.138989721664473, 19.337765943761426 ], [ -99.138819452392966, 19.337708184881688 ], [ -99.138558304019966, 19.337592454194098 ], [ -99.138426065324069, 19.337535540264984 ], [ -99.138277820537709, 19.337454585188659 ], [ -99.138129571180286, 19.337368225945973 ], [ -99.137996798796735, 19.337272700168139 ], [ -99.137758031724061, 19.337092883774861 ], [ -99.137529305121703, 19.336889552086465 ], [ -99.137472850803832, 19.336847213470481 ], [ -99.137367578966604, 19.336727566187069 ], [ -99.137221499110552, 19.33652476904988 ], [ -99.137023407874736, 19.336209027578288 ], [ -99.137023794646012, 19.336149066124129 ], [ -99.13702889082613, 19.335713606281072 ], [ -99.137021612192868, 19.335450531530984 ], [ -99.137022033221257, 19.335173275674649 ], [ -99.137021186644063, 19.334971176029988 ], [ -99.137025574484042, 19.334895162077345 ], [ -99.137016404877286, 19.334494625036818 ], [ -99.136985381302267, 19.333420206777266 ], [ -99.138315072496013, 19.333040064738249 ], [ -99.138519201574042, 19.333683135469162 ], [ -99.138811598997549, 19.333761532446967 ], [ -99.138913193420748, 19.333781339207452 ], [ -99.139360373380171, 19.333871814428242 ], [ -99.139954700855853, 19.333992229776499 ], [ -99.140494911238562, 19.334089422846837 ], [ -99.140587507039541, 19.334105317807744 ], [ -99.141383763818595, 19.334269576990692 ] ] ] ] } },
{ "type": "Feature", "properties": { "CVEGEO": "0900300010032", "CVE_ENT": "09", "CVE_MUN": "003", "CVE_LOC": "0001", "CVE_ASEN": "0032", "CP": "04370", "FECHA_ACT": "11/2022", "INSTITUCIO": "SECRETARÍA DE DESARROLLO URBANO Y VIVIENDA", "NOM_ASEN": "CIUDAD JARDÍN", "TIPO": "COLONIA", "Shape_Leng": 2829.42115281, "Shape_Area": 458245.11371800001, "TURISTICO": "TDR P" }, "geometry": { "type": "MultiPolygon", "coordinates": [ [ [ [ -99.147218662292886, 19.336949711375023 ], [ -99.146895752229142, 19.337374369108808 ], [ -99.14685381406666, 19.337527549253497 ], [ -99.146827220057361, 19.337596524310776 ], [ -99.14643313182458, 19.338164112413999 ], [ -99.146371587950568, 19.338245011085291 ], [ -99.146007405262608, 19.338814624094042 ], [ -99.145850240953195, 19.339043156350321 ], [ -99.145716334895397, 19.339124641234353 ], [ -99.143367204744735, 19.340572069638778 ], [ -99.143145818351314, 19.339911357366919 ], [ -99.142954063286624, 19.339257289142452 ], [ -99.142479642742344, 19.337720508218176 ], [ -99.142400695790684, 19.33747873541429 ], [ -99.142323144649907, 19.337241236795538 ], [ -99.142094615152899, 19.336435962813834 ], [ -99.142035012575533, 19.336248638883838 ], [ -99.14196006330495, 19.336025487729664 ], [ -99.141883312992775, 19.335782747262975 ], [ -99.141751859161531, 19.335404263329949 ], [ -99.141684480887093, 19.335201716815281 ], [ -99.141584297178085, 19.334938289158867 ], [ -99.141416399110653, 19.334384648135803 ], [ -99.141383763818595, 19.334269576990692 ], [ -99.141330041543029, 19.334074322038518 ], [ -99.14122068576421, 19.333698574272315 ], [ -99.140894092272006, 19.332661118155194 ], [ -99.140841544245518, 19.332481550030483 ], [ -99.140765862920176, 19.332216371861762 ], [ -99.140471642924638, 19.331258273546954 ], [ -99.141079710130853, 19.331106190692942 ], [ -99.141279904199564, 19.331055539872889 ], [ -99.141473986165039, 19.331003495553539 ], [ -99.141824016929021, 19.330919716750223 ], [ -99.14200673372747, 19.330876064540295 ], [ -99.142468105872368, 19.330773523589901 ], [ -99.142990720597695, 19.330644271981363 ], [ -99.143062991792888, 19.33062639719391 ], [ -99.143777643884135, 19.33044378374036 ], [ -99.143952251212752, 19.330663849625829 ], [ -99.144349618213411, 19.331145646932931 ], [ -99.145017809770266, 19.331984326516256 ], [ -99.145803789679164, 19.333025500019172 ], [ -99.145936349268382, 19.333188229815189 ], [ -99.146060741582644, 19.333390334207991 ], [ -99.146214273030196, 19.333695636108196 ], [ -99.14648315732974, 19.334319628172441 ], [ -99.146566420649052, 19.334621306640379 ], [ -99.146810673233972, 19.335493257908013 ], [ -99.147115823134911, 19.336582598241979 ], [ -99.147218662292886, 19.336949711375023 ] ] ] ] } },
{ "type": "Feature", "properties": { "CVEGEO": "0900300010054", "CVE_ENT": "09", "CVE_MUN": "003", "CVE_LOC": "0001", "CVE_ASEN": "0054", "CP": "04100", "FECHA_ACT": "11/2022", "INSTITUCIO": "SECRETARÍA DE DESARROLLO URBANO Y VIVIENDA", "NOM_ASEN": "DEL CARMEN", "TIPO": "COLONIA", "Shape_Leng": 6998.71834, "Shape_Area": 2077167.6875, "TURISTICO": "TDR P" }, "geometry": { "type": "MultiPolygon", "coordinates": [ [ [ [ -99.155006187917792, 19.350825905035315 ], [ -99.155323294973826, 19.350754019997346 ], [ -99.155807149360626, 19.350663282375752 ], [ -99.156051342927412, 19.350621278339521 ], [ -99.156162526943916, 19.350599424708296 ], [ -99.157360326728082, 19.350364004148616 ], [ -99.157959426073276, 19.350237806638461 ], [ -99.158705833006877, 19.35009018062452 ], [ -99.159070756744242, 19.350019506060729 ], [ -99.160035083280547, 19.34984713900246 ], [ -99.161832729128562, 19.349553351247025 ], [ -99.161843254302781, 19.349683668944543 ], [ -99.161750961611844, 19.350037544289151 ], [ -99.161796139919645, 19.350050648972392 ], [ -99.162311571799606, 19.350197371914895 ], [ -99.16274514064709, 19.350320791151301 ], [ -99.162815688496153, 19.350341169550415 ], [ -99.162795978826296, 19.350409612528846 ], [ -99.163940463227306, 19.350711639673143 ], [ -99.164167899210028, 19.34973653473623 ], [ -99.164291579161997, 19.349211463025004 ], [ -99.165949435785535, 19.349300761250596 ], [ -99.167486464982915, 19.349338739553286 ], [ -99.168395020860814, 19.349376199874307 ], [ -99.168477887631781, 19.34935893868894 ], [ -99.168994168192569, 19.349377482839962 ], [ -99.169314046857366, 19.349389357160366 ], [ -99.170095405904306, 19.349419389677138 ], [ -99.170167349092495, 19.349412627637662 ], [ -99.17045458105261, 19.34943161164767 ], [ -99.16977233485548, 19.351060921840944 ], [ -99.171893753196599, 19.351101303902137 ], [ -99.173822642242925, 19.351086887133029 ], [ -99.174169678317227, 19.351083418641142 ], [ -99.174348605281324, 19.351090375112417 ], [ -99.174542086187486, 19.351104982854391 ], [ -99.174658183375072, 19.35113244515178 ], [ -99.175147667442261, 19.351248572603687 ], [ -99.176833650592684, 19.351642446553551 ], [ -99.177271109763481, 19.351742597143716 ], [ -99.177415893390958, 19.351775741758402 ], [ -99.177595447531772, 19.351820727981661 ], [ -99.177598449595237, 19.351821477232917 ], [ -99.17748822993471, 19.352012314818403 ], [ -99.177284309861875, 19.352349745409956 ], [ -99.177225986543334, 19.352444094718642 ], [ -99.177139320261247, 19.352524110866664 ], [ -99.177042312940657, 19.352600227788518 ], [ -99.176030978104464, 19.353410520202399 ], [ -99.17578370685257, 19.3536201231008 ], [ -99.175427445720544, 19.353984968963118 ], [ -99.17522208898653, 19.354241782674446 ], [ -99.174941576602365, 19.35463642953237 ], [ -99.174203050694018, 19.355446142556612 ], [ -99.173562230551113, 19.356124617873839 ], [ -99.172993506137047, 19.356751397434895 ], [ -99.172774746428644, 19.35708138364847 ], [ -99.17272754850778, 19.357181659372991 ], [ -99.172414138218883, 19.357904494803698 ], [ -99.171708951828407, 19.359561580620898 ], [ -99.171706109294703, 19.359568262539142 ], [ -99.17169128602994, 19.359559386055047 ], [ -99.171679070922195, 19.359552074318195 ], [ -99.170832119320067, 19.359045060476991 ], [ -99.17055734995607, 19.358888425073268 ], [ -99.170513472041065, 19.358872059023547 ], [ -99.170404144393856, 19.358831280746585 ], [ -99.170159229480134, 19.358749920768435 ], [ -99.169781761545977, 19.358659895947447 ], [ -99.16976493991541, 19.358657880975187 ], [ -99.169410209434375, 19.358619717450452 ], [ -99.16919961926402, 19.358597060762822 ], [ -99.169144011039663, 19.358593197240765 ], [ -99.168550340190663, 19.358551947294821 ], [ -99.167768908712745, 19.358513250013168 ], [ -99.167326459478915, 19.358490981344485 ], [ -99.167153739696062, 19.358482290027197 ], [ -99.166341618668426, 19.358435339698456 ], [ -99.164943939104987, 19.358361891339598 ], [ -99.163500488956984, 19.358272619906973 ], [ -99.161815779983542, 19.358175339636002 ], [ -99.161702619687674, 19.358169480692684 ], [ -99.160469063226785, 19.358105570783326 ], [ -99.159516688769614, 19.358054061199564 ], [ -99.159104029819474, 19.358031746752587 ], [ -99.158778228682436, 19.358011860144057 ], [ -99.158080186035619, 19.357969261336059 ], [ -99.157157229282674, 19.35791192022652 ], [ -99.156953749320024, 19.357899280395287 ], [ -99.156872779374524, 19.35789689049761 ], [ -99.156857460443319, 19.3578964400342 ], [ -99.156795598908843, 19.357894620798231 ], [ -99.156200669128154, 19.357861401000189 ], [ -99.154605079246423, 19.357772260620678 ], [ -99.154292450451905, 19.357758650725042 ], [ -99.153704749113487, 19.357734490588911 ], [ -99.153160720541692, 19.357697694398105 ], [ -99.153096579604039, 19.357476098524568 ], [ -99.152901577538145, 19.356802367155073 ], [ -99.152584219257733, 19.355717127014252 ], [ -99.152398348249733, 19.355053187600127 ], [ -99.152064800418756, 19.353872275336837 ], [ -99.151894998883222, 19.353304891717666 ], [ -99.151416186544623, 19.35159028514294 ], [ -99.151677758575218, 19.351535555126237 ], [ -99.15270497684601, 19.35131808523624 ], [ -99.15326148000355, 19.351210318145252 ], [ -99.153350621348537, 19.351181307974024 ], [ -99.155006187917792, 19.350825905035315 ] ] ] ] } },
{ "type": "Feature", "properties": { "CVEGEO": "0900300010056", "CVE_ENT": "09", "CVE_MUN": "003", "CVE_LOC": "0001", "CVE_ASEN": "0056", "CP": "04815", "FECHA_ACT": "11/2022", "INSTITUCIO": "SECRETARÍA DE DESARROLLO URBANO Y VIVIENDA", "NOM_ASEN": "EMILIANO ZAPATA", "TIPO": "COLONIA", "Shape_Leng": 1990.6062513300001, "Shape_Area": 129843.31065699999, "TURISTICO": "TDR P" }, "geometry": { "type": "MultiPolygon", "coordinates": [ [ [ [ -99.13538240428727, 19.324295011876895 ], [ -99.135055092826462, 19.323869289564247 ], [ -99.134683893385045, 19.323386477593768 ], [ -99.134485213131526, 19.32313192065061 ], [ -99.135074997022784, 19.323078962839926 ], [ -99.13558527047114, 19.323028521628505 ], [ -99.136047164307072, 19.322990633015909 ], [ -99.13706857000534, 19.322934870439212 ], [ -99.137083307707996, 19.323235168570324 ], [ -99.137976588842164, 19.323186217048637 ], [ -99.13813335116599, 19.323727330704912 ], [ -99.138455570520676, 19.324707588053215 ], [ -99.138755621558317, 19.325667727637718 ], [ -99.138834561851795, 19.325934249698328 ], [ -99.138905398207186, 19.326175382127044 ], [ -99.139047225856231, 19.326657758735607 ], [ -99.139495150679792, 19.328141137127517 ], [ -99.138914863970015, 19.328254996724141 ], [ -99.13881786165814, 19.328264489119299 ], [ -99.138341721205819, 19.328322373273657 ], [ -99.137892975129688, 19.328358583180417 ], [ -99.137165041612576, 19.328416813918505 ], [ -99.137180833096238, 19.326843604110881 ], [ -99.137115622877403, 19.325809331932071 ], [ -99.137103951033993, 19.3247469052985 ], [ -99.137072490342632, 19.324470973125692 ], [ -99.13687975359403, 19.32435676026217 ], [ -99.13538240428727, 19.324295011876895 ] ] ] ] } },
{ "type": "Feature", "properties": { "CVEGEO": "0900300010059", "CVE_ENT": "09", "CVE_MUN": "003", "CVE_LOC": "0001", "CVE_ASEN": "0059", "CP": "04870", "FECHA_ACT": "11/2022", "INSTITUCIO": "SECRETARÍA DE DESARROLLO URBANO Y VIVIENDA", "NOM_ASEN": "ESPARTACO", "TIPO": "COLONIA", "Shape_Leng": 3354.5120777699999, "Shape_Area": 503075.05626300001, "TURISTICO": "TDR P" }, "geometry": { "type": "MultiPolygon", "coordinates": [ [ [ [ -99.137735051312745, 19.321215425716883 ], [ -99.13772901379933, 19.321292951172808 ], [ -99.137623836272553, 19.321297934931273 ], [ -99.137559567050616, 19.321301207559703 ], [ -99.135815187883694, 19.321383840287826 ], [ -99.13532173870864, 19.321371369663492 ], [ -99.135049058913637, 19.321364480185441 ], [ -99.134818633992396, 19.321358656289952 ], [ -99.134333833195768, 19.321346402655635 ], [ -99.133901142596713, 19.321340025411988 ], [ -99.133543691118078, 19.32132858359164 ], [ -99.133229488366325, 19.321317967168969 ], [ -99.132612060245478, 19.320508302624368 ], [ -99.132687632747064, 19.320370567533185 ], [ -99.132709997964426, 19.320182178555662 ], [ -99.13288883119624, 19.319057750574935 ], [ -99.133110197797123, 19.31766617633782 ], [ -99.133148987162144, 19.317284446511 ], [ -99.133495705639731, 19.316698141912564 ], [ -99.132938915769458, 19.316526752114378 ], [ -99.13224854260875, 19.316314238183661 ], [ -99.131841997251797, 19.316202583590652 ], [ -99.13194512201305, 19.315920212860821 ], [ -99.132672601180417, 19.313885417636598 ], [ -99.132833991046382, 19.313336206906712 ], [ -99.132964079993187, 19.312914351738364 ], [ -99.133295445143972, 19.31300694413078 ], [ -99.133457789130574, 19.312492205593596 ], [ -99.133234902453481, 19.312429140856665 ], [ -99.133469475458369, 19.311735832263381 ], [ -99.133871124412806, 19.310653953175347 ], [ -99.134001830709437, 19.310461723499106 ], [ -99.133991446897298, 19.310635016266776 ], [ -99.133986682605311, 19.310803488512917 ], [ -99.133996839623279, 19.310889496546178 ], [ -99.134026273457039, 19.311033679179189 ], [ -99.134041784941545, 19.311096814618367 ], [ -99.134123203447373, 19.31129391210478 ], [ -99.134223643086614, 19.311466772588805 ], [ -99.13438263515971, 19.311652038937993 ], [ -99.134519410916894, 19.311761455438003 ], [ -99.134726889270553, 19.311873795049131 ], [ -99.134964226954764, 19.311956162687427 ], [ -99.135192118692473, 19.312015851343528 ], [ -99.135323457783457, 19.312046062569912 ], [ -99.135430194205071, 19.312078054136766 ], [ -99.136250491288266, 19.312401977992231 ], [ -99.136304717971385, 19.312431481981776 ], [ -99.136358771025215, 19.312476773600082 ], [ -99.136427933187989, 19.312554754425427 ], [ -99.136496268280567, 19.312657904594033 ], [ -99.136524430271407, 19.312742365701606 ], [ -99.136538539886587, 19.312818492785574 ], [ -99.136545098123335, 19.31288483978296 ], [ -99.136541779523867, 19.312974287295731 ], [ -99.136527412227736, 19.313042180214136 ], [ -99.136498266382915, 19.313134082834303 ], [ -99.136265095585131, 19.31379910350708 ], [ -99.136260824943932, 19.313931805092608 ], [ -99.136390516889534, 19.314155580302092 ], [ -99.136516095949375, 19.31440049762007 ], [ -99.136760411062198, 19.315045506393577 ], [ -99.136827014900916, 19.31521897657413 ], [ -99.137261897080947, 19.316034114935995 ], [ -99.137498549425075, 19.316415844390928 ], [ -99.137721248334032, 19.316681799588661 ], [ -99.137866039427109, 19.317419037663996 ], [ -99.137983473033827, 19.31765326623573 ], [ -99.138287568890433, 19.31827669577461 ], [ -99.138527289253318, 19.31875707245592 ], [ -99.13839195033944, 19.319155549478104 ], [ -99.138182479905893, 19.319665328697354 ], [ -99.138042898394943, 19.320112892732187 ], [ -99.137974075296711, 19.320331806665124 ], [ -99.137909296088907, 19.32053786211543 ], [ -99.137787623103534, 19.320934238997499 ], [ -99.137735051312745, 19.321215425716883 ] ] ] ] } },
{ "type": "Feature", "properties": { "CVEGEO": "0900300010062", "CVE_ENT": "09", "CVE_MUN": "003", "CVE_LOC": "0001", "CVE_ASEN": "0062", "CP": "04980", "FECHA_ACT": "11/2022", "INSTITUCIO": "SECRETARÍA DE DESARROLLO URBANO Y VIVIENDA", "NOM_ASEN": "EX-HACIENDA COAPA", "TIPO": "COLONIA", "Shape_Leng": 3188.18031488, "Shape_Area": 462918.073776, "TURISTICO": "TDR P" }, "geometry": { "type": "MultiPolygon", "coordinates": [ [ [ [ -99.133991446897298, 19.310635016266776 ], [ -99.134001830709437, 19.310461723499106 ], [ -99.134004924134103, 19.310284218763272 ], [ -99.134240251243298, 19.310129256269505 ], [ -99.134426408206537, 19.309854397914894 ], [ -99.134471761706095, 19.309763753073849 ], [ -99.134799872799434, 19.308938449872226 ], [ -99.134820636321606, 19.308863491868767 ], [ -99.134846415464239, 19.308755900185712 ], [ -99.134715550845399, 19.308438386720411 ], [ -99.1346915775799, 19.308365396145277 ], [ -99.134724720604652, 19.308293980180007 ], [ -99.135626005519811, 19.308225602561599 ], [ -99.137487792907535, 19.308058870183078 ], [ -99.137543030439559, 19.308057836714816 ], [ -99.13765844296114, 19.308098723665246 ], [ -99.138393278185262, 19.308371217947389 ], [ -99.138466635635439, 19.308394393127664 ], [ -99.138559904547819, 19.308443623310669 ], [ -99.139078840365698, 19.308786301199937 ], [ -99.141456426250912, 19.3097399917236 ], [ -99.141113340645987, 19.310670705747984 ], [ -99.140464426011278, 19.312652868549911 ], [ -99.139719491049348, 19.314932685578949 ], [ -99.139211015911116, 19.316439288429486 ], [ -99.139158779781454, 19.316590363188933 ], [ -99.138985142593356, 19.317315119232184 ], [ -99.138805006712786, 19.31793939057135 ], [ -99.138654712135903, 19.318381907413841 ], [ -99.138527289253318, 19.31875707245592 ], [ -99.138287568890433, 19.31827669577461 ], [ -99.137983473033827, 19.31765326623573 ], [ -99.137866039427109, 19.317419037663996 ], [ -99.137721248334032, 19.316681799588661 ], [ -99.137498549425075, 19.316415844390928 ], [ -99.137261897080947, 19.316034114935995 ], [ -99.136827014900916, 19.31521897657413 ], [ -99.136760411062198, 19.315045506393577 ], [ -99.136516095949375, 19.31440049762007 ], [ -99.136390516889534, 19.314155580302092 ], [ -99.136260824943932, 19.313931805092608 ], [ -99.136265095585131, 19.31379910350708 ], [ -99.136498266382915, 19.313134082834303 ], [ -99.136527412227736, 19.313042180214136 ], [ -99.136541779523867, 19.312974287295731 ], [ -99.136545098123335, 19.31288483978296 ], [ -99.136538539886587, 19.312818492785574 ], [ -99.136524430271407, 19.312742365701606 ], [ -99.136496268280567, 19.312657904594033 ], [ -99.136427933187989, 19.312554754425427 ], [ -99.136358771025215, 19.312476773600082 ], [ -99.136304717971385, 19.312431481981776 ], [ -99.136250491288266, 19.312401977992231 ], [ -99.135430194205071, 19.312078054136766 ], [ -99.135323457783457, 19.312046062569912 ], [ -99.135192118692473, 19.312015851343528 ], [ -99.134964226954764, 19.311956162687427 ], [ -99.134726889270553, 19.311873795049131 ], [ -99.134519410916894, 19.311761455438003 ], [ -99.13438263515971, 19.311652038937993 ], [ -99.134223643086614, 19.311466772588805 ], [ -99.134123203447373, 19.31129391210478 ], [ -99.134041784941545, 19.311096814618367 ], [ -99.134026273457039, 19.311033679179189 ], [ -99.133996839623279, 19.310889496546178 ], [ -99.133986682605311, 19.310803488512917 ], [ -99.133991446897298, 19.310635016266776 ] ] ] ] } },
{ "type": "Feature", "properties": { "CVEGEO": "0900300010087", "CVE_ENT": "09", "CVE_MUN": "003", "CVE_LOC": "0001", "CVE_ASEN": "0087", "CP": "04040", "FECHA_ACT": "11/2022", "INSTITUCIO": "SECRETARÍA DE DESARROLLO URBANO Y VIVIENDA", "NOM_ASEN": "PARQUE SAN ANDRÉS", "TIPO": "COLONIA", "Shape_Leng": 3680.0828577900002, "Shape_Area": 558355.30924800003, "TURISTICO": "TDR P" }, "geometry": { "type": "MultiPolygon", "coordinates": [ [ [ [ -99.145483879068493, 19.349008125008559 ], [ -99.145473071131732, 19.348937648804032 ], [ -99.145346356899651, 19.34835758080143 ], [ -99.14513678679296, 19.34754660370638 ], [ -99.145033227271739, 19.347150271078348 ], [ -99.144861405164988, 19.346475033425097 ], [ -99.14479006072078, 19.346174834721122 ], [ -99.144703804604944, 19.345887161085443 ], [ -99.144651581869923, 19.34565501506119 ], [ -99.144551700613832, 19.345219538217208 ], [ -99.144415893441348, 19.344467985451935 ], [ -99.144147989100375, 19.343344613946595 ], [ -99.144085140209754, 19.343144761985009 ], [ -99.143966280373292, 19.342761219876721 ], [ -99.143894961635553, 19.342509389926413 ], [ -99.143738774069604, 19.341957863978536 ], [ -99.143731156017495, 19.341930961089666 ], [ -99.14418391205696, 19.34199384828602 ], [ -99.144602729271824, 19.342056482273719 ], [ -99.145669645700337, 19.342210949494664 ], [ -99.146062561574823, 19.342268362034407 ], [ -99.146262370604575, 19.342298686990606 ], [ -99.14664865380098, 19.342352402689471 ], [ -99.147137685301686, 19.342423347221185 ], [ -99.14757517031768, 19.342485546228826 ], [ -99.148727181669898, 19.342653238196885 ], [ -99.148877207604514, 19.342651446731448 ], [ -99.149607371708854, 19.342740568786034 ], [ -99.150092959734152, 19.342809425410543 ], [ -99.150238575789686, 19.342829786835289 ], [ -99.150865277127537, 19.342923192288659 ], [ -99.151550631901387, 19.343014607629691 ], [ -99.152575227666333, 19.343155180216034 ], [ -99.153778066006396, 19.34332999650886 ], [ -99.15440799240065, 19.343406786676844 ], [ -99.154978523899359, 19.343480275627599 ], [ -99.155480002210368, 19.343538299953494 ], [ -99.156277307756383, 19.343669719096617 ], [ -99.155625510185317, 19.34384155585121 ], [ -99.154885679237367, 19.344086694365973 ], [ -99.15480956401916, 19.344071285248489 ], [ -99.154431438717452, 19.344167795744191 ], [ -99.154340603308853, 19.344161817058797 ], [ -99.153230886721431, 19.344466313616866 ], [ -99.15173121108127, 19.344886897610461 ], [ -99.151058360690499, 19.345145971537885 ], [ -99.151189641611836, 19.346258053557779 ], [ -99.151207818291127, 19.34656340974373 ], [ -99.151190680588982, 19.3468292610034 ], [ -99.151138762443878, 19.347036290218437 ], [ -99.151064994321644, 19.347220097232139 ], [ -99.151056075790294, 19.347284251391169 ], [ -99.151046410463863, 19.347353800898961 ], [ -99.15076041133014, 19.34862244352011 ], [ -99.150650773208127, 19.34884819730112 ], [ -99.150439426135861, 19.348932579773997 ], [ -99.149656701731445, 19.349134558043406 ], [ -99.148090618400786, 19.349536196455627 ], [ -99.147560113305644, 19.349422970498406 ], [ -99.147506237114129, 19.349412366698701 ], [ -99.146928865804071, 19.349298732066085 ], [ -99.145483879068493, 19.349008125008559 ] ] ] ] } },
{ "type": "Feature", "properties": { "CVEGEO": "0900300010095", "CVE_ENT": "09", "CVE_MUN": "003", "CVE_LOC": "0001", "CVE_ASEN": "0095", "CP": "04810", "FECHA_ACT": "11/2022", "INSTITUCIO": "SECRETARÍA DE DESARROLLO URBANO Y VIVIENDA", "NOM_ASEN": "PRADOS DE COYOACÁN", "TIPO": "COLONIA", "Shape_Leng": 3523.3824255200002, "Shape_Area": 273223.87393599999, "TURISTICO": "TDR P" }, "geometry": { "type": "MultiPolygon", "coordinates": [ [ [ [ -99.129670712651574, 19.314257603949248 ], [ -99.129882497103395, 19.314407337085981 ], [ -99.130158145953871, 19.314602222333768 ], [ -99.130531843448367, 19.314887103266642 ], [ -99.130950103745604, 19.315192855767101 ], [ -99.131563344579362, 19.315641134641186 ], [ -99.13194512201305, 19.315920212860821 ], [ -99.131841997251797, 19.316202583590652 ], [ -99.13224854260875, 19.316314238183661 ], [ -99.132938915769458, 19.316526752114378 ], [ -99.133495705639731, 19.316698141912564 ], [ -99.133148987162144, 19.317284446511 ], [ -99.133110197797123, 19.31766617633782 ], [ -99.13288883119624, 19.319057750574935 ], [ -99.132709997964426, 19.320182178555662 ], [ -99.132687632747064, 19.320370567533185 ], [ -99.132612060245478, 19.320508302624368 ], [ -99.133229488366325, 19.321317967168969 ], [ -99.133543691118078, 19.32132858359164 ], [ -99.133901142596713, 19.321340025411988 ], [ -99.134333833195768, 19.321346402655635 ], [ -99.134818633992396, 19.321358656289952 ], [ -99.135049058913637, 19.321364480185441 ], [ -99.13532173870864, 19.321371369663492 ], [ -99.135815187883694, 19.321383840287826 ], [ -99.137559567050616, 19.321301207559703 ], [ -99.137623836272553, 19.321297934931273 ], [ -99.13772901379933, 19.321292951172808 ], [ -99.13771727069539, 19.321443744398941 ], [ -99.1377020938219, 19.321736153979501 ], [ -99.13769640668859, 19.321998109015237 ], [ -99.137722373462353, 19.322293148619419 ], [ -99.137745429539478, 19.322431292954512 ], [ -99.137785066891439, 19.322587376516918 ], [ -99.137976588842164, 19.323186217048637 ], [ -99.137083307707996, 19.323235168570324 ], [ -99.13706857000534, 19.322934870439212 ], [ -99.136047164307072, 19.322990633015909 ], [ -99.13558527047114, 19.323028521628505 ], [ -99.135074997022784, 19.323078962839926 ], [ -99.134485213131526, 19.32313192065061 ], [ -99.134429841577813, 19.323062580906857 ], [ -99.13306152504731, 19.321311961462072 ], [ -99.132527614108511, 19.320609662445232 ], [ -99.13185101220526, 19.319729765604361 ], [ -99.131380347540698, 19.319117675457736 ], [ -99.131261029953649, 19.319002041361053 ], [ -99.131028921262697, 19.318853849815309 ], [ -99.130498492260756, 19.318599764696575 ], [ -99.130397495632124, 19.318553455631179 ], [ -99.129913324443862, 19.318307282047751 ], [ -99.129572093003333, 19.318138387785414 ], [ -99.129460088583087, 19.318082951341463 ], [ -99.129214570860157, 19.317961430787168 ], [ -99.129032989795206, 19.317871552859035 ], [ -99.128878128210431, 19.317798700324015 ], [ -99.128558621829015, 19.317642820252622 ], [ -99.128125397582949, 19.317422327249986 ], [ -99.128056185647139, 19.317388070109544 ], [ -99.127681098627079, 19.317202526700751 ], [ -99.128570915389005, 19.315844738902545 ], [ -99.128976880564863, 19.31524542966697 ], [ -99.129392605221781, 19.314650748669546 ], [ -99.129670712651574, 19.314257603949248 ] ] ] ] } },
{ "type": "Feature", "properties": { "CVEGEO": "0900300010097", "CVE_ENT": "09", "CVE_MUN": "003", "CVE_LOC": "0001", "CVE_ASEN": "0097", "CP": "04330", "FECHA_ACT": "11/2022", "INSTITUCIO": "SECRETARÍA DE DESARROLLO URBANO Y VIVIENDA", "NOM_ASEN": "DE LOS REYES", "TIPO": "PUEBLO", "Shape_Leng": 4493.3415401100001, "Shape_Area": 901528.169566, "TURISTICO": "TDR P" }, "geometry": { "type": "MultiPolygon", "coordinates": [ [ [ [ -99.150162528601783, 19.337294169645755 ], [ -99.15023019934273, 19.337104230150022 ], [ -99.150568741700724, 19.335971102144821 ], [ -99.150800007784781, 19.335342892179774 ], [ -99.150824333004124, 19.335280680399471 ], [ -99.151133089793404, 19.33452177534236 ], [ -99.151331218757093, 19.334050697911238 ], [ -99.151375096707397, 19.333937718885007 ], [ -99.15133997567618, 19.333812683385716 ], [ -99.151584385647496, 19.333302349983178 ], [ -99.15171221751983, 19.333179165760839 ], [ -99.152179795769783, 19.332838548834399 ], [ -99.152459894865075, 19.332615069329378 ], [ -99.152635037421874, 19.332377377134854 ], [ -99.152739222244264, 19.332213411172226 ], [ -99.152853996964865, 19.331952468905275 ], [ -99.152894747101456, 19.331847014729703 ], [ -99.152963309928964, 19.331691876744017 ], [ -99.153421507621545, 19.330781198081915 ], [ -99.153671305022087, 19.330397667969585 ], [ -99.153863971264855, 19.330124982476313 ], [ -99.154344471851331, 19.329614084440639 ], [ -99.154662859873383, 19.329277278165446 ], [ -99.154867798895154, 19.329025240633264 ], [ -99.155047905107821, 19.328836157339527 ], [ -99.155299444370328, 19.328536508952151 ], [ -99.155480229959309, 19.328321156270032 ], [ -99.155615934212705, 19.328159484354824 ], [ -99.156515073104671, 19.328850391714074 ], [ -99.157165685268907, 19.329373393752423 ], [ -99.157877775844923, 19.329919027687026 ], [ -99.15860301434995, 19.330394836583487 ], [ -99.158637671612055, 19.330452096918744 ], [ -99.158348460251403, 19.330900004758494 ], [ -99.158333000801065, 19.33092719002963 ], [ -99.158317354983382, 19.330954157958509 ], [ -99.158066014747192, 19.331346064333637 ], [ -99.15804723612834, 19.331406958719789 ], [ -99.158029309128679, 19.331463818932974 ], [ -99.15732734527748, 19.332424877074015 ], [ -99.156763184357857, 19.333302165995931 ], [ -99.156613661944718, 19.333520174047937 ], [ -99.156547110353557, 19.333636212487185 ], [ -99.156493121067953, 19.333698006186001 ], [ -99.156494986991561, 19.333787620682401 ], [ -99.156477813114279, 19.333891453926988 ], [ -99.156343548867824, 19.335021097592858 ], [ -99.157912609702478, 19.33511277398545 ], [ -99.159263089244064, 19.335190260858226 ], [ -99.158641708668881, 19.336648171170502 ], [ -99.15847182867023, 19.337114779864788 ], [ -99.158333449832242, 19.337437780505237 ], [ -99.158188168949664, 19.337462949778363 ], [ -99.158016228917916, 19.338115520271181 ], [ -99.158182349211586, 19.338161169998827 ], [ -99.158308508738827, 19.338470920203314 ], [ -99.158408650237007, 19.338475110797134 ], [ -99.158312179580818, 19.338649260977387 ], [ -99.158191288865666, 19.33882408075501 ], [ -99.158163378577711, 19.338923541165119 ], [ -99.15814288867827, 19.339082450342772 ], [ -99.158131739371797, 19.339138971042782 ], [ -99.15810990945765, 19.339270710331228 ], [ -99.158131248611184, 19.33948517974445 ], [ -99.158191820411915, 19.339741690562409 ], [ -99.158249519667635, 19.339936179682752 ], [ -99.158202849467628, 19.340174950748043 ], [ -99.157780030454035, 19.341765890367761 ], [ -99.157739820372157, 19.341879260168781 ], [ -99.157370720002177, 19.342783740844084 ], [ -99.156799555881236, 19.343330981322726 ], [ -99.156277307756383, 19.343669719096617 ], [ -99.155856328146072, 19.34325540880068 ], [ -99.155541966306899, 19.342966913080311 ], [ -99.154856426426235, 19.342300148516493 ], [ -99.154788490880279, 19.342230855698059 ], [ -99.154349989145999, 19.34177747884997 ], [ -99.154255816623163, 19.341678337743847 ], [ -99.152987213616186, 19.340449517929329 ], [ -99.152798836456384, 19.340246204770519 ], [ -99.152199595683015, 19.33965829339272 ], [ -99.151011054887988, 19.338517405960062 ], [ -99.150750325292975, 19.338167242097771 ], [ -99.150241119277325, 19.337448194516782 ], [ -99.150162528601783, 19.337294169645755 ] ] ] ] } },
{ "type": "Feature", "properties": { "CVEGEO": "0900300010098", "CVE_ENT": "09", "CVE_MUN": "003", "CVE_LOC": "0001", "CVE_ASEN": "0098", "CP": "04620", "FECHA_ACT": "11/2022", "INSTITUCIO": "SECRETARÍA DE DESARROLLO URBANO Y VIVIENDA", "NOM_ASEN": "SAN PABLO TEPETLAPA", "TIPO": "PUEBLO", "Shape_Leng": 3261.4206983300001, "Shape_Area": 517314.04636799998, "TURISTICO": "TDR P" }, "geometry": { "type": "MultiPolygon", "coordinates": [ [ [ [ -99.138805006712786, 19.31793939057135 ], [ -99.139546978099148, 19.318140974919192 ], [ -99.139998171121874, 19.318267510984001 ], [ -99.140193982756855, 19.318322197669296 ], [ -99.140291312736096, 19.318349377794782 ], [ -99.140554690207779, 19.318420539823563 ], [ -99.140798603668429, 19.318484709570605 ], [ -99.141018871666176, 19.318544665740106 ], [ -99.141049963637187, 19.318552787317177 ], [ -99.141244418930185, 19.318605564151678 ], [ -99.141467703290246, 19.31866533573956 ], [ -99.141642144497595, 19.3187112258904 ], [ -99.141868724910466, 19.318769399332215 ], [ -99.142097197257456, 19.3188303862505 ], [ -99.14238881059444, 19.318909333333 ], [ -99.142629765741248, 19.318975839818158 ], [ -99.142408405793134, 19.319725260899425 ], [ -99.142379026186063, 19.319960644992932 ], [ -99.142597691168191, 19.320019635321419 ], [ -99.142833422014448, 19.320083230246119 ], [ -99.142976061396922, 19.320121709105202 ], [ -99.142806881659325, 19.320619198715416 ], [ -99.142806408603718, 19.320703220972121 ], [ -99.14282933836401, 19.320803413557623 ], [ -99.142910922012049, 19.320890107830849 ], [ -99.142952557976415, 19.32090528563791 ], [ -99.143104529832044, 19.320956535357787 ], [ -99.143401169836011, 19.320878589063607 ], [ -99.143596628925167, 19.320850699550842 ], [ -99.143743549158998, 19.320851138260757 ], [ -99.144002667153558, 19.320974787917695 ], [ -99.144423704009498, 19.320988304067825 ], [ -99.144709418522282, 19.320997476184761 ], [ -99.1450590856671, 19.321147433748273 ], [ -99.145464059071415, 19.321229095552884 ], [ -99.145245589203725, 19.322060104040574 ], [ -99.145263652399706, 19.322205038866795 ], [ -99.145248555260977, 19.322420591815376 ], [ -99.145269970593418, 19.322695419971865 ], [ -99.145280678141361, 19.322945262828917 ], [ -99.145234278717922, 19.323102307930569 ], [ -99.14530566228629, 19.323262920003497 ], [ -99.14536277088726, 19.323444950172977 ], [ -99.145391323018089, 19.323573440593986 ], [ -99.145397962298347, 19.32368940810121 ], [ -99.145757093263157, 19.323797961487227 ], [ -99.145429797520151, 19.324875004437306 ], [ -99.145264700912037, 19.324889371771729 ], [ -99.145077700593035, 19.324903966457406 ], [ -99.144878514673863, 19.324855445077141 ], [ -99.144561181977309, 19.324691408507356 ], [ -99.144392942342847, 19.324597718110141 ], [ -99.144323075725836, 19.324539800003055 ], [ -99.144282354269066, 19.324473687388377 ], [ -99.144096476008372, 19.324402333304047 ], [ -99.143900515747845, 19.324402921292048 ], [ -99.143594483827613, 19.324556852793187 ], [ -99.143346299050663, 19.324577669257277 ], [ -99.14303175664466, 19.325574853884905 ], [ -99.142838939184372, 19.32596168951191 ], [ -99.142559055662176, 19.326398954243174 ], [ -99.142285405153473, 19.326842117426228 ], [ -99.142111258895739, 19.327119836797891 ], [ -99.14196837024565, 19.327230370075402 ], [ -99.141490113790226, 19.327536816660754 ], [ -99.140386129276223, 19.326165417769545 ], [ -99.140306463533221, 19.326050685744796 ], [ -99.140103253406721, 19.325770826452661 ], [ -99.139873563295538, 19.325396222360869 ], [ -99.139670205600368, 19.325054972948948 ], [ -99.13962639980835, 19.324872104763866 ], [ -99.139296892808005, 19.324674714709307 ], [ -99.138568551171616, 19.323807845977019 ], [ -99.13813335116599, 19.323727330704912 ], [ -99.137976588842164, 19.323186217048637 ], [ -99.137785066891439, 19.322587376516918 ], [ -99.137745429539478, 19.322431292954512 ], [ -99.137722373462353, 19.322293148619419 ], [ -99.13769640668859, 19.321998109015237 ], [ -99.1377020938219, 19.321736153979501 ], [ -99.13771727069539, 19.321443744398941 ], [ -99.13772901379933, 19.321292951172808 ], [ -99.137735051312745, 19.321215425716883 ], [ -99.137787623103534, 19.320934238997499 ], [ -99.137909296088907, 19.32053786211543 ], [ -99.137974075296711, 19.320331806665124 ], [ -99.138042898394943, 19.320112892732187 ], [ -99.138182479905893, 19.319665328697354 ], [ -99.13839195033944, 19.319155549478104 ], [ -99.138527289253318, 19.31875707245592 ], [ -99.138654712135903, 19.318381907413841 ], [ -99.138805006712786, 19.31793939057135 ] ] ] ] } },
{ "type": "Feature", "properties": { "CVEGEO": "0900300010099", "CVE_ENT": "09", "CVE_MUN": "003", "CVE_LOC": "0001", "CVE_ASEN": "0099", "CP": "04650", "FECHA_ACT": "11/2022", "INSTITUCIO": "SECRETARÍA DE DESARROLLO URBANO Y VIVIENDA", "NOM_ASEN": "DE SANTA ÚRSULA COAPA", "TIPO": "PUEBLO", "Shape_Leng": 6860.8839195600003, "Shape_Area": 1191883.5898, "TURISTICO": "TDR P" }, "geometry": { "type": "MultiPolygon", "coordinates": [ [ [ [ -99.139719491049348, 19.314932685578949 ], [ -99.140464426011278, 19.312652868549911 ], [ -99.141113340645987, 19.310670705747984 ], [ -99.141456426250912, 19.3097399917236 ], [ -99.141916451944027, 19.308454948020088 ], [ -99.142262405366736, 19.308187279699048 ], [ -99.142935126014294, 19.307251842030194 ], [ -99.144486174051607, 19.305178345143151 ], [ -99.145178111608502, 19.304256706895799 ], [ -99.145979578959128, 19.303190708618757 ], [ -99.146264707425971, 19.302811469998435 ], [ -99.146542326677931, 19.302448041179282 ], [ -99.146976379080527, 19.301898815941247 ], [ -99.147214097712748, 19.301580569576849 ], [ -99.147410079616904, 19.301286417661331 ], [ -99.147418061153672, 19.301277540485945 ], [ -99.147424681525209, 19.301270183330168 ], [ -99.147642107106208, 19.301028554267315 ], [ -99.147856678357343, 19.300829166557772 ], [ -99.148185723537594, 19.300570817787865 ], [ -99.148786596091483, 19.30009264724584 ], [ -99.149609890859153, 19.299452935686706 ], [ -99.150094318962857, 19.299086753639319 ], [ -99.150439729300402, 19.299504892960563 ], [ -99.150900749792527, 19.300114219630025 ], [ -99.151576846642698, 19.30089904681677 ], [ -99.151700430706597, 19.30100647786379 ], [ -99.151819663764513, 19.30108123059324 ], [ -99.15199444988113, 19.30115213629113 ], [ -99.152241432131959, 19.301202298991178 ], [ -99.153346291677906, 19.301273764676218 ], [ -99.154461834914486, 19.301341373490828 ], [ -99.154912543133847, 19.301377176393654 ], [ -99.155055997675561, 19.301416503117434 ], [ -99.155294568139922, 19.301468781992533 ], [ -99.155370011515572, 19.30147885212196 ], [ -99.155778002868331, 19.301490895743854 ], [ -99.156260675733449, 19.30152884047213 ], [ -99.156396000262717, 19.301547333084674 ], [ -99.156737929981631, 19.301608938159479 ], [ -99.15696854214201, 19.301682445612634 ], [ -99.157185167252806, 19.301769816632099 ], [ -99.157414618652382, 19.301876914331114 ], [ -99.157577347315794, 19.301963225113568 ], [ -99.157742690433963, 19.302080004770218 ], [ -99.158068945271353, 19.302394693423611 ], [ -99.159024411230959, 19.3033306993228 ], [ -99.159168474887082, 19.303416175375187 ], [ -99.159471926984622, 19.303700376805288 ], [ -99.158978311329776, 19.303840885293116 ], [ -99.156457693879446, 19.304648992640562 ], [ -99.155151661303833, 19.305071311180054 ], [ -99.154964381505806, 19.305139646599237 ], [ -99.15482568815419, 19.30518182405887 ], [ -99.154580504019549, 19.305227795818286 ], [ -99.154587643334878, 19.304942261357073 ], [ -99.154288218648574, 19.305009320375724 ], [ -99.154002652680802, 19.305116939567203 ], [ -99.153946399040294, 19.305157018198106 ], [ -99.15376229800502, 19.305289731253808 ], [ -99.153671892761039, 19.305341152453931 ], [ -99.153240633022378, 19.305507764264508 ], [ -99.153101270301065, 19.305548090074403 ], [ -99.152797971198552, 19.305644704916897 ], [ -99.152673508836486, 19.305686309703688 ], [ -99.152390266033223, 19.305738981106753 ], [ -99.152084719427947, 19.305773826963755 ], [ -99.151854363060565, 19.305718261093297 ], [ -99.151674958645387, 19.305648646894852 ], [ -99.151449546861613, 19.305533651980621 ], [ -99.15096218074018, 19.305269879009725 ], [ -99.150513256856286, 19.305015416478817 ], [ -99.149869319235037, 19.304648198893918 ], [ -99.149703550727565, 19.304586821167575 ], [ -99.149542289981653, 19.304573694338028 ], [ -99.149313128435068, 19.304577156860056 ], [ -99.149127249813816, 19.304562919831927 ], [ -99.149036914397129, 19.304554659370442 ], [ -99.148839005697155, 19.30451386125748 ], [ -99.148631433396275, 19.305162516269299 ], [ -99.148538742051471, 19.305451633692105 ], [ -99.148464355370194, 19.305681911186568 ], [ -99.14848866213714, 19.305850028994502 ], [ -99.148505774964292, 19.305952777491498 ], [ -99.148525692361716, 19.30608305699689 ], [ -99.148367153959128, 19.30645077344245 ], [ -99.148372394126255, 19.306809174548256 ], [ -99.148395614999984, 19.3068606476822 ], [ -99.14838526129418, 19.306995664430019 ], [ -99.148326779110931, 19.307207131941741 ], [ -99.148326640378031, 19.307354635029562 ], [ -99.148344598875298, 19.30742676216099 ], [ -99.14843292268111, 19.30753065507 ], [ -99.148583276536542, 19.30760928195177 ], [ -99.14843067918369, 19.308183630714883 ], [ -99.148286934749464, 19.308763681102011 ], [ -99.148193967091231, 19.308844095654255 ], [ -99.148056599440821, 19.308830627398056 ], [ -99.147865447444133, 19.308840248279196 ], [ -99.147705066323908, 19.308777976828498 ], [ -99.147668972415829, 19.308685184061261 ], [ -99.147577583266795, 19.308619272777431 ], [ -99.147297498194732, 19.308661947276306 ], [ -99.147147937122227, 19.308695486336731 ], [ -99.147091176890925, 19.308760709888801 ], [ -99.147007479085303, 19.308946273361979 ], [ -99.146985022233366, 19.309264030188178 ], [ -99.146592254067826, 19.309224180906384 ], [ -99.145963770408116, 19.30922468790644 ], [ -99.145345776738637, 19.309221283368839 ], [ -99.145300203228217, 19.310418674458976 ], [ -99.145918080281703, 19.310593154441992 ], [ -99.14562668827304, 19.311453177075087 ], [ -99.145570534757624, 19.311489463892492 ], [ -99.145503748686721, 19.311661304587261 ], [ -99.145233082349606, 19.312495799461111 ], [ -99.145033201049344, 19.313105112318869 ], [ -99.145593919660229, 19.313244716358525 ], [ -99.145487795821964, 19.313544494571786 ], [ -99.145393797075215, 19.31383948145502 ], [ -99.145093307082377, 19.314667882182036 ], [ -99.144981917061415, 19.315079595540386 ], [ -99.144978671356853, 19.315139797739697 ], [ -99.144989941990488, 19.315356635569305 ], [ -99.144679876084396, 19.315293117749821 ], [ -99.144309991734502, 19.316494650134043 ], [ -99.143903132075891, 19.316348107716863 ], [ -99.14371560973288, 19.316286783535826 ], [ -99.143473685567074, 19.316210716039471 ], [ -99.143258716749642, 19.316135772277104 ], [ -99.1430046773432, 19.316046824347815 ], [ -99.142780719176031, 19.315963399405419 ], [ -99.142567499421745, 19.315889643896895 ], [ -99.142332822620077, 19.315808467351406 ], [ -99.142112548218805, 19.315732270883679 ], [ -99.141709744881197, 19.315592935553656 ], [ -99.141316733848868, 19.315456986533935 ], [ -99.14091463330999, 19.315317890727833 ], [ -99.140546507071747, 19.315190547250708 ], [ -99.140060541801844, 19.315020874551298 ], [ -99.139719491049348, 19.314932685578949 ] ] ] ] } },
{ "type": "Feature", "properties": { "CVEGEO": "0900300010100", "CVE_ENT": "09", "CVE_MUN": "003", "CVE_LOC": "0001", "CVE_ASEN": "0100", "CP": "04380", "FECHA_ACT": "11/2022", "INSTITUCIO": "SECRETARÍA DE DESARROLLO URBANO Y VIVIENDA", "NOM_ASEN": "EL ROSARIO", "TIPO": "COLONIA", "Shape_Leng": 1504.1387226, "Shape_Area": 120661.17909600001, "TURISTICO": "TDR P" }, "geometry": { "type": "MultiPolygon", "coordinates": [ [ [ [ -99.143777643884135, 19.33044378374036 ], [ -99.142332071834488, 19.328573130132199 ], [ -99.141490113790226, 19.327536816660754 ], [ -99.14196837024565, 19.327230370075402 ], [ -99.142111258895739, 19.327119836797891 ], [ -99.142285405153473, 19.326842117426228 ], [ -99.142559055662176, 19.326398954243174 ], [ -99.142838939184372, 19.32596168951191 ], [ -99.14303175664466, 19.325574853884905 ], [ -99.143390576887654, 19.325794249799259 ], [ -99.143460333377988, 19.32583805141514 ], [ -99.143563849921435, 19.325903054888364 ], [ -99.14386364208967, 19.326091303291818 ], [ -99.144634212539358, 19.326595415521762 ], [ -99.144899942366976, 19.326866923927163 ], [ -99.144993179249312, 19.326996943752174 ], [ -99.145078063753473, 19.327163965892517 ], [ -99.145134478637118, 19.327288114208759 ], [ -99.144883515797588, 19.328728242591939 ], [ -99.144608563296899, 19.330023759718213 ], [ -99.144533088857528, 19.330412511262452 ], [ -99.144349618213411, 19.331145646932931 ], [ -99.143952251212752, 19.330663849625829 ], [ -99.143777643884135, 19.33044378374036 ] ] ] ] } },
{ "type": "Feature", "properties": { "CVEGEO": "0900300010101", "CVE_ENT": "09", "CVE_MUN": "003", "CVE_LOC": "0001", "CVE_ASEN": "0101", "CP": "04640", "FECHA_ACT": "11/2022", "INSTITUCIO": "SECRETARÍA DE DESARROLLO URBANO Y VIVIENDA", "NOM_ASEN": "EL RELOJ", "TIPO": "COLONIA", "Shape_Leng": 2717.6221023200001, "Shape_Area": 309545.24973699998, "TURISTICO": "TDR P" }, "geometry": { "type": "MultiPolygon", "coordinates": [ [ [ [ -99.138805006712786, 19.31793939057135 ], [ -99.138985142593356, 19.317315119232184 ], [ -99.139158779781454, 19.316590363188933 ], [ -99.139211015911116, 19.316439288429486 ], [ -99.139719491049348, 19.314932685578949 ], [ -99.140060541801844, 19.315020874551298 ], [ -99.140546507071747, 19.315190547250708 ], [ -99.14091463330999, 19.315317890727833 ], [ -99.141316733848868, 19.315456986533935 ], [ -99.141709744881197, 19.315592935553656 ], [ -99.142112548218805, 19.315732270883679 ], [ -99.142332822620077, 19.315808467351406 ], [ -99.142567499421745, 19.315889643896895 ], [ -99.142780719176031, 19.315963399405419 ], [ -99.1430046773432, 19.316046824347815 ], [ -99.143258716749642, 19.316135772277104 ], [ -99.143473685567074, 19.316210716039471 ], [ -99.14371560973288, 19.316286783535826 ], [ -99.143903132075891, 19.316348107716863 ], [ -99.144309991734502, 19.316494650134043 ], [ -99.144679876084396, 19.315293117749821 ], [ -99.144989941990488, 19.315356635569305 ], [ -99.145066272208837, 19.315449906602417 ], [ -99.145151855131971, 19.31547541722157 ], [ -99.145378374794902, 19.315490052915905 ], [ -99.14542740612255, 19.315576769808217 ], [ -99.14547368315985, 19.315664396886678 ], [ -99.145891237439244, 19.316087807226737 ], [ -99.145919549582231, 19.316133640248079 ], [ -99.145945829181883, 19.316182191125769 ], [ -99.145944062006649, 19.316254741184995 ], [ -99.146009252962457, 19.316471606761084 ], [ -99.146014894269598, 19.316522464155863 ], [ -99.145970397128707, 19.316716292610732 ], [ -99.145811011754802, 19.317410694561971 ], [ -99.145815393012285, 19.317480863770971 ], [ -99.145826936459471, 19.317672561954254 ], [ -99.14582973117129, 19.317709424822251 ], [ -99.145984318603738, 19.317722058854525 ], [ -99.146175141984742, 19.317737686926538 ], [ -99.145836484089429, 19.318604708038627 ], [ -99.14579080791853, 19.318964347701382 ], [ -99.146180371894587, 19.319072376609839 ], [ -99.146114659138064, 19.319383868002312 ], [ -99.145978858208167, 19.319643621294816 ], [ -99.145743239679973, 19.320065094577146 ], [ -99.145647784671397, 19.320240805246442 ], [ -99.145549467139432, 19.320398807849351 ], [ -99.145229273138241, 19.320578675987452 ], [ -99.144928251028205, 19.320758345919494 ], [ -99.144709418522282, 19.320997476184761 ], [ -99.144423704009498, 19.320988304067825 ], [ -99.144002667153558, 19.320974787917695 ], [ -99.143743549158998, 19.320851138260757 ], [ -99.143596628925167, 19.320850699550842 ], [ -99.143401169836011, 19.320878589063607 ], [ -99.143104529832044, 19.320956535357787 ], [ -99.142952557976415, 19.32090528563791 ], [ -99.142910922012049, 19.320890107830849 ], [ -99.14282933836401, 19.320803413557623 ], [ -99.142806408603718, 19.320703220972121 ], [ -99.142806881659325, 19.320619198715416 ], [ -99.142976061396922, 19.320121709105202 ], [ -99.142833422014448, 19.320083230246119 ], [ -99.142597691168191, 19.320019635321419 ], [ -99.142379026186063, 19.319960644992932 ], [ -99.142408405793134, 19.319725260899425 ], [ -99.142629765741248, 19.318975839818158 ], [ -99.14238881059444, 19.318909333333 ], [ -99.142097197257456, 19.3188303862505 ], [ -99.141868724910466, 19.318769399332215 ], [ -99.141642144497595, 19.3187112258904 ], [ -99.141467703290246, 19.31866533573956 ], [ -99.141244418930185, 19.318605564151678 ], [ -99.141049963637187, 19.318552787317177 ], [ -99.141018871666176, 19.318544665740106 ], [ -99.140798603668429, 19.318484709570605 ], [ -99.140554690207779, 19.318420539823563 ], [ -99.140291312736096, 19.318349377794782 ], [ -99.140193982756855, 19.318322197669296 ], [ -99.139998171121874, 19.318267510984001 ], [ -99.139546978099148, 19.318140974919192 ], [ -99.138805006712786, 19.31793939057135 ] ] ] ] } },
{ "type": "Feature", "properties": { "CVEGEO": "0900300010104", "CVE_ENT": "09", "CVE_MUN": "003", "CVE_LOC": "0001", "CVE_ASEN": "0104", "CP": "04330", "FECHA_ACT": "11/2022", "INSTITUCIO": "SECRETARÍA DE DESARROLLO URBANO Y VIVIENDA", "NOM_ASEN": "EL ROSEDAL", "TIPO": "COLONIA", "Shape_Leng": 2874.8641211600002, "Shape_Area": 347771.16466200002, "TURISTICO": "TDR P" }, "geometry": { "type": "MultiPolygon", "coordinates": [ [ [ [ -99.148877207604514, 19.342651446731448 ], [ -99.148594619054919, 19.341712378902134 ], [ -99.148521839089128, 19.341458746249678 ], [ -99.148254358831252, 19.340522214884714 ], [ -99.148068835462539, 19.339922779632293 ], [ -99.147890778648701, 19.339342462725899 ], [ -99.147597730859246, 19.338274557253794 ], [ -99.147535754182599, 19.33805673303657 ], [ -99.147218662292886, 19.336949711375023 ], [ -99.147356545467147, 19.336767757013838 ], [ -99.148103633259012, 19.335690813650888 ], [ -99.148129436366801, 19.335496888318698 ], [ -99.149639279210831, 19.33655355895619 ], [ -99.14971671135639, 19.336627199125683 ], [ -99.149945839571288, 19.336951593232953 ], [ -99.150162528601783, 19.337294169645755 ], [ -99.150241119277325, 19.337448194516782 ], [ -99.150750325292975, 19.338167242097771 ], [ -99.151011054887988, 19.338517405960062 ], [ -99.152199595683015, 19.33965829339272 ], [ -99.152798836456384, 19.340246204770519 ], [ -99.152987213616186, 19.340449517929329 ], [ -99.154255816623163, 19.341678337743847 ], [ -99.154349989145999, 19.34177747884997 ], [ -99.154788490880279, 19.342230855698059 ], [ -99.154856426426235, 19.342300148516493 ], [ -99.155541966306899, 19.342966913080311 ], [ -99.155856328146072, 19.34325540880068 ], [ -99.156277307756383, 19.343669719096617 ], [ -99.155480002210368, 19.343538299953494 ], [ -99.154978523899359, 19.343480275627599 ], [ -99.15440799240065, 19.343406786676844 ], [ -99.153778066006396, 19.34332999650886 ], [ -99.152575227666333, 19.343155180216034 ], [ -99.151550631901387, 19.343014607629691 ], [ -99.150865277127537, 19.342923192288659 ], [ -99.150238575789686, 19.342829786835289 ], [ -99.150092959734152, 19.342809425410543 ], [ -99.149607371708854, 19.342740568786034 ], [ -99.148877207604514, 19.342651446731448 ] ] ] ] } },
{ "type": "Feature", "properties": { "CVEGEO": "0900300010113", "CVE_ENT": "09", "CVE_MUN": "003", "CVE_LOC": "0001", "CVE_ASEN": "0113", "CP": "04980", "FECHA_ACT": "11/2022", "INSTITUCIO": "SECRETARÍA DE DESARROLLO URBANO Y VIVIENDA", "NOM_ASEN": "VIEJO EJIDO DE SANTA ÚRSULA COAPA", "TIPO": "COLONIA", "Shape_Leng": 3690.8816440700002, "Shape_Area": 654088.94637599995, "TURISTICO": "TDR P" }, "geometry": { "type": "MultiPolygon", "coordinates": [ [ [ [ -99.135626005519811, 19.308225602561599 ], [ -99.134724720604652, 19.308293980180007 ], [ -99.134728016470021, 19.308289827698093 ], [ -99.135576031992258, 19.307217062774139 ], [ -99.136108861836377, 19.3066310762411 ], [ -99.136401001085517, 19.306319142415841 ], [ -99.137116616414389, 19.305604678922812 ], [ -99.137719581631558, 19.304920923550942 ], [ -99.137898378725367, 19.304718171593287 ], [ -99.138149769099641, 19.304446521091336 ], [ -99.13826389175442, 19.304327800745313 ], [ -99.138449494198099, 19.304144351251701 ], [ -99.138644567078515, 19.303925417645541 ], [ -99.138699973321451, 19.303861784726177 ], [ -99.138799260794528, 19.303751081612141 ], [ -99.1389479542554, 19.303585290993549 ], [ -99.139029477786281, 19.303496350012107 ], [ -99.1393485379471, 19.303140481527024 ], [ -99.139362750311335, 19.303124630144815 ], [ -99.139372819752538, 19.303113380985014 ], [ -99.139653618636316, 19.302813649672547 ], [ -99.139679680441915, 19.302785850710119 ], [ -99.140127906748717, 19.302280002126437 ], [ -99.140161196996644, 19.302243849322576 ], [ -99.140514243409697, 19.301827893248113 ], [ -99.14067285028807, 19.301655845201857 ], [ -99.140888199324664, 19.301422233783061 ], [ -99.140928356145949, 19.301378676086035 ], [ -99.141255675765834, 19.301022507051439 ], [ -99.141767263856778, 19.300470028090945 ], [ -99.142074487587763, 19.300155509257319 ], [ -99.142364984144422, 19.299858094137672 ], [ -99.142612891813812, 19.299609712103997 ], [ -99.142616231532315, 19.299606358562514 ], [ -99.142630549328231, 19.29961191172913 ], [ -99.143391856483817, 19.299907078816567 ], [ -99.143750318679423, 19.300044538341716 ], [ -99.144096352328233, 19.300176938183636 ], [ -99.144511179190445, 19.300338340471583 ], [ -99.144623459468889, 19.300380480001852 ], [ -99.144698140441008, 19.300409461270764 ], [ -99.145056972148538, 19.300548717790981 ], [ -99.145245213923189, 19.300621281910999 ], [ -99.145646079216561, 19.300733124269758 ], [ -99.145905332867713, 19.300786685969626 ], [ -99.146067520556812, 19.300820193259451 ], [ -99.146101580244704, 19.300827229057575 ], [ -99.146590020113877, 19.300925829964473 ], [ -99.146607290169783, 19.300927950225443 ], [ -99.146930418131916, 19.300967000480973 ], [ -99.147023199256012, 19.300965629946905 ], [ -99.147112450334191, 19.300964312275699 ], [ -99.147127977514501, 19.300964081869999 ], [ -99.147130108861091, 19.300966520453329 ], [ -99.147400395676755, 19.301275343083351 ], [ -99.147410079616904, 19.301286417661331 ], [ -99.147214097712748, 19.301580569576849 ], [ -99.146976379080527, 19.301898815941247 ], [ -99.146542326677931, 19.302448041179282 ], [ -99.146264707425971, 19.302811469998435 ], [ -99.145979578959128, 19.303190708618757 ], [ -99.145178111608502, 19.304256706895799 ], [ -99.144486174051607, 19.305178345143151 ], [ -99.142935126014294, 19.307251842030194 ], [ -99.142262405366736, 19.308187279699048 ], [ -99.141916451944027, 19.308454948020088 ], [ -99.141456426250912, 19.3097399917236 ], [ -99.139078840365698, 19.308786301199937 ], [ -99.138559904547819, 19.308443623310669 ], [ -99.138466635635439, 19.308394393127664 ], [ -99.138393278185262, 19.308371217947389 ], [ -99.13765844296114, 19.308098723665246 ], [ -99.137543030439559, 19.308057836714816 ], [ -99.137487792907535, 19.308058870183078 ], [ -99.135626005519811, 19.308225602561599 ] ] ] ] } },
{ "type": "Feature", "properties": { "CVEGEO": "0900300010114", "CVE_ENT": "09", "CVE_MUN": "003", "CVE_LOC": "0001", "CVE_ASEN": "0114", "CP": "04020", "FECHA_ACT": "11/2022", "INSTITUCIO": "SECRETARÍA DE DESARROLLO URBANO Y VIVIENDA", "NOM_ASEN": "VILLA COYOACÁN", "TIPO": "BARRIO", "Shape_Leng": 2449.0802318599999, "Shape_Area": 314945.62084400002, "TURISTICO": "TDR P" }, "geometry": { "type": "MultiPolygon", "coordinates": [ [ [ [ -99.161843254302781, 19.349683668944543 ], [ -99.161832729128562, 19.349553351247025 ], [ -99.160035083280547, 19.34984713900246 ], [ -99.159070756744242, 19.350019506060729 ], [ -99.159516352185179, 19.347805590720142 ], [ -99.159558811579103, 19.347664499027648 ], [ -99.159747295261639, 19.347169406363701 ], [ -99.159901414848264, 19.34673474795806 ], [ -99.159670953073174, 19.346676834004491 ], [ -99.159699224851806, 19.346576815625202 ], [ -99.159815747616875, 19.346164596171459 ], [ -99.160285447321385, 19.346206066970744 ], [ -99.160533018880628, 19.345264200351746 ], [ -99.160531931811207, 19.345213991133956 ], [ -99.160584083913363, 19.345026051664799 ], [ -99.16081691725654, 19.344232739919821 ], [ -99.161611611838978, 19.344335329498517 ], [ -99.161994179673854, 19.344383352691967 ], [ -99.163603991233529, 19.344575091561719 ], [ -99.164110098264729, 19.344632315095264 ], [ -99.164387797897916, 19.344672497576539 ], [ -99.164629523044567, 19.344708010305144 ], [ -99.165084465002039, 19.344766062553081 ], [ -99.165103953338217, 19.344933106669686 ], [ -99.164968729956541, 19.345669823583378 ], [ -99.16485705605011, 19.3462672606965 ], [ -99.164843037652147, 19.346358881487649 ], [ -99.164743380292279, 19.347095308240043 ], [ -99.164756182801113, 19.347180488108027 ], [ -99.164652107108935, 19.347768128815567 ], [ -99.164485695743366, 19.348506373681921 ], [ -99.164325090953625, 19.34907826258862 ], [ -99.164291579161997, 19.349211463025004 ], [ -99.164167899210028, 19.34973653473623 ], [ -99.163940463227306, 19.350711639673143 ], [ -99.162795978826296, 19.350409612528846 ], [ -99.162815688496153, 19.350341169550415 ], [ -99.16274514064709, 19.350320791151301 ], [ -99.162311571799606, 19.350197371914895 ], [ -99.161796139919645, 19.350050648972392 ], [ -99.161750961611844, 19.350037544289151 ], [ -99.161843254302781, 19.349683668944543 ] ] ] ] } },
{ "type": "Feature", "properties": { "CVEGEO": "0900300010118", "CVE_ENT": "09", "CVE_MUN": "003", "CVE_LOC": "0001", "CVE_ASEN": "0118", "CP": "04610", "FECHA_ACT": "11/2022", "INSTITUCIO": "SECRETARÍA DE DESARROLLO URBANO Y VIVIENDA", "NOM_ASEN": "XOTEPINGO", "TIPO": "COLONIA", "Shape_Leng": 2189.9544376700001, "Shape_Area": 170400.86208200001, "TURISTICO": "TDR P" }, "geometry": { "type": "MultiPolygon", "coordinates": [ [ [ [ -99.141490113790226, 19.327536816660754 ], [ -99.142332071834488, 19.328573130132199 ], [ -99.143777643884135, 19.33044378374036 ], [ -99.143062991792888, 19.33062639719391 ], [ -99.142990720597695, 19.330644271981363 ], [ -99.142468105872368, 19.330773523589901 ], [ -99.14200673372747, 19.330876064540295 ], [ -99.141824016929021, 19.330919716750223 ], [ -99.141473986165039, 19.331003495553539 ], [ -99.141279904199564, 19.331055539872889 ], [ -99.141079710130853, 19.331106190692942 ], [ -99.140471642924638, 19.331258273546954 ], [ -99.139495150679792, 19.328141137127517 ], [ -99.139047225856231, 19.326657758735607 ], [ -99.138905398207186, 19.326175382127044 ], [ -99.138834561851795, 19.325934249698328 ], [ -99.138755621558317, 19.325667727637718 ], [ -99.138455570520676, 19.324707588053215 ], [ -99.13813335116599, 19.323727330704912 ], [ -99.138568551171616, 19.323807845977019 ], [ -99.139296892808005, 19.324674714709307 ], [ -99.13962639980835, 19.324872104763866 ], [ -99.139670205600368, 19.325054972948948 ], [ -99.139873563295538, 19.325396222360869 ], [ -99.140103253406721, 19.325770826452661 ], [ -99.140306463533221, 19.326050685744796 ], [ -99.140386129276223, 19.326165417769545 ], [ -99.141490113790226, 19.327536816660754 ] ] ] ] } },
{ "type": "Feature", "properties": { "CVEGEO": "0900300010126", "CVE_ENT": "09", "CVE_MUN": "003", "CVE_LOC": "0001", "CVE_ASEN": "0126", "CP": "04390", "FECHA_ACT": "11/2022", "INSTITUCIO": "SECRETARÍA DE DESARROLLO URBANO Y VIVIENDA", "NOM_ASEN": "NUEVA DÍAZ ORDAZ", "TIPO": "COLONIA", "Shape_Leng": 1803.69782326, "Shape_Area": 79874.509080599993, "TURISTICO": "TDR P" }, "geometry": { "type": "MultiPolygon", "coordinates": [ [ [ [ -99.143563849921435, 19.325903054888364 ], [ -99.143460333377988, 19.32583805141514 ], [ -99.143390576887654, 19.325794249799259 ], [ -99.14303175664466, 19.325574853884905 ], [ -99.143346299050663, 19.324577669257277 ], [ -99.143594483827613, 19.324556852793187 ], [ -99.143900515747845, 19.324402921292048 ], [ -99.144096476008372, 19.324402333304047 ], [ -99.144282354269066, 19.324473687388377 ], [ -99.144323075725836, 19.324539800003055 ], [ -99.144392942342847, 19.324597718110141 ], [ -99.144561181977309, 19.324691408507356 ], [ -99.144878514673863, 19.324855445077141 ], [ -99.145077700593035, 19.324903966457406 ], [ -99.145264700912037, 19.324889371771729 ], [ -99.145429797520151, 19.324875004437306 ], [ -99.145522130331244, 19.324861653985256 ], [ -99.146014564045132, 19.325025793022775 ], [ -99.146234202299439, 19.325112390371842 ], [ -99.146764665241918, 19.324668305991469 ], [ -99.14681114171394, 19.324597237594478 ], [ -99.147232032028313, 19.324257289074122 ], [ -99.147307139763754, 19.324197050703322 ], [ -99.147622397218356, 19.323955418240732 ], [ -99.147624118652061, 19.324212988902278 ], [ -99.147906502070271, 19.324175204248636 ], [ -99.147982947803072, 19.324106663960851 ], [ -99.148015606364197, 19.324829524633721 ], [ -99.148203609269885, 19.326199229715414 ], [ -99.148259662702699, 19.32657940459821 ], [ -99.147950836642082, 19.32658316406873 ], [ -99.14788935139488, 19.326805060297382 ], [ -99.147586179021857, 19.326753884998663 ], [ -99.147554129589196, 19.326583090681769 ], [ -99.147511958273412, 19.32657595540859 ], [ -99.147100157422003, 19.326523139176963 ], [ -99.146753772566953, 19.326461634048577 ], [ -99.146683556943216, 19.326474190732217 ], [ -99.146319660607574, 19.326415385577072 ], [ -99.146255390127109, 19.326588718779089 ], [ -99.146069791613286, 19.32651257732908 ], [ -99.146396635385116, 19.325860549944817 ], [ -99.145926435412079, 19.325859013203683 ], [ -99.145779497082145, 19.325832049976274 ], [ -99.145693837218644, 19.325860603873338 ], [ -99.145608176098619, 19.325970059780808 ], [ -99.145436854678877, 19.325936745949004 ], [ -99.145495764457849, 19.325649674994906 ], [ -99.145374989390959, 19.325603621767993 ], [ -99.145336918712204, 19.325460854382943 ], [ -99.144818195757239, 19.325594104367823 ], [ -99.144799160393006, 19.32554175733495 ], [ -99.144608804299295, 19.32537519531563 ], [ -99.144113875870303, 19.325679764838998 ], [ -99.143952071664927, 19.325751149215058 ], [ -99.143894963980571, 19.325803497386193 ], [ -99.143781743348143, 19.325734493346253 ], [ -99.143680615357127, 19.325746389821635 ], [ -99.143563849921435, 19.325903054888364 ] ] ] ] } },
{ "type": "Feature", "properties": { "CVEGEO": "0900400010060", "CVE_ENT": "09", "CVE_MUN": "004", "CVE_LOC": "0001", "CVE_ASEN": "0060", "CP": "05348", "FECHA_ACT": "11/2022", "INSTITUCIO": "SECRETARÍA DE DESARROLLO URBANO Y VIVIENDA", "NOM_ASEN": "SANTA FE CUAJIMALPA", "TIPO": "COLONIA", "Shape_Leng": 11435.8854668, "Shape_Area": 4113518.31176, "TURISTICO": "TDR" }, "geometry": { "type": "MultiPolygon", "coordinates": [ [ [ [ -99.265348506190492, 19.362929359922916 ], [ -99.265104791205985, 19.362842453396706 ], [ -99.264842981796008, 19.362760834958344 ], [ -99.264264785336763, 19.362599228988621 ], [ -99.263740744652821, 19.362450151671727 ], [ -99.263224630614644, 19.362284000155398 ], [ -99.262826674650128, 19.362131051894906 ], [ -99.262537636296045, 19.361989809344148 ], [ -99.262243213444691, 19.361817842404896 ], [ -99.261995647760116, 19.36166779455429 ], [ -99.261853081493399, 19.361562165344171 ], [ -99.261682220316231, 19.361429583131329 ], [ -99.261431081936067, 19.361219164902145 ], [ -99.261259844515934, 19.361044403613892 ], [ -99.261133274909682, 19.360825737540956 ], [ -99.261047063535131, 19.360543149029876 ], [ -99.260910449293362, 19.359837497836722 ], [ -99.260594030858684, 19.358332619968891 ], [ -99.260313623918094, 19.356975219231924 ], [ -99.260251719029142, 19.356488574964633 ], [ -99.260156136807012, 19.355872058215638 ], [ -99.260016196823528, 19.355285225726469 ], [ -99.259876796922384, 19.35442504323926 ], [ -99.259841497568175, 19.354207224624155 ], [ -99.259468407237662, 19.353858055068272 ], [ -99.259465738169993, 19.352817770231386 ], [ -99.259593931288379, 19.352014349956427 ], [ -99.259307825683422, 19.352045288838216 ], [ -99.259214236598126, 19.352055409248944 ], [ -99.258909414853065, 19.350158357123686 ], [ -99.258882279635714, 19.349989480429386 ], [ -99.258724730498102, 19.350016976838457 ], [ -99.258520100496, 19.35005268784267 ], [ -99.258414506278001, 19.350071116187745 ], [ -99.258382596825754, 19.350073989349244 ], [ -99.258350894996042, 19.350067218211436 ], [ -99.258323424122324, 19.350055607394978 ], [ -99.258288752413733, 19.350028509463215 ], [ -99.258259097752159, 19.349994607216516 ], [ -99.258229082107633, 19.349948390977193 ], [ -99.258207407396213, 19.349893573263572 ], [ -99.258202161560064, 19.349848612054984 ], [ -99.258198672776373, 19.349804286191901 ], [ -99.258206580486302, 19.349759942442706 ], [ -99.258225873254986, 19.349710176671891 ], [ -99.258274970231184, 19.3496481179025 ], [ -99.258316496190417, 19.349611886668871 ], [ -99.258620190552705, 19.349432868550505 ], [ -99.258338722886307, 19.348017042444628 ], [ -99.258847778773017, 19.348050337991712 ], [ -99.258997513084637, 19.348059158083512 ], [ -99.259031742838005, 19.348032906312064 ], [ -99.259435693326466, 19.347877720168675 ], [ -99.2596057696733, 19.347819223822533 ], [ -99.259720306881789, 19.347790536008596 ], [ -99.25981906836958, 19.347748287779915 ], [ -99.259899963146154, 19.347675144013394 ], [ -99.25997405190293, 19.347618296911655 ], [ -99.260202669220064, 19.347532858061889 ], [ -99.26027786130895, 19.347517839564318 ], [ -99.260344136344756, 19.347522986516342 ], [ -99.260431656269304, 19.347536508569956 ], [ -99.260573118673747, 19.347523835099288 ], [ -99.2606270611155, 19.347497639606988 ], [ -99.260665848037405, 19.34746007877893 ], [ -99.260724853700097, 19.347325159299512 ], [ -99.260772354356945, 19.34725902801549 ], [ -99.260874122647678, 19.347192369275664 ], [ -99.261006748808484, 19.347191182966803 ], [ -99.261193339962915, 19.347178086653194 ], [ -99.261259139401886, 19.347123126487972 ], [ -99.261390872429899, 19.347039078229045 ], [ -99.261466181677349, 19.347038428207572 ], [ -99.261565694120591, 19.347048950371668 ], [ -99.261622920220546, 19.347051306900251 ], [ -99.261701161939101, 19.347039175416842 ], [ -99.261899277526894, 19.346968851125979 ], [ -99.261962365531915, 19.346945354354656 ], [ -99.262040159089693, 19.34689038744067 ], [ -99.26208471201582, 19.346827061982307 ], [ -99.262153343899996, 19.34675782845429 ], [ -99.262243132816351, 19.346702662030946 ], [ -99.26234524704094, 19.346673232510067 ], [ -99.262432540098231, 19.346666690326224 ], [ -99.262511118642635, 19.346686020263533 ], [ -99.262571519931655, 19.346705540896103 ], [ -99.262638123554225, 19.346739236359358 ], [ -99.26273525217178, 19.346807057204806 ], [ -99.262823229907298, 19.346869195939068 ], [ -99.262892667493901, 19.346888524974634 ], [ -99.26297397734335, 19.346887866937912 ], [ -99.263060924281476, 19.346841288987143 ], [ -99.263147650311112, 19.34677474044781 ], [ -99.263195365656998, 19.346725779086789 ], [ -99.263248496053052, 19.346608036872681 ], [ -99.263280612885936, 19.346504783799958 ], [ -99.263297786471924, 19.346416017482007 ], [ -99.263320848780353, 19.346307172040063 ], [ -99.263356137084955, 19.346226780828626 ], [ -99.263430757100707, 19.346151753006676 ], [ -99.263508659499493, 19.346105279220421 ], [ -99.263625707463646, 19.346067063935148 ], [ -99.263743079605675, 19.346054601786914 ], [ -99.263824372546011, 19.346045356920541 ], [ -99.26391788279409, 19.346053084998864 ], [ -99.264026105760053, 19.346034944305714 ], [ -99.26408614118894, 19.346008738384832 ], [ -99.264145855147504, 19.345959580888767 ], [ -99.264162803102252, 19.345842161818762 ], [ -99.264167760391658, 19.345727742232228 ], [ -99.264175328608019, 19.345578976730252 ], [ -99.264174086513236, 19.345458874299045 ], [ -99.265619561144874, 19.345103434459034 ], [ -99.265910393766319, 19.344947175678652 ], [ -99.266427922482649, 19.344709598143023 ], [ -99.266741881472768, 19.34463801312048 ], [ -99.266954582965795, 19.345040514924666 ], [ -99.267309769197055, 19.345712649970569 ], [ -99.267717760017348, 19.346617942411836 ], [ -99.269153727548414, 19.349428788300198 ], [ -99.269450100049653, 19.349204574682684 ], [ -99.269631617375737, 19.349108004214614 ], [ -99.269626229177589, 19.349084801569479 ], [ -99.270231599029756, 19.348940651015315 ], [ -99.270618769027536, 19.348873981029815 ], [ -99.270781948752969, 19.348869883165488 ], [ -99.271399506820245, 19.348768673873888 ], [ -99.271630260681349, 19.348793340598771 ], [ -99.271917437433558, 19.348671208386257 ], [ -99.272294787141192, 19.348477522623668 ], [ -99.272506638044845, 19.348407845532883 ], [ -99.272757838077965, 19.348235789252477 ], [ -99.273329896250615, 19.348052201182679 ], [ -99.273623874553238, 19.348080271133082 ], [ -99.274159217914487, 19.347992742238247 ], [ -99.27426534134959, 19.347914319610766 ], [ -99.274385627262859, 19.347806423707244 ], [ -99.274596531731575, 19.347685027196579 ], [ -99.274626352540778, 19.347694500977184 ], [ -99.275285395561653, 19.347419175098935 ], [ -99.275400412105967, 19.347375026287526 ], [ -99.275835644550952, 19.347167155551531 ], [ -99.275930636286262, 19.347140321207533 ], [ -99.276647643872238, 19.347082281256593 ], [ -99.277082908337562, 19.347152392963554 ], [ -99.277423541978607, 19.347117649279234 ], [ -99.277542878512335, 19.347059443591824 ], [ -99.277860823173455, 19.346821547959792 ], [ -99.278061486561796, 19.346650093178841 ], [ -99.27819050948645, 19.346502141638268 ], [ -99.278275767984127, 19.346414167282276 ], [ -99.278725175545773, 19.346238023156097 ], [ -99.279128344802984, 19.345752383709602 ], [ -99.279284159043996, 19.345667555151984 ], [ -99.279427547094414, 19.345598929982543 ], [ -99.279861209245155, 19.345738921853194 ], [ -99.280080897846034, 19.34569382902378 ], [ -99.280185663147932, 19.34610332623771 ], [ -99.280781682812233, 19.345987683455814 ], [ -99.28080518061023, 19.346248975366002 ], [ -99.280810395105746, 19.346306957157481 ], [ -99.280609952693126, 19.346332429227527 ], [ -99.280573964569783, 19.346440047702714 ], [ -99.280468146273193, 19.346509939278452 ], [ -99.280425739029056, 19.346676245304611 ], [ -99.280571742890743, 19.346791488978052 ], [ -99.281666794085737, 19.34696310123951 ], [ -99.281666716769308, 19.34713360155731 ], [ -99.281495862842718, 19.347139231172559 ], [ -99.281356755903673, 19.347107807587538 ], [ -99.281207893604915, 19.347058008686183 ], [ -99.280966222520348, 19.347142399612988 ], [ -99.280873470239229, 19.347154473784617 ], [ -99.280741708212418, 19.347067707643994 ], [ -99.280619679892183, 19.347050004464535 ], [ -99.280534219224648, 19.34712885226595 ], [ -99.280512203510611, 19.347234971778899 ], [ -99.280502335192111, 19.347467739749387 ], [ -99.279696896190188, 19.347456423283528 ], [ -99.28060437940259, 19.34887859388207 ], [ -99.280273061513824, 19.34937654514075 ], [ -99.280096594024002, 19.349609257466554 ], [ -99.279602505998824, 19.350054279337805 ], [ -99.279029645239504, 19.350542404624058 ], [ -99.278938579477597, 19.350668923605753 ], [ -99.278890314966546, 19.350793993525244 ], [ -99.278690233820939, 19.351382894651888 ], [ -99.278622017848036, 19.351477187775629 ], [ -99.278439426479437, 19.351639390719061 ], [ -99.278246503447861, 19.351757115830825 ], [ -99.277807195339776, 19.352063794013961 ], [ -99.277078697691152, 19.352653014139605 ], [ -99.276877275957858, 19.352920655091744 ], [ -99.276833851716063, 19.353077162754705 ], [ -99.276823258765688, 19.353264223047255 ], [ -99.276927615001171, 19.353668398187459 ], [ -99.277083644993382, 19.353824979704768 ], [ -99.277277559556026, 19.353862329647079 ], [ -99.277524794694912, 19.35375639198277 ], [ -99.278640728593956, 19.353099032932505 ], [ -99.278671274805831, 19.352938032381211 ], [ -99.278963815642982, 19.352747386198327 ], [ -99.279413134391064, 19.352562737652946 ], [ -99.279639268987481, 19.352495545440682 ], [ -99.280392771499322, 19.35251662236039 ], [ -99.280635135038764, 19.352500320554821 ], [ -99.280748268327926, 19.352525331652213 ], [ -99.281097901817873, 19.352730268249704 ], [ -99.281776961435497, 19.351976505025075 ], [ -99.282204599245048, 19.35135309928847 ], [ -99.282445892840244, 19.351105684489422 ], [ -99.282569188754508, 19.350979853635625 ], [ -99.282959545649717, 19.350687207016897 ], [ -99.283268639271427, 19.350537342163143 ], [ -99.283456434501232, 19.350493808923598 ], [ -99.283728988345416, 19.350460764178351 ], [ -99.284086310569407, 19.350380977277158 ], [ -99.284225578941033, 19.350589856946343 ], [ -99.284353320129767, 19.350812979639407 ], [ -99.284366940913884, 19.351261481284165 ], [ -99.284458114265476, 19.351598634149838 ], [ -99.284467170565392, 19.351643285934177 ], [ -99.284455892938198, 19.351691600717949 ], [ -99.284460737831893, 19.351901503802445 ], [ -99.284430216934695, 19.352081209175889 ], [ -99.284390593945176, 19.352223624829552 ], [ -99.284215458751234, 19.352583699541331 ], [ -99.283928154567761, 19.353086581965751 ], [ -99.28374800875163, 19.353546457641002 ], [ -99.284827134595602, 19.354234469085544 ], [ -99.284873452145035, 19.354217601846827 ], [ -99.284990358190925, 19.354049754210422 ], [ -99.285200486106348, 19.354265466878996 ], [ -99.285457815899903, 19.354695046152425 ], [ -99.285911748851106, 19.354546477999012 ], [ -99.286103839865078, 19.354492839310595 ], [ -99.286281900278212, 19.354821632991722 ], [ -99.286170444030589, 19.354870848846502 ], [ -99.286126087395942, 19.354916915227825 ], [ -99.286115937125089, 19.355018155522703 ], [ -99.286058888816925, 19.355034950009273 ], [ -99.285884206866356, 19.355087199782513 ], [ -99.285596050380761, 19.355255755579115 ], [ -99.285527687027212, 19.355391187997373 ], [ -99.285340639510892, 19.355631657135476 ], [ -99.285044541962748, 19.356522333498436 ], [ -99.284358754456619, 19.357550119260029 ], [ -99.282477721962792, 19.358816079507374 ], [ -99.282612275586018, 19.358935978715966 ], [ -99.283057679602877, 19.35923562898364 ], [ -99.282995439010392, 19.359299890141312 ], [ -99.282499249246584, 19.359897293033164 ], [ -99.282295499482771, 19.360252747841418 ], [ -99.282281512877503, 19.360522046247976 ], [ -99.282295717355879, 19.361039423612368 ], [ -99.282112433409083, 19.3613447987642 ], [ -99.281870547243585, 19.361421510798706 ], [ -99.28078739578055, 19.361330049599065 ], [ -99.280800652847745, 19.361731143408971 ], [ -99.280882799620571, 19.361877588833973 ], [ -99.280855154015271, 19.362017870394098 ], [ -99.28066780904183, 19.361948387779446 ], [ -99.280511156732473, 19.361951956314904 ], [ -99.280532936759769, 19.361672171090738 ], [ -99.280469545809723, 19.361389102386248 ], [ -99.280154868294275, 19.36114081165849 ], [ -99.27982242030113, 19.361090908131242 ], [ -99.278901601853278, 19.361381161972659 ], [ -99.278010844197837, 19.361644698226183 ], [ -99.275662848784421, 19.362324466679521 ], [ -99.274012918230156, 19.362866076187537 ], [ -99.272278447037081, 19.363518085698576 ], [ -99.271183700732564, 19.364073106965531 ], [ -99.269870622363385, 19.36472252095221 ], [ -99.26908595757719, 19.365121876459025 ], [ -99.268838966188298, 19.365272531966234 ], [ -99.268286950013248, 19.365279315824669 ], [ -99.267737792915554, 19.365286062382271 ], [ -99.26727825209413, 19.365370651226652 ], [ -99.26697530644519, 19.365490187300761 ], [ -99.266574063298975, 19.36564851094095 ], [ -99.26653247616008, 19.365534544229025 ], [ -99.266491555797145, 19.36527971544972 ], [ -99.266460810184626, 19.36501988606992 ], [ -99.266452883362916, 19.364690083313818 ], [ -99.266473332761393, 19.364394207583835 ], [ -99.266515873768157, 19.364165323077462 ], [ -99.266577593804044, 19.363960917873218 ], [ -99.266833114567845, 19.363545278128338 ], [ -99.265915302787107, 19.363197967502636 ], [ -99.265638750095661, 19.363066909387292 ], [ -99.265348506190492, 19.362929359922916 ] ] ] ] } },
{ "type": "Feature", "properties": { "CVEGEO": "0900500010007", "CVE_ENT": "09", "CVE_MUN": "005", "CVE_LOC": "0001", "CVE_ASEN": "0007", "CP": "07000", "FECHA_ACT": "11/2022", "INSTITUCIO": "SECRETARÍA DE DESARROLLO URBANO Y VIVIENDA", "NOM_ASEN": "ARAGÓN LA VILLA", "TIPO": "COLONIA", "Shape_Leng": 2890.3198296199998, "Shape_Area": 446597.49845800002, "TURISTICO": "TDR P" }, "geometry": { "type": "MultiPolygon", "coordinates": [ [ [ [ -99.119346705600591, 19.479206482072943 ], [ -99.119018915363114, 19.480049240915378 ], [ -99.118669987541821, 19.480946332307884 ], [ -99.118426453400787, 19.481566490956332 ], [ -99.11795504652666, 19.482784411023424 ], [ -99.117851228943266, 19.482750936561008 ], [ -99.117158776344752, 19.482527666790688 ], [ -99.116334924411191, 19.482272706906329 ], [ -99.115502519486469, 19.482017653693937 ], [ -99.114645049620847, 19.481746653473905 ], [ -99.114091911196795, 19.481566537199715 ], [ -99.113787037610436, 19.481490549382563 ], [ -99.113348526410718, 19.481396106945592 ], [ -99.113117156191265, 19.481343635174138 ], [ -99.113003152104881, 19.481307579484682 ], [ -99.112247177031392, 19.481042407660809 ], [ -99.112034444406575, 19.480987616768356 ], [ -99.111449492832008, 19.480894857639321 ], [ -99.111398179178238, 19.481014469263439 ], [ -99.111141905618211, 19.480863533916061 ], [ -99.110345527181494, 19.480383803476329 ], [ -99.108440511502081, 19.479289216093264 ], [ -99.108768540428358, 19.478839455651983 ], [ -99.109117223643722, 19.478361115344583 ], [ -99.109287183866357, 19.478128343573008 ], [ -99.109595855923473, 19.477705375576161 ], [ -99.110250970534182, 19.476863453553612 ], [ -99.11078291198929, 19.47617981573983 ], [ -99.11188034883935, 19.47657039721636 ], [ -99.113011279897336, 19.47696696981523 ], [ -99.113615389839637, 19.477179362241095 ], [ -99.114017475919553, 19.477318137662181 ], [ -99.114050457451711, 19.47733323619785 ], [ -99.114409593143804, 19.477460141913181 ], [ -99.114807928894535, 19.477596059703952 ], [ -99.115061324889268, 19.477682541512824 ], [ -99.115212704123692, 19.477734212661701 ], [ -99.11561568075463, 19.477871786486524 ], [ -99.116079352591541, 19.478030124325315 ], [ -99.116535069660927, 19.478194685348299 ], [ -99.116933027677717, 19.478338431150782 ], [ -99.11764793104561, 19.478596765800098 ], [ -99.118500680855661, 19.478905144068573 ], [ -99.118881697139614, 19.479043041095103 ], [ -99.119346705600591, 19.479206482072943 ] ] ] ] } },
{ "type": "Feature", "properties": { "CVEGEO": "0900500010060", "CVE_ENT": "09", "CVE_MUN": "005", "CVE_LOC": "0001", "CVE_ASEN": "0060", "CP": "07810", "FECHA_ACT": "11/2022", "INSTITUCIO": "SECRETARÍA DE DESARROLLO URBANO Y VIVIENDA", "NOM_ASEN": "ESTRELLA", "TIPO": "COLONIA", "Shape_Leng": 3142.22650987, "Shape_Area": 597410.31895500002, "TURISTICO": "TDR P" }, "geometry": { "type": "MultiPolygon", "coordinates": [ [ [ [ -99.121644580191983, 19.473305742784891 ], [ -99.121016896616553, 19.474912238524919 ], [ -99.120359852130875, 19.476601602001502 ], [ -99.119744841767471, 19.478182162639424 ], [ -99.119515660589556, 19.478771796725109 ], [ -99.119346705600591, 19.479206482072943 ], [ -99.118881697139614, 19.479043041095103 ], [ -99.118500680855661, 19.478905144068573 ], [ -99.11764793104561, 19.478596765800098 ], [ -99.116933027677717, 19.478338431150782 ], [ -99.116535069660927, 19.478194685348299 ], [ -99.116079352591541, 19.478030124325315 ], [ -99.11561568075463, 19.477871786486524 ], [ -99.115212704123692, 19.477734212661701 ], [ -99.115061324889268, 19.477682541512824 ], [ -99.114807928894535, 19.477596059703952 ], [ -99.114409593143804, 19.477460141913181 ], [ -99.114050457451711, 19.47733323619785 ], [ -99.114017475919553, 19.477318137662181 ], [ -99.113615389839637, 19.477179362241095 ], [ -99.113011279897336, 19.47696696981523 ], [ -99.11188034883935, 19.47657039721636 ], [ -99.11078291198929, 19.47617981573983 ], [ -99.111475549022174, 19.475289530754296 ], [ -99.111917528847229, 19.474707761757344 ], [ -99.112572701471009, 19.473845360451765 ], [ -99.112984317392986, 19.473303396839189 ], [ -99.113267454223092, 19.472930986448699 ], [ -99.113716837010543, 19.472339314275562 ], [ -99.114726584177461, 19.470856226471863 ], [ -99.115619989718851, 19.471168594239945 ], [ -99.115920777286632, 19.471274733704217 ], [ -99.116344524536174, 19.471424308190212 ], [ -99.116752911582282, 19.471568510050385 ], [ -99.117137080729563, 19.471704196259513 ], [ -99.117518918752609, 19.471839093945047 ], [ -99.117909622423099, 19.471977152052638 ], [ -99.118363721883995, 19.472137650484591 ], [ -99.119154968814783, 19.472417390713805 ], [ -99.119564804269871, 19.472562323109553 ], [ -99.120018933528144, 19.472722947665734 ], [ -99.120496410665424, 19.472891859886328 ], [ -99.12094989976913, 19.473052313599428 ], [ -99.121644580191983, 19.473305742784891 ] ] ] ] } },
{ "type": "Feature", "properties": { "CVEGEO": "0900500010084", "CVE_ENT": "09", "CVE_MUN": "005", "CVE_LOC": "0001", "CVE_ASEN": "0084", "CP": "07840", "FECHA_ACT": "11/2022", "INSTITUCIO": "SECRETARÍA DE DESARROLLO URBANO Y VIVIENDA", "NOM_ASEN": "GUADALUPE TEPEYAC", "TIPO": "COLONIA", "Shape_Leng": 3409.0298438899999, "Shape_Area": 679375.54385799996, "TURISTICO": "TDR P" }, "geometry": { "type": "MultiPolygon", "coordinates": [ [ [ [ -99.114726584177461, 19.470856226471863 ], [ -99.115589836899304, 19.46958827406073 ], [ -99.115895709949513, 19.46914072557562 ], [ -99.116887703857429, 19.467698520625635 ], [ -99.116977195131412, 19.467564492204826 ], [ -99.117525773437492, 19.466749642691568 ], [ -99.118115456329789, 19.465878499590307 ], [ -99.119044668688019, 19.464513578952193 ], [ -99.119134898628744, 19.464381239494422 ], [ -99.119225123561179, 19.46424890262875 ], [ -99.12021976063474, 19.462790403399378 ], [ -99.121053149911603, 19.463074126201676 ], [ -99.121326427387316, 19.463170833053759 ], [ -99.121756544327368, 19.463327566726779 ], [ -99.122187639926082, 19.463484692990047 ], [ -99.122569996956983, 19.463624087223565 ], [ -99.12304817213564, 19.463798468048111 ], [ -99.123503575110334, 19.463964616951447 ], [ -99.123991751377687, 19.46414282992858 ], [ -99.124467029455431, 19.464316486017161 ], [ -99.125063137512839, 19.464507903975651 ], [ -99.124667077643934, 19.46552637665113 ], [ -99.124525135204578, 19.465891380051264 ], [ -99.1242487672545, 19.466602053290462 ], [ -99.124015386435019, 19.467202183501222 ], [ -99.123952018791314, 19.467365128516676 ], [ -99.123755949475338, 19.467869306720473 ], [ -99.123686393458826, 19.468048165208497 ], [ -99.12360708087715, 19.4682521073623 ], [ -99.123275944729656, 19.469103589170928 ], [ -99.122953572875602, 19.46993252778077 ], [ -99.122824894211689, 19.470263406983417 ], [ -99.122370790672662, 19.471431047571958 ], [ -99.12230317912335, 19.471604899119416 ], [ -99.121644580191983, 19.473305742784891 ], [ -99.12094989976913, 19.473052313599428 ], [ -99.120496410665424, 19.472891859886328 ], [ -99.120018933528144, 19.472722947665734 ], [ -99.119564804269871, 19.472562323109553 ], [ -99.119154968814783, 19.472417390713805 ], [ -99.118363721883995, 19.472137650484591 ], [ -99.117909622423099, 19.471977152052638 ], [ -99.117518918752609, 19.471839093945047 ], [ -99.117137080729563, 19.471704196259513 ], [ -99.116752911582282, 19.471568510050385 ], [ -99.116344524536174, 19.471424308190212 ], [ -99.115920777286632, 19.471274733704217 ], [ -99.115619989718851, 19.471168594239945 ], [ -99.114726584177461, 19.470856226471863 ] ] ] ] } },
{ "type": "Feature", "properties": { "CVEGEO": "0900500010087", "CVE_ENT": "09", "CVE_MUN": "005", "CVE_LOC": "0001", "CVE_ASEN": "0087", "CP": "07050", "FECHA_ACT": "11/2022", "INSTITUCIO": "SECRETARÍA DE DESARROLLO URBANO Y VIVIENDA", "NOM_ASEN": "VILLA GUSTAVO A. MADERO", "TIPO": "COLONIA", "Shape_Leng": 4041.4753498, "Shape_Area": 588562.56823900004, "TURISTICO": "TDR P" }, "geometry": { "type": "MultiPolygon", "coordinates": [ [ [ [ -99.117104384988934, 19.488910704079704 ], [ -99.116841603387627, 19.488845968276973 ], [ -99.116812804750339, 19.488836077537346 ], [ -99.114748679973431, 19.488126755120703 ], [ -99.114675620011425, 19.488101648104326 ], [ -99.114165329968401, 19.487926285691987 ], [ -99.114076894788127, 19.487891084768105 ], [ -99.113584923443156, 19.487704272478457 ], [ -99.11342335839629, 19.487645852702073 ], [ -99.112739687881827, 19.487385353951989 ], [ -99.112860582005084, 19.48703669386963 ], [ -99.113276469536487, 19.485791191595343 ], [ -99.113355433823926, 19.485544545022243 ], [ -99.113500740402927, 19.485105001572656 ], [ -99.113661364471369, 19.484661830186546 ], [ -99.113769042038072, 19.484360989136277 ], [ -99.113826716104754, 19.484187389375911 ], [ -99.113095031898268, 19.484018522231139 ], [ -99.11132104301565, 19.483635119042674 ], [ -99.109758538403185, 19.483309166244432 ], [ -99.108445328923381, 19.483029489039282 ], [ -99.10690888433912, 19.482728238104862 ], [ -99.106718429450027, 19.482666151936826 ], [ -99.106621667390726, 19.482620244164615 ], [ -99.106222173316638, 19.482437929392393 ], [ -99.106340047889603, 19.482241561761029 ], [ -99.106563680011547, 19.481958574507395 ], [ -99.106709706487777, 19.481661494384554 ], [ -99.10679528835594, 19.481376967314603 ], [ -99.106985642363853, 19.481283616086554 ], [ -99.107625062697721, 19.480407255769645 ], [ -99.10826667662451, 19.479527555425673 ], [ -99.108440511502081, 19.479289216093264 ], [ -99.110345527181494, 19.480383803476329 ], [ -99.111141905618211, 19.480863533916061 ], [ -99.111398179178238, 19.481014469263439 ], [ -99.111449492832008, 19.480894857639321 ], [ -99.112034444406575, 19.480987616768356 ], [ -99.112247177031392, 19.481042407660809 ], [ -99.113003152104881, 19.481307579484682 ], [ -99.113117156191265, 19.481343635174138 ], [ -99.113348526410718, 19.481396106945592 ], [ -99.113787037610436, 19.481490549382563 ], [ -99.114091911196795, 19.481566537199715 ], [ -99.114645049620847, 19.481746653473905 ], [ -99.115502519486469, 19.482017653693937 ], [ -99.116334924411191, 19.482272706906329 ], [ -99.117158776344752, 19.482527666790688 ], [ -99.117851228943266, 19.482750936561008 ], [ -99.11795504652666, 19.482784411023424 ], [ -99.118866179885785, 19.483074641458824 ], [ -99.119393682674598, 19.483262444395599 ], [ -99.119027129250142, 19.484211101151587 ], [ -99.11866814262946, 19.48513387309891 ], [ -99.118376946477994, 19.485877584944227 ], [ -99.11818648152007, 19.486269551842078 ], [ -99.117682300272733, 19.48758432738525 ], [ -99.11752061784415, 19.488123428712679 ], [ -99.117316083155558, 19.48896285650984 ], [ -99.117104384988934, 19.488910704079704 ] ] ] ] } },
{ "type": "Feature", "properties": { "CVEGEO": "0900500010093", "CVE_ENT": "09", "CVE_MUN": "005", "CVE_LOC": "0001", "CVE_ASEN": "0093", "CP": "07800", "FECHA_ACT": "11/2022", "INSTITUCIO": "SECRETARÍA DE DESARROLLO URBANO Y VIVIENDA", "NOM_ASEN": "INDUSTRIAL", "TIPO": "COLONIA", "Shape_Leng": 4640.63450483, "Shape_Area": 1271331.2562599999, "TURISTICO": "TDR P" }, "geometry": { "type": "MultiPolygon", "coordinates": [ [ [ [ -99.121016896616553, 19.474912238524919 ], [ -99.121644580191983, 19.473305742784891 ], [ -99.12230317912335, 19.471604899119416 ], [ -99.122370790672662, 19.471431047571958 ], [ -99.122824894211689, 19.470263406983417 ], [ -99.122953572875602, 19.46993252778077 ], [ -99.123275944729656, 19.469103589170928 ], [ -99.12360708087715, 19.4682521073623 ], [ -99.123686393458826, 19.468048165208497 ], [ -99.123755949475338, 19.467869306720473 ], [ -99.124565789586342, 19.468160300404818 ], [ -99.125075677381489, 19.46832303169808 ], [ -99.125487014788732, 19.46843701204396 ], [ -99.125819173852179, 19.468516990545421 ], [ -99.125860238878289, 19.468526878795153 ], [ -99.126231539456356, 19.468616278511124 ], [ -99.126620802694561, 19.468705610892989 ], [ -99.127045072119785, 19.468812157017052 ], [ -99.127427962418423, 19.46890434408764 ], [ -99.127480724225364, 19.468917047757454 ], [ -99.127946740114126, 19.469029249132937 ], [ -99.128407326744693, 19.469140142481269 ], [ -99.12887673980633, 19.469253159494468 ], [ -99.129259759918597, 19.469345375201421 ], [ -99.129468772344765, 19.469395695465206 ], [ -99.129664700326927, 19.469442867102959 ], [ -99.130031383884443, 19.46953114579237 ], [ -99.130530605952842, 19.469651335356929 ], [ -99.130984032744351, 19.469760497253059 ], [ -99.131431011101697, 19.469868105413173 ], [ -99.131599795809279, 19.469908738563614 ], [ -99.132003150075931, 19.470005842490998 ], [ -99.13154478879828, 19.471343922613578 ], [ -99.13143006566834, 19.47166659716396 ], [ -99.131071558905745, 19.472750756317097 ], [ -99.131000211937689, 19.472728678771837 ], [ -99.130800015166187, 19.473344061311138 ], [ -99.130689641548742, 19.473704974658432 ], [ -99.130571256051013, 19.474092083863155 ], [ -99.130459808844876, 19.474477195185269 ], [ -99.130323018140388, 19.474899668124717 ], [ -99.130194669143592, 19.475315363248647 ], [ -99.130071010708562, 19.475715853876828 ], [ -99.129923466094482, 19.476196375788046 ], [ -99.129892210341467, 19.476292318341468 ], [ -99.129772844658135, 19.476668520173973 ], [ -99.129643891167319, 19.47706534182241 ], [ -99.129520549413868, 19.477444881210388 ], [ -99.129390035660649, 19.477857518045411 ], [ -99.129265021679174, 19.478280088447924 ], [ -99.129135212507435, 19.478731065483654 ], [ -99.129007468441699, 19.479174614453147 ], [ -99.128896713409816, 19.479558578294665 ], [ -99.128882593119755, 19.47960716008992 ], [ -99.128734163896226, 19.479982540648876 ], [ -99.128463741233958, 19.481547635384199 ], [ -99.127739128372411, 19.482434656754712 ], [ -99.127093379987031, 19.482008158190219 ], [ -99.126857791800489, 19.481852558688157 ], [ -99.126398865394009, 19.481693125914003 ], [ -99.125964356596157, 19.481542179744583 ], [ -99.125536323653478, 19.481387250169831 ], [ -99.125492611919171, 19.481374458600325 ], [ -99.125108607665751, 19.481244945735554 ], [ -99.124697082438558, 19.481102052618571 ], [ -99.124316069533634, 19.480969785287616 ], [ -99.123869495955176, 19.480814806523473 ], [ -99.123426426201888, 19.480661102032474 ], [ -99.122789105510094, 19.480440148939028 ], [ -99.122304572182713, 19.480272315924971 ], [ -99.122119172919682, 19.480208145256778 ], [ -99.121614603975914, 19.480033697385547 ], [ -99.12157270965578, 19.480019228302176 ], [ -99.12117873544058, 19.479882291159768 ], [ -99.120744107811632, 19.479730539380885 ], [ -99.119346705600591, 19.479206482072943 ], [ -99.119515660589556, 19.478771796725109 ], [ -99.119744841767471, 19.478182162639424 ], [ -99.120359852130875, 19.476601602001502 ], [ -99.121016896616553, 19.474912238524919 ] ] ] ] } },
{ "type": "Feature", "properties": { "CVEGEO": "0900500010186", "CVE_ENT": "09", "CVE_MUN": "005", "CVE_LOC": "0001", "CVE_ASEN": "0186", "CP": "07840", "FECHA_ACT": "11/2022", "INSTITUCIO": "SECRETARÍA DE DESARROLLO URBANO Y VIVIENDA", "NOM_ASEN": "7 DE NOVIEMBRE", "TIPO": "COLONIA", "Shape_Leng": 4333.8552712199998, "Shape_Area": 345999.124282, "TURISTICO": "TDR P" }, "geometry": { "type": "MultiPolygon", "coordinates": [ [ [ [ -99.12021976063474, 19.462790403399378 ], [ -99.120323126013375, 19.462669267254697 ], [ -99.121343439426212, 19.461133428193506 ], [ -99.121730428759093, 19.46057154789127 ], [ -99.121561273822763, 19.4604183405465 ], [ -99.121464865958899, 19.460492014923073 ], [ -99.12131489839706, 19.460541653219348 ], [ -99.121192659624271, 19.460567855269446 ], [ -99.120972438487001, 19.460586552837761 ], [ -99.120722101565804, 19.460550611378387 ], [ -99.120531254754994, 19.460481870032677 ], [ -99.120165276997341, 19.460272239057922 ], [ -99.12008735696169, 19.460283755410028 ], [ -99.119635460238214, 19.459958576321522 ], [ -99.119210277790003, 19.459653374244169 ], [ -99.118760938726695, 19.459314901865035 ], [ -99.118332401344361, 19.459023214134852 ], [ -99.118296801270617, 19.45900022261165 ], [ -99.117866295181045, 19.458689537982764 ], [ -99.117482246138309, 19.458450345167808 ], [ -99.117384583876557, 19.458472809600256 ], [ -99.117004483938743, 19.458392101677205 ], [ -99.116587005782918, 19.458302648985701 ], [ -99.11608773415152, 19.458203069291329 ], [ -99.115588335574103, 19.458088063482254 ], [ -99.115110544733099, 19.457983424076634 ], [ -99.114578728735111, 19.457870437046608 ], [ -99.113973001458007, 19.457723750420463 ], [ -99.113396824365054, 19.457596295521046 ], [ -99.113368973394458, 19.457590513104332 ], [ -99.112887951811885, 19.457488262645754 ], [ -99.112385956911169, 19.457382028677614 ], [ -99.111898993737313, 19.457278452684598 ], [ -99.112320845725591, 19.455615506443401 ], [ -99.112631172556476, 19.454405938032284 ], [ -99.11269439676505, 19.454457058120049 ], [ -99.113031512647609, 19.454729629287485 ], [ -99.113425790845696, 19.455048416275595 ], [ -99.113497307376747, 19.455106239987817 ], [ -99.113880086325224, 19.455397231956017 ], [ -99.113991433499848, 19.455486803932821 ], [ -99.114390197672634, 19.455850763971863 ], [ -99.114714944057127, 19.456118487459733 ], [ -99.114970794153933, 19.45631826678844 ], [ -99.115462908881184, 19.456702532382941 ], [ -99.115834193603362, 19.456992444972155 ], [ -99.11616913878315, 19.457253980361624 ], [ -99.116278459219245, 19.457339339890204 ], [ -99.11673518732853, 19.457695964823031 ], [ -99.116904723486314, 19.457828341506076 ], [ -99.116961765643893, 19.457872882518945 ], [ -99.117053502683319, 19.457938656303174 ], [ -99.117148849503025, 19.457999820966595 ], [ -99.117269019216593, 19.458067030335339 ], [ -99.117348999679223, 19.458107461190217 ], [ -99.117464267585149, 19.458157849948513 ], [ -99.117510855940665, 19.458175713530434 ], [ -99.117687858631285, 19.45823965994007 ], [ -99.118005426786482, 19.458350016356142 ], [ -99.118451378797076, 19.458504981953975 ], [ -99.118496107505138, 19.458520533365949 ], [ -99.118969680012881, 19.458679108656249 ], [ -99.118978610093777, 19.458682039179291 ], [ -99.119387034437622, 19.458816074552065 ], [ -99.119813455426851, 19.458956017685832 ], [ -99.120261035584832, 19.459102903761771 ], [ -99.120323557894082, 19.459123422541268 ], [ -99.121115827081013, 19.459383422776394 ], [ -99.121588130325634, 19.459538416974532 ], [ -99.121994302495452, 19.459671709195828 ], [ -99.122100971552769, 19.459715657899334 ], [ -99.122177150261706, 19.459751920461894 ], [ -99.122241554769062, 19.459782036716117 ], [ -99.122411228786788, 19.459830049957649 ], [ -99.122721284417537, 19.459929381602713 ], [ -99.122871752052362, 19.459977589745549 ], [ -99.123306447409504, 19.460118650194758 ], [ -99.123718645761031, 19.460251129031672 ], [ -99.124162407761204, 19.460397698975399 ], [ -99.124622332221307, 19.46054960635691 ], [ -99.125464740315508, 19.460831833682292 ], [ -99.126405466206094, 19.461152454894446 ], [ -99.125473576657697, 19.463452435574151 ], [ -99.125293470974, 19.463920966980485 ], [ -99.125063137512839, 19.464507903975651 ], [ -99.124467029455431, 19.464316486017161 ], [ -99.123991751377687, 19.46414282992858 ], [ -99.123503575110334, 19.463964616951447 ], [ -99.12304817213564, 19.463798468048111 ], [ -99.122569996956983, 19.463624087223565 ], [ -99.122187639926082, 19.463484692990047 ], [ -99.121756544327368, 19.463327566726779 ], [ -99.121326427387316, 19.463170833053759 ], [ -99.121053149911603, 19.463074126201676 ], [ -99.12021976063474, 19.462790403399378 ] ] ] ] } },
{ "type": "Feature", "properties": { "CVEGEO": "0900500010193", "CVE_ENT": "09", "CVE_MUN": "005", "CVE_LOC": "0001", "CVE_ASEN": "0193", "CP": "07020", "FECHA_ACT": "11/2022", "INSTITUCIO": "SECRETARÍA DE DESARROLLO URBANO Y VIVIENDA", "NOM_ASEN": "TEPEYAC INSURGENTES", "TIPO": "COLONIA", "Shape_Leng": 4023.33104959, "Shape_Area": 784246.05134600005, "TURISTICO": "TDR P" }, "geometry": { "type": "MultiPolygon", "coordinates": [ [ [ [ -99.117316083155558, 19.48896285650984 ], [ -99.11752061784415, 19.488123428712679 ], [ -99.117682300272733, 19.48758432738525 ], [ -99.11818648152007, 19.486269551842078 ], [ -99.118376946477994, 19.485877584944227 ], [ -99.11866814262946, 19.48513387309891 ], [ -99.119027129250142, 19.484211101151587 ], [ -99.119393682674598, 19.483262444395599 ], [ -99.118866179885785, 19.483074641458824 ], [ -99.11795504652666, 19.482784411023424 ], [ -99.118426453400787, 19.481566490956332 ], [ -99.118669987541821, 19.480946332307884 ], [ -99.119018915363114, 19.480049240915378 ], [ -99.119346705600591, 19.479206482072943 ], [ -99.120744107811632, 19.479730539380885 ], [ -99.12117873544058, 19.479882291159768 ], [ -99.12157270965578, 19.480019228302176 ], [ -99.121614603975914, 19.480033697385547 ], [ -99.122119172919682, 19.480208145256778 ], [ -99.122304572182713, 19.480272315924971 ], [ -99.122789105510094, 19.480440148939028 ], [ -99.123426426201888, 19.480661102032474 ], [ -99.123869495955176, 19.480814806523473 ], [ -99.124316069533634, 19.480969785287616 ], [ -99.124697082438558, 19.481102052618571 ], [ -99.125108607665751, 19.481244945735554 ], [ -99.125492611919171, 19.481374458600325 ], [ -99.125536323653478, 19.481387250169831 ], [ -99.125964356596157, 19.481542179744583 ], [ -99.126398865394009, 19.481693125914003 ], [ -99.126857791800489, 19.481852558688157 ], [ -99.127093379987031, 19.482008158190219 ], [ -99.127739128372411, 19.482434656754712 ], [ -99.126964841436731, 19.483375327573679 ], [ -99.126861986115884, 19.483503796110202 ], [ -99.126509967977228, 19.48392906240236 ], [ -99.12518978962261, 19.485573573859334 ], [ -99.125034009102109, 19.485762877502058 ], [ -99.124485115476531, 19.486421255367823 ], [ -99.123813388581851, 19.487210849102386 ], [ -99.123235286188986, 19.487888183265969 ], [ -99.122357211122278, 19.48898612881468 ], [ -99.122293334055257, 19.489066000754665 ], [ -99.121602547178668, 19.489881969991785 ], [ -99.121331813839234, 19.490211666723813 ], [ -99.121188904182873, 19.490439164585872 ], [ -99.121011959396085, 19.490730100843667 ], [ -99.120863081256175, 19.490986691590045 ], [ -99.120664687865983, 19.491410827993015 ], [ -99.12044034532083, 19.492030327721473 ], [ -99.120370546388969, 19.492241353505779 ], [ -99.120263202169156, 19.492062216561884 ], [ -99.119827277036592, 19.491432630809918 ], [ -99.119752050167662, 19.4911761822048 ], [ -99.11797711840893, 19.489678957540004 ], [ -99.117588320857308, 19.489310960453746 ], [ -99.117316083155558, 19.48896285650984 ] ] ] ] } },
{ "type": "Feature", "properties": { "CVEGEO": "0900500010206", "CVE_ENT": "09", "CVE_MUN": "005", "CVE_LOC": "0001", "CVE_ASEN": "0206", "CP": "07870", "FECHA_ACT": "11/2022", "INSTITUCIO": "SECRETARÍA DE DESARROLLO URBANO Y VIVIENDA", "NOM_ASEN": "VALLEJO", "TIPO": "COLONIA", "Shape_Leng": 4822.2089076599996, "Shape_Area": 1073680.0357900001, "TURISTICO": "TDR P" }, "geometry": { "type": "MultiPolygon", "coordinates": [ [ [ [ -99.132003150075931, 19.470005842490998 ], [ -99.131599795809279, 19.469908738563614 ], [ -99.131431011101697, 19.469868105413173 ], [ -99.130984032744351, 19.469760497253059 ], [ -99.130530605952842, 19.469651335356929 ], [ -99.130031383884443, 19.46953114579237 ], [ -99.129664700326927, 19.469442867102959 ], [ -99.129468772344765, 19.469395695465206 ], [ -99.129259759918597, 19.469345375201421 ], [ -99.12887673980633, 19.469253159494468 ], [ -99.128407326744693, 19.469140142481269 ], [ -99.127946740114126, 19.469029249132937 ], [ -99.127480724225364, 19.468917047757454 ], [ -99.127427962418423, 19.46890434408764 ], [ -99.127045072119785, 19.468812157017052 ], [ -99.126620802694561, 19.468705610892989 ], [ -99.126231539456356, 19.468616278511124 ], [ -99.125860238878289, 19.468526878795153 ], [ -99.125819173852179, 19.468516990545421 ], [ -99.125487014788732, 19.46843701204396 ], [ -99.125075677381489, 19.46832303169808 ], [ -99.124565789586342, 19.468160300404818 ], [ -99.123755949475338, 19.467869306720473 ], [ -99.123952018791314, 19.467365128516676 ], [ -99.124015386435019, 19.467202183501222 ], [ -99.1242487672545, 19.466602053290462 ], [ -99.124525135204578, 19.465891380051264 ], [ -99.124667077643934, 19.46552637665113 ], [ -99.125063137512839, 19.464507903975651 ], [ -99.125293470974, 19.463920966980485 ], [ -99.125473576657697, 19.463452435574151 ], [ -99.126405466206094, 19.461152454894446 ], [ -99.127377558429529, 19.461460785244036 ], [ -99.127550685504943, 19.46152724557442 ], [ -99.128111416115402, 19.46184834612075 ], [ -99.12847121825024, 19.462054386101912 ], [ -99.128842515707007, 19.462267006145652 ], [ -99.12919094287578, 19.462466529295867 ], [ -99.129512119402833, 19.462650444768823 ], [ -99.13043213350312, 19.463195722768173 ], [ -99.130905964049489, 19.463476714642297 ], [ -99.131418650699757, 19.46378321847433 ], [ -99.132425691601114, 19.464375775167564 ], [ -99.132861633033698, 19.464641492146889 ], [ -99.133120624088534, 19.464764781675761 ], [ -99.13333667250474, 19.464854170304196 ], [ -99.133681147291611, 19.464939185925445 ], [ -99.133838255409088, 19.464961477855429 ], [ -99.134229075723482, 19.464980892045137 ], [ -99.134920840996031, 19.465008915745525 ], [ -99.136137730775005, 19.465059527963277 ], [ -99.137497341253635, 19.46510564628089 ], [ -99.138592276945758, 19.465158161721401 ], [ -99.139223555585332, 19.465183340776967 ], [ -99.139810316990122, 19.465246133329096 ], [ -99.142077939024801, 19.465282733519061 ], [ -99.141650007633686, 19.465798999126079 ], [ -99.141468500173886, 19.465984881262681 ], [ -99.140733229196627, 19.466807894134988 ], [ -99.139681126090167, 19.468178328460993 ], [ -99.138991200543629, 19.469080692385258 ], [ -99.138531865300649, 19.469681459594966 ], [ -99.137677120150542, 19.47078851271846 ], [ -99.137309405549331, 19.470963654038506 ], [ -99.137152353728894, 19.471043011299358 ], [ -99.136905265061586, 19.471156144146779 ], [ -99.136130774633301, 19.470999475141134 ], [ -99.135564540439816, 19.470863174152832 ], [ -99.135208219553405, 19.470777399811876 ], [ -99.134764355294294, 19.470670552383762 ], [ -99.134405620704641, 19.470584197545925 ], [ -99.134358282053128, 19.470572800741948 ], [ -99.13394690094124, 19.47047377110589 ], [ -99.133540823182642, 19.470376015369773 ], [ -99.13313307474958, 19.470277857122323 ], [ -99.13269872209581, 19.470173293686116 ], [ -99.132003150075931, 19.470005842490998 ] ] ] ] } },
{ "type": "Feature", "properties": { "CVEGEO": "0901000010219", "CVE_ENT": "09", "CVE_MUN": "010", "CVE_LOC": "0001", "CVE_ASEN": "0219", "CP": "01000", "FECHA_ACT": "11/2022", "INSTITUCIO": "SECRETARÍA DE DESARROLLO URBANO Y VIVIENDA", "NOM_ASEN": "SAN ÁNGEL", "TIPO": "COLONIA", "Shape_Leng": 5158.5162206000005, "Shape_Area": 968342.75656500005, "TURISTICO": "TDR" }, "geometry": { "type": "MultiPolygon", "coordinates": [ [ [ [ -99.19926334397941, 19.342453234650616 ], [ -99.199224004664643, 19.343703496632425 ], [ -99.199266400858804, 19.343914970754984 ], [ -99.199338303540287, 19.34401396777551 ], [ -99.200248042619833, 19.344198745213276 ], [ -99.200671597276639, 19.344278269551044 ], [ -99.201383557274383, 19.34512999993418 ], [ -99.202436028861953, 19.345179781749081 ], [ -99.20240486918631, 19.345350427353971 ], [ -99.202361601267697, 19.345572356554708 ], [ -99.20229908008298, 19.345860933083259 ], [ -99.202037561446161, 19.347068038369677 ], [ -99.201003259849657, 19.346734553350359 ], [ -99.200734385901512, 19.346655670608659 ], [ -99.200092356071863, 19.346470390209141 ], [ -99.198458160020678, 19.346170470041205 ], [ -99.198005065913406, 19.346103635028761 ], [ -99.195898087334896, 19.345878031988363 ], [ -99.195380109271809, 19.345744606425001 ], [ -99.195309698829419, 19.345682986016399 ], [ -99.195161179697735, 19.346394836736561 ], [ -99.194631280611148, 19.348273625053931 ], [ -99.194429324427603, 19.348706349213039 ], [ -99.19417431329893, 19.349542244148875 ], [ -99.19412457996323, 19.349745247079408 ], [ -99.19391240047112, 19.350611261300912 ], [ -99.193775629089345, 19.351191828935157 ], [ -99.193698103798766, 19.351494452718999 ], [ -99.192679773686677, 19.351404254744526 ], [ -99.191544740990722, 19.351303711145455 ], [ -99.19043741819263, 19.351201349251863 ], [ -99.190485827650818, 19.350691031197069 ], [ -99.189383303820605, 19.350585193435172 ], [ -99.186661607823183, 19.350316497494923 ], [ -99.186515840754296, 19.350425211632448 ], [ -99.186852078277667, 19.349400006745153 ], [ -99.186908954744851, 19.349202017531933 ], [ -99.187502854970248, 19.347389992607194 ], [ -99.187702798145011, 19.346896464983033 ], [ -99.188283372602385, 19.345374381846266 ], [ -99.188306236527808, 19.345321717454624 ], [ -99.188437344090332, 19.34499633418455 ], [ -99.188759110090515, 19.34415975051548 ], [ -99.188871046293357, 19.343778592115804 ], [ -99.189159241761359, 19.343025511248104 ], [ -99.189308808339604, 19.342636425388161 ], [ -99.19076995100184, 19.342284542783428 ], [ -99.191795702892335, 19.342391973574632 ], [ -99.191934951300027, 19.341701686728982 ], [ -99.192154872161055, 19.341678486529538 ], [ -99.192382927478505, 19.341638174348887 ], [ -99.192638064205411, 19.341639392863115 ], [ -99.192868461089674, 19.341640495562757 ], [ -99.193157542512822, 19.34164187457991 ], [ -99.193316747895182, 19.341612160633968 ], [ -99.193507407923832, 19.341568277899189 ], [ -99.193885493799272, 19.341521062614643 ], [ -99.194056505266289, 19.341539580916979 ], [ -99.194207801391556, 19.341570597533575 ], [ -99.19427507891028, 19.341588191088338 ], [ -99.194374471912184, 19.341637266042319 ], [ -99.194866754940847, 19.342012613167817 ], [ -99.195881950975803, 19.341858746475282 ], [ -99.19595898490951, 19.341850925129553 ], [ -99.196398332985467, 19.341806094640294 ], [ -99.197805556471096, 19.341674831769947 ], [ -99.198006734097817, 19.342988271949423 ], [ -99.198194783902224, 19.342998312480912 ], [ -99.198426450196393, 19.343016781854303 ], [ -99.19926334397941, 19.342453234650616 ] ] ] ] } },
{ "type": "Feature", "properties": { "CVEGEO": "0901000010294", "CVE_ENT": "09", "CVE_MUN": "010", "CVE_LOC": "0001", "CVE_ASEN": "0294", "CP": "01376", "FECHA_ACT": "11/2022", "INSTITUCIO": "SECRETARÍA DE DESARROLLO URBANO Y VIVIENDA", "NOM_ASEN": "SANTA FE", "TIPO": "COLONIA", "Shape_Leng": 5585.7266877900001, "Shape_Area": 960222.73658000003, "TURISTICO": "TDR" }, "geometry": { "type": "MultiPolygon", "coordinates": [ [ [ [ -99.24828053545761, 19.378229104359505 ], [ -99.248033742137267, 19.377830572190465 ], [ -99.247850034429831, 19.377511066246857 ], [ -99.247815901687659, 19.377370010340677 ], [ -99.247805308986017, 19.377266052089439 ], [ -99.247821623028884, 19.377146400605078 ], [ -99.24785502337852, 19.376997894131382 ], [ -99.247911256049036, 19.376873219481539 ], [ -99.247979982223896, 19.37675973279784 ], [ -99.248075097547314, 19.376657553019975 ], [ -99.248896033239362, 19.375935431320659 ], [ -99.24975316632181, 19.375153845607649 ], [ -99.249968217725751, 19.374964160206101 ], [ -99.250543121531024, 19.374480526981241 ], [ -99.251842133827509, 19.373381972225275 ], [ -99.252314410362757, 19.373257961720505 ], [ -99.252920279335569, 19.372967766747767 ], [ -99.253199561551824, 19.372682439342167 ], [ -99.253396782775681, 19.372292147034681 ], [ -99.253484762115306, 19.371863736835934 ], [ -99.253574325757683, 19.371152214967285 ], [ -99.253670962647959, 19.370755355798966 ], [ -99.253876794636469, 19.370426047656959 ], [ -99.254304837724888, 19.369890166096681 ], [ -99.254535629432368, 19.369528216154293 ], [ -99.254688495216996, 19.369317546327363 ], [ -99.254776846948971, 19.369205586782407 ], [ -99.255251441513778, 19.368810690116078 ], [ -99.25562914382985, 19.368433713104242 ], [ -99.255920126665359, 19.368033932117264 ], [ -99.25651968199297, 19.367543597495619 ], [ -99.25670184268219, 19.367435547645105 ], [ -99.257232099477704, 19.367199361013093 ], [ -99.257873778528591, 19.36695258716464 ], [ -99.258649628326353, 19.36638409746179 ], [ -99.259115972465963, 19.365869515965286 ], [ -99.260064310316579, 19.36474669024723 ], [ -99.260578685057723, 19.364000230469969 ], [ -99.260760432694056, 19.363702733025285 ], [ -99.261995647760116, 19.36166779455429 ], [ -99.262243213444691, 19.361817842404896 ], [ -99.262537636296045, 19.361989809344148 ], [ -99.262826674650128, 19.362131051894906 ], [ -99.263224630614644, 19.362284000155398 ], [ -99.263740744652821, 19.362450151671727 ], [ -99.264264785336763, 19.362599228988621 ], [ -99.264842981796008, 19.362760834958344 ], [ -99.265104791205985, 19.362842453396706 ], [ -99.265348506190492, 19.362929359922916 ], [ -99.265190093017068, 19.363059429013802 ], [ -99.264383942438897, 19.363806961656319 ], [ -99.264089550957792, 19.364236195655462 ], [ -99.263823605108044, 19.364598713217536 ], [ -99.263544402414396, 19.364884029372433 ], [ -99.263058894816865, 19.365311147074447 ], [ -99.262686647854778, 19.365677629104983 ], [ -99.262072973588587, 19.366212331184958 ], [ -99.26035052918651, 19.367873410947066 ], [ -99.260885389365782, 19.368946761377494 ], [ -99.261031696367169, 19.36949753990152 ], [ -99.261090311353897, 19.370009569448527 ], [ -99.26110169117311, 19.370540673911588 ], [ -99.260856771875822, 19.370907925130595 ], [ -99.26073862081688, 19.371069670030934 ], [ -99.259911845669379, 19.372070341846559 ], [ -99.259168084029824, 19.372887893572425 ], [ -99.257563481794477, 19.374495862379263 ], [ -99.257391306872535, 19.374636327927885 ], [ -99.255336922860536, 19.375804224027497 ], [ -99.25404984066445, 19.376453290732854 ], [ -99.252984005721771, 19.377048357865345 ], [ -99.252601397058086, 19.377261967713984 ], [ -99.252167467238465, 19.377411981571509 ], [ -99.25137158288878, 19.377623647034298 ], [ -99.250255065677706, 19.378033603219937 ], [ -99.248958434092955, 19.378478952969321 ], [ -99.248931970165842, 19.378416434449878 ], [ -99.248898825492077, 19.378369075134312 ], [ -99.248854636450162, 19.378314588340597 ], [ -99.248802009678286, 19.378267332802903 ], [ -99.248742243112076, 19.378228472043961 ], [ -99.248676805005431, 19.378198962468595 ], [ -99.248607309591222, 19.378179529362232 ], [ -99.248559563853533, 19.3781724204383 ], [ -99.248463041313457, 19.378172553045207 ], [ -99.248415320535372, 19.378179793870544 ], [ -99.248345883371115, 19.378199415542717 ], [ -99.24828053545761, 19.378229104359505 ] ] ] ] } },
{ "type": "Feature", "properties": { "CVEGEO": "0901000010319", "CVE_ENT": "09", "CVE_MUN": "010", "CVE_LOC": "0001", "CVE_ASEN": "0319", "CP": "01219", "FECHA_ACT": "11/2022", "INSTITUCIO": "SECRETARÍA DE DESARROLLO URBANO Y VIVIENDA", "NOM_ASEN": "SANTA FE CENTRO CIUDAD", "TIPO": "COLONIA", "Shape_Leng": 2566.5717475900001, "Shape_Area": 208624.629965, "TURISTICO": "TDR" }, "geometry": { "type": "MultiPolygon", "coordinates": [ [ [ [ -99.261090311353897, 19.370009569448527 ], [ -99.261031696367169, 19.36949753990152 ], [ -99.260885389365782, 19.368946761377494 ], [ -99.26035052918651, 19.367873410947066 ], [ -99.262072973588587, 19.366212331184958 ], [ -99.262686647854778, 19.365677629104983 ], [ -99.263058894816865, 19.365311147074447 ], [ -99.263544402414396, 19.364884029372433 ], [ -99.263823605108044, 19.364598713217536 ], [ -99.264089550957792, 19.364236195655462 ], [ -99.264383942438897, 19.363806961656319 ], [ -99.265190093017068, 19.363059429013802 ], [ -99.265348506190492, 19.362929359922916 ], [ -99.265638750095661, 19.363066909387292 ], [ -99.265915302787107, 19.363197967502636 ], [ -99.266833114567845, 19.363545278128338 ], [ -99.266577593804044, 19.363960917873218 ], [ -99.266515873768157, 19.364165323077462 ], [ -99.266473332761393, 19.364394207583835 ], [ -99.266452883362916, 19.364690083313818 ], [ -99.266460810184626, 19.36501988606992 ], [ -99.266491555797145, 19.36527971544972 ], [ -99.26653247616008, 19.365534544229025 ], [ -99.266574063298975, 19.36564851094095 ], [ -99.266605154039169, 19.365799427266506 ], [ -99.266657479077494, 19.366148849813083 ], [ -99.266763142821304, 19.366810001391705 ], [ -99.266789042348904, 19.367027705593337 ], [ -99.266779321842364, 19.367515060302797 ], [ -99.266744037912986, 19.367311963939866 ], [ -99.266686418557001, 19.367162281854366 ], [ -99.266604029576158, 19.366988177880994 ], [ -99.266530681151295, 19.366866980159706 ], [ -99.266398943879949, 19.366634445540022 ], [ -99.266175919306704, 19.36641943787124 ], [ -99.265890172252895, 19.366308780322772 ], [ -99.265491105922649, 19.366306353759576 ], [ -99.265151003350084, 19.366386505001106 ], [ -99.264865331740097, 19.366505110162237 ], [ -99.26432970795311, 19.366999814645364 ], [ -99.263583100076062, 19.367743116919033 ], [ -99.262971971559409, 19.368383667476401 ], [ -99.262491908962048, 19.368795023396391 ], [ -99.262269583270523, 19.369058366692677 ], [ -99.26172060227745, 19.369684216874081 ], [ -99.26110169117311, 19.370540673911588 ], [ -99.261090311353897, 19.370009569448527 ] ] ] ] } },
{ "type": "Feature", "properties": { "CVEGEO": "0901100110001", "CVE_ENT": "09", "CVE_MUN": "011", "CVE_LOC": "0011", "CVE_ASEN": "0001", "CP": "00000", "FECHA_ACT": "11/2024", "INSTITUCIO": "SECRETARÍA DE PLANEACIÓN, ORDENAMIENTO TERRITORIAL Y COORDINACIÓN METROPOLITANA", "NOM_ASEN": "LOS REYES", "TIPO": "BARRIO", "Shape_Leng": 3069.60060896, "Shape_Area": 373731.52480900002, "TURISTICO": "TDR" }, "geometry": { "type": "MultiPolygon", "coordinates": [ [ [ [ -98.96919826677923, 19.226068861244745 ], [ -98.96913794967891, 19.226629878076828 ], [ -98.969098401045542, 19.227243481459944 ], [ -98.968663479216843, 19.228786443547641 ], [ -98.968782506889085, 19.22888009318228 ], [ -98.968786316496391, 19.228921747854397 ], [ -98.968973313032819, 19.228972931583971 ], [ -98.969514273759671, 19.229807604146721 ], [ -98.969290449843967, 19.230660647183036 ], [ -98.968306405538669, 19.23043644391678 ], [ -98.96792031286661, 19.232004811064851 ], [ -98.966134088601663, 19.231433324697711 ], [ -98.962482852032991, 19.230265073207384 ], [ -98.962815569587761, 19.229266709981726 ], [ -98.962842874181661, 19.229194973054639 ], [ -98.962984104860396, 19.228792304378953 ], [ -98.963130380512553, 19.228298332663961 ], [ -98.963174041435096, 19.228137567775672 ], [ -98.963232909086813, 19.228103117154443 ], [ -98.963279722002241, 19.227986637557176 ], [ -98.963532258790835, 19.227275180064495 ], [ -98.963912236116528, 19.226389552736865 ], [ -98.963955224320856, 19.226401312833595 ], [ -98.9642613697348, 19.226523216283908 ], [ -98.964452890923397, 19.225736609463532 ], [ -98.963320766493595, 19.225481055016264 ], [ -98.963613499932137, 19.224452035500455 ], [ -98.964305987182698, 19.224633247529528 ], [ -98.964766547247152, 19.224745110659391 ], [ -98.96480368924891, 19.224552057525866 ], [ -98.965284143686816, 19.224686588452524 ], [ -98.965183737912895, 19.224949447177703 ], [ -98.965041680788261, 19.225459711810942 ], [ -98.965316648980973, 19.225521030922014 ], [ -98.965548792553633, 19.225557697230442 ], [ -98.965914186112556, 19.225624453223137 ], [ -98.966186667895755, 19.225687811816208 ], [ -98.966179520936805, 19.225723839230618 ], [ -98.966377210609394, 19.225778839609017 ], [ -98.966457615976566, 19.225829641974798 ], [ -98.966500539787873, 19.225906909110453 ], [ -98.966536764126943, 19.226017161273653 ], [ -98.967049510486234, 19.226018833156811 ], [ -98.967093724366649, 19.225838646949395 ], [ -98.967634742570709, 19.226069935541087 ], [ -98.968967220777472, 19.226503575173766 ], [ -98.969064343998312, 19.226319804691062 ], [ -98.96919826677923, 19.226068861244745 ] ] ] ] } },
{ "type": "Feature", "properties": { "CVEGEO": "0901100110002", "CVE_ENT": "09", "CVE_MUN": "011", "CVE_LOC": "0011", "CVE_ASEN": "0002", "CP": "00000", "FECHA_ACT": "11/2024", "INSTITUCIO": "SECRETARÍA DE PLANEACIÓN, ORDENAMIENTO TERRITORIAL Y COORDINACIÓN METROPOLITANA", "NOM_ASEN": "SAN AGUSTÍN", "TIPO": "BARRIO", "Shape_Leng": 1904.06684077, "Shape_Area": 205846.206378, "TURISTICO": "TDR" }, "geometry": { "type": "MultiPolygon", "coordinates": [ [ [ [ -98.970061411265547, 19.223370937918439 ], [ -98.969938446085038, 19.224097451415521 ], [ -98.969849884774405, 19.224343818686826 ], [ -98.969793780199595, 19.224447833305991 ], [ -98.969552881485058, 19.224745665423924 ], [ -98.969552581460363, 19.224746032671479 ], [ -98.969509829315243, 19.224775710128913 ], [ -98.969485264408036, 19.224792751640269 ], [ -98.969443928929678, 19.224886074759564 ], [ -98.96943765066554, 19.224900245342269 ], [ -98.969335057854025, 19.224870630763689 ], [ -98.96933505116678, 19.224870674117238 ], [ -98.969332144709341, 19.224896108688849 ], [ -98.96926835199325, 19.225454088764913 ], [ -98.969251817902247, 19.2256407038522 ], [ -98.969348939286846, 19.225763649577381 ], [ -98.969198266738928, 19.226068863055954 ], [ -98.969064343998312, 19.226319804691062 ], [ -98.968967216923673, 19.226503576908371 ], [ -98.967634744396818, 19.226069939201725 ], [ -98.96709372047259, 19.225838650495128 ], [ -98.967049512352659, 19.226018835006325 ], [ -98.966536764167287, 19.226017159462476 ], [ -98.966500535813125, 19.225906916278564 ], [ -98.966457615895891, 19.225829645597209 ], [ -98.966377214301787, 19.225778845119191 ], [ -98.966179519151154, 19.225723833758774 ], [ -98.966186664042013, 19.225687813550735 ], [ -98.965914182299144, 19.225624453146491 ], [ -98.965548790646906, 19.225557697192126 ], [ -98.965316648940629, 19.225521032733159 ], [ -98.965041680667198, 19.225459717244487 ], [ -98.965183737912895, 19.224949447177703 ], [ -98.965284141739744, 19.224686590225382 ], [ -98.965475393332767, 19.224168242115418 ], [ -98.965496349492611, 19.224138189286297 ], [ -98.965577288154336, 19.223866232705273 ], [ -98.965632403965003, 19.223687627302876 ], [ -98.96574750491655, 19.223335133195235 ], [ -98.965876675238235, 19.223095248975493 ], [ -98.966069208883951, 19.222826854537679 ], [ -98.966056187190716, 19.222742282802319 ], [ -98.966089355733047, 19.222702944331232 ], [ -98.966526523508634, 19.222282409993309 ], [ -98.966592251467205, 19.222210762035189 ], [ -98.966771937627811, 19.222014909068779 ], [ -98.966908230373718, 19.221773011251127 ], [ -98.96742019697308, 19.221032288819153 ], [ -98.967900402948189, 19.220515539098667 ], [ -98.968054748453483, 19.220740699607312 ], [ -98.968290281448347, 19.221219450625508 ], [ -98.97007445035679, 19.22291003043679 ], [ -98.970175824534905, 19.222935113597842 ], [ -98.970061411265547, 19.223370937918439 ] ] ] ] } },
{ "type": "Feature", "properties": { "CVEGEO": "0901100110003", "CVE_ENT": "09", "CVE_MUN": "011", "CVE_LOC": "0011", "CVE_ASEN": "0003", "CP": "00000", "FECHA_ACT": "11/2024", "INSTITUCIO": "SECRETARÍA DE PLANEACIÓN, ORDENAMIENTO TERRITORIAL Y COORDINACIÓN METROPOLITANA", "NOM_ASEN": "SAN BARTOLOMÉ", "TIPO": "BARRIO", "Shape_Leng": 3141.6033013400001, "Shape_Area": 444076.28361099999, "TURISTICO": "TDR" }, "geometry": { "type": "MultiPolygon", "coordinates": [ [ [ [ -98.958887398540838, 19.223464728345629 ], [ -98.9590356081452, 19.223078248123951 ], [ -98.959136859391521, 19.222814220410658 ], [ -98.959328679121086, 19.222747249920641 ], [ -98.959359261098427, 19.222660571463777 ], [ -98.959684422479555, 19.221739188221633 ], [ -98.960211724276462, 19.222025602806848 ], [ -98.960272636280536, 19.22209888128587 ], [ -98.96037556236675, 19.222179633986705 ], [ -98.960709370349278, 19.222277302402873 ], [ -98.961084932363832, 19.222395662789026 ], [ -98.961283667457622, 19.222464550710978 ], [ -98.961227561053988, 19.222766248275644 ], [ -98.96120474129799, 19.22284312284199 ], [ -98.96125609374208, 19.222852354003997 ], [ -98.962200983203701, 19.223303415152337 ], [ -98.962379887657519, 19.22342413687409 ], [ -98.962497389945923, 19.223530788575271 ], [ -98.962181073150646, 19.223767489510291 ], [ -98.961959685783157, 19.223961081392776 ], [ -98.962121810658559, 19.22401241983637 ], [ -98.9627108975114, 19.224185850551077 ], [ -98.962977207906093, 19.224268120296927 ], [ -98.963143307792677, 19.224320702728299 ], [ -98.963613494252499, 19.224452033574181 ], [ -98.963320768359878, 19.225481056865792 ], [ -98.964452885243617, 19.2257366075373 ], [ -98.964261367626307, 19.226523225301488 ], [ -98.963955218641047, 19.226401310907367 ], [ -98.963912234209786, 19.226389552698514 ], [ -98.963532256924438, 19.227275178214931 ], [ -98.963279720014711, 19.227986641141179 ], [ -98.963232907099353, 19.228103120738471 ], [ -98.96317403952834, 19.228137567737328 ], [ -98.963130380310645, 19.22829834171996 ], [ -98.962984102913296, 19.228792306151767 ], [ -98.962842874100886, 19.229194976677061 ], [ -98.962815571413714, 19.229266713642485 ], [ -98.962482849924243, 19.230265082225021 ], [ -98.962135054118789, 19.230153788518734 ], [ -98.960416773769765, 19.22960396894441 ], [ -98.958647492067385, 19.229037814537815 ], [ -98.956375835907153, 19.228310869059094 ], [ -98.957124526670896, 19.226090916988422 ], [ -98.957267763963699, 19.225793996367862 ], [ -98.957267200808246, 19.225692138073882 ], [ -98.957313912624244, 19.225599933859918 ], [ -98.957362144912707, 19.225531546372657 ], [ -98.957366407157053, 19.225482152077831 ], [ -98.957672290135577, 19.224516869696359 ], [ -98.957728147337946, 19.224539482023818 ], [ -98.957861995900288, 19.224539912591709 ], [ -98.957956970149823, 19.22451610521637 ], [ -98.958311750579256, 19.224494494128383 ], [ -98.958661046527411, 19.224510908762486 ], [ -98.959143489398599, 19.224432379873662 ], [ -98.959217223117136, 19.224384975697888 ], [ -98.959517780983518, 19.224014096822923 ], [ -98.959716519726499, 19.223824192703983 ], [ -98.9593948565403, 19.223677866353174 ], [ -98.958887398540838, 19.223464728345629 ] ] ] ] } },
{ "type": "Feature", "properties": { "CVEGEO": "0901100110004", "CVE_ENT": "09", "CVE_MUN": "011", "CVE_LOC": "0011", "CVE_ASEN": "0004", "CP": "00000", "FECHA_ACT": "11/2024", "INSTITUCIO": "SECRETARÍA DE PLANEACIÓN, ORDENAMIENTO TERRITORIAL Y COORDINACIÓN METROPOLITANA", "NOM_ASEN": "SAN MIGUEL", "TIPO": "BARRIO", "Shape_Leng": 2448.1792609899999, "Shape_Area": 219268.86614599999, "TURISTICO": "TDR" }, "geometry": { "type": "MultiPolygon", "coordinates": [ [ [ [ -98.964535023090235, 19.22123565972754 ], [ -98.964836630463495, 19.221431633020135 ], [ -98.965128711248013, 19.22156431178389 ], [ -98.965252544607395, 19.221603513961327 ], [ -98.965609091971658, 19.221686449560618 ], [ -98.965782365669256, 19.221736549415013 ], [ -98.966044845559068, 19.221148711257783 ], [ -98.966266138526635, 19.220934562620364 ], [ -98.966680164211709, 19.220756103257429 ], [ -98.967065640322701, 19.220656164126833 ], [ -98.967900402948189, 19.220515539098667 ], [ -98.967420193159796, 19.221032288742567 ], [ -98.96690822656042, 19.221773011174481 ], [ -98.966771937627811, 19.222014909068779 ], [ -98.966592251467205, 19.222210762035189 ], [ -98.966526523508634, 19.222282409993309 ], [ -98.966089355733047, 19.222702944331232 ], [ -98.966056187190716, 19.222742282802319 ], [ -98.966069208883951, 19.222826854537679 ], [ -98.965876675238235, 19.223095248975493 ], [ -98.96574750491655, 19.223335133195235 ], [ -98.965632403965003, 19.223687627302876 ], [ -98.965577288154336, 19.223866232705273 ], [ -98.965496349492611, 19.224138189286297 ], [ -98.965475393332767, 19.224168242115418 ], [ -98.965284141739744, 19.224686590225382 ], [ -98.964803687301838, 19.224552059298709 ], [ -98.964766547166434, 19.22474511428177 ], [ -98.964305981301223, 19.224633254659246 ], [ -98.963613494252499, 19.224452033574181 ], [ -98.963143307792677, 19.224320702728299 ], [ -98.962977207906093, 19.224268120296927 ], [ -98.9627108975114, 19.224185850551077 ], [ -98.962121810658559, 19.22401241983637 ], [ -98.961959685783157, 19.223961081392776 ], [ -98.962181073150646, 19.223767489510291 ], [ -98.962497389945923, 19.223530788575271 ], [ -98.962379887657519, 19.22342413687409 ], [ -98.962200983203701, 19.223303415152337 ], [ -98.96125609374208, 19.222852354003997 ], [ -98.96120474129799, 19.22284312284199 ], [ -98.961227561053988, 19.222766248275644 ], [ -98.961283667457622, 19.222464550710978 ], [ -98.961084932363832, 19.222395662789026 ], [ -98.960709370349278, 19.222277302402873 ], [ -98.96037556236675, 19.222179633986705 ], [ -98.960272636280536, 19.22209888128587 ], [ -98.960211724276462, 19.222025602806848 ], [ -98.959684422479555, 19.221739188221633 ], [ -98.959689494246007, 19.221724843385864 ], [ -98.95980067815664, 19.221629325854948 ], [ -98.959862619209645, 19.221542378416899 ], [ -98.959975018646759, 19.221280073703973 ], [ -98.960331722774782, 19.220720516266017 ], [ -98.960270278286899, 19.220663603923743 ], [ -98.96026358670008, 19.220555306316083 ], [ -98.960334075874613, 19.220456582708962 ], [ -98.960458967428607, 19.220358670018545 ], [ -98.960693941079541, 19.220316523234853 ], [ -98.962448149028049, 19.220554980666734 ], [ -98.962882169030976, 19.220584254092156 ], [ -98.962909820336776, 19.220586120477094 ], [ -98.962914863088102, 19.22058691954647 ], [ -98.963147529373543, 19.2206237794183 ], [ -98.963481319000365, 19.220676659795608 ], [ -98.963930441503166, 19.220825647427816 ], [ -98.964054079002167, 19.220866660432446 ], [ -98.964101878206407, 19.220888856389291 ], [ -98.964339809812898, 19.22099933436953 ], [ -98.964535023090235, 19.22123565972754 ] ] ] ] } },
{ "type": "Feature", "properties": { "CVEGEO": "0901200010163", "CVE_ENT": "09", "CVE_MUN": "012", "CVE_LOC": "0001", "CVE_ASEN": "0163", "CP": "14370", "FECHA_ACT": "11/2022", "INSTITUCIO": "SECRETARÍA DE DESARROLLO URBANO Y VIVIENDA", "NOM_ASEN": "SAN LORENZO HUIPULCO", "TIPO": "PUEBLO", "Shape_Leng": 4295.1389276899999, "Shape_Area": 901942.89280499995, "TURISTICO": "TDR P" }, "geometry": { "type": "MultiPolygon", "coordinates": [ [ [ [ -99.144623459468889, 19.300380480001852 ], [ -99.144773662657784, 19.299972487877124 ], [ -99.145021627078137, 19.29930323707131 ], [ -99.145053642940113, 19.299210575058751 ], [ -99.144127347602108, 19.298857560479885 ], [ -99.143710997408917, 19.29870104927943 ], [ -99.143647152531202, 19.298687432553482 ], [ -99.143585365986951, 19.298671861415134 ], [ -99.143542109728401, 19.298656274670943 ], [ -99.143510457060771, 19.298645796431693 ], [ -99.143465229480867, 19.298470823251591 ], [ -99.143441571964019, 19.298408844025229 ], [ -99.14343974504267, 19.29838066569754 ], [ -99.14344869390824, 19.298326004339359 ], [ -99.142755012859936, 19.298017046042521 ], [ -99.142741323814306, 19.297861399291342 ], [ -99.142797839602224, 19.297663193426583 ], [ -99.142877412230987, 19.29678030295894 ], [ -99.142907693929487, 19.296413342169117 ], [ -99.142910769792437, 19.296328788016972 ], [ -99.142912250176536, 19.296288070978509 ], [ -99.142943197812585, 19.295904007726712 ], [ -99.142923011865037, 19.295661339328102 ], [ -99.143077399082998, 19.295649886303945 ], [ -99.143182622280833, 19.295615844969337 ], [ -99.143263063186808, 19.295575914820709 ], [ -99.143388154840594, 19.29550060898282 ], [ -99.143451918952863, 19.295449867643477 ], [ -99.143601234563405, 19.295295972532688 ], [ -99.143708480150707, 19.295178059978909 ], [ -99.143779999802391, 19.295151986486136 ], [ -99.144069009969897, 19.2950594102747 ], [ -99.145051986563502, 19.294795112490583 ], [ -99.145093305716969, 19.294658188834838 ], [ -99.145167448077572, 19.29442571778916 ], [ -99.145475307363213, 19.293613447338672 ], [ -99.145670110923476, 19.293082908129215 ], [ -99.145746612200526, 19.292974617325946 ], [ -99.145771774348603, 19.292914476605446 ], [ -99.146131852345704, 19.29207382834085 ], [ -99.1462724507319, 19.291691849340442 ], [ -99.146768908025109, 19.290508481179923 ], [ -99.147267618422816, 19.289310434373984 ], [ -99.148049169085866, 19.28997887373702 ], [ -99.148760615815078, 19.290598920632664 ], [ -99.149418828484258, 19.291166877002695 ], [ -99.149556626444053, 19.29128502194299 ], [ -99.149779689385099, 19.29114442985669 ], [ -99.151488899138073, 19.290108442473525 ], [ -99.152844937268739, 19.291859524148666 ], [ -99.153741872238029, 19.293083582154715 ], [ -99.153493218191244, 19.293810148487964 ], [ -99.153430180189346, 19.293947607073417 ], [ -99.153301395657323, 19.294124031299059 ], [ -99.153270321820841, 19.294155532296763 ], [ -99.153013342896159, 19.294312158339082 ], [ -99.152997195384884, 19.294448518322415 ], [ -99.152931187228219, 19.294723694249321 ], [ -99.152740997844376, 19.295109029383049 ], [ -99.15262101578756, 19.295346203002889 ], [ -99.154377211584531, 19.295914861919801 ], [ -99.153470790119769, 19.29660484802729 ], [ -99.152551687471458, 19.297288690143951 ], [ -99.152079581642482, 19.297639946866298 ], [ -99.151787472412764, 19.297932734488462 ], [ -99.151620949780678, 19.298006421645798 ], [ -99.151547674287599, 19.298064018113905 ], [ -99.151378799689454, 19.298195511976495 ], [ -99.151100534895875, 19.29838323033643 ], [ -99.150731846476077, 19.298628749998084 ], [ -99.150632396909671, 19.298700196890248 ], [ -99.150094318962857, 19.299086753639319 ], [ -99.149609890859153, 19.299452935686706 ], [ -99.148786596091483, 19.30009264724584 ], [ -99.148185723537594, 19.300570817787865 ], [ -99.147856678357343, 19.300829166557772 ], [ -99.147642107106208, 19.301028554267315 ], [ -99.147424681525209, 19.301270183330168 ], [ -99.147418061153672, 19.301277540485945 ], [ -99.147410079616904, 19.301286417661331 ], [ -99.147400395676755, 19.301275343083351 ], [ -99.147130108861091, 19.300966520453329 ], [ -99.147127977514501, 19.300964081869999 ], [ -99.147112450334191, 19.300964312275699 ], [ -99.147023199256012, 19.300965629946905 ], [ -99.146930418131916, 19.300967000480973 ], [ -99.146607290169783, 19.300927950225443 ], [ -99.146590020113877, 19.300925829964473 ], [ -99.146101580244704, 19.300827229057575 ], [ -99.146067520556812, 19.300820193259451 ], [ -99.145905332867713, 19.300786685969626 ], [ -99.145646079216561, 19.300733124269758 ], [ -99.145245213923189, 19.300621281910999 ], [ -99.145056972148538, 19.300548717790981 ], [ -99.144698140441008, 19.300409461270764 ], [ -99.144623459468889, 19.300380480001852 ] ] ] ] } },
{ "type": "Feature", "properties": { "CVEGEO": "0901200010184", "CVE_ENT": "09", "CVE_MUN": "012", "CVE_LOC": "0001", "CVE_ASEN": "0184", "CP": "14000", "FECHA_ACT": "11/2022", "INSTITUCIO": "SECRETARÍA DE DESARROLLO URBANO Y VIVIENDA", "NOM_ASEN": "TLALPAN", "TIPO": "COLONIA", "Shape_Leng": 5810.4270724400003, "Shape_Area": 1016851.20883, "TURISTICO": "TDR" }, "geometry": { "type": "MultiPolygon", "coordinates": [ [ [ [ -99.162188562942532, 19.290178854550533 ], [ -99.1622619081149, 19.290079625984919 ], [ -99.162340827564648, 19.289910713473713 ], [ -99.162443068849441, 19.28964576400714 ], [ -99.162559448941607, 19.289309021056699 ], [ -99.163035580113117, 19.28789956939341 ], [ -99.163038868400605, 19.28789021924085 ], [ -99.163434766975087, 19.286685381327356 ], [ -99.164002014103147, 19.284972671252277 ], [ -99.164625923352943, 19.285166506669064 ], [ -99.165810375210583, 19.285523808088449 ], [ -99.167452392424309, 19.286019789790746 ], [ -99.169544134606952, 19.286637975875994 ], [ -99.170195270099711, 19.286863772528537 ], [ -99.170650503777196, 19.287035883137882 ], [ -99.171338006840173, 19.28732451395387 ], [ -99.173497273658896, 19.288304908016279 ], [ -99.17422726996648, 19.288638485050331 ], [ -99.174351984222639, 19.288653686062634 ], [ -99.174024705454855, 19.289509682762962 ], [ -99.173866281770302, 19.289864875289052 ], [ -99.173751422952691, 19.290177929581425 ], [ -99.173731257068837, 19.290434988760982 ], [ -99.173747121202538, 19.290549388628254 ], [ -99.173813284249576, 19.290748433352952 ], [ -99.173920617110227, 19.29092728091911 ], [ -99.174089390508129, 19.291081271127791 ], [ -99.174420083739847, 19.291242090603109 ], [ -99.17459531278665, 19.291312459387623 ], [ -99.17631951596212, 19.292052735160283 ], [ -99.177125079889692, 19.292398591718715 ], [ -99.17726692721952, 19.292459490532035 ], [ -99.177374657721032, 19.29250574237852 ], [ -99.178186524147193, 19.292854298803064 ], [ -99.178604748216117, 19.293029548874081 ], [ -99.179182675210043, 19.29327171648919 ], [ -99.179597452636671, 19.293445520477981 ], [ -99.179628671111871, 19.293458601415097 ], [ -99.179893021762197, 19.29356937076701 ], [ -99.17996216798916, 19.29359834330101 ], [ -99.181478179205911, 19.29423357728027 ], [ -99.181504635746492, 19.294244662653036 ], [ -99.181796929396228, 19.294367136189813 ], [ -99.182174725656964, 19.294525434758956 ], [ -99.182656009160397, 19.294727094449591 ], [ -99.18343333312886, 19.295041723295615 ], [ -99.183984025040701, 19.29525338208903 ], [ -99.184580590806007, 19.295482668549301 ], [ -99.184804143429886, 19.295724909550682 ], [ -99.184521718474059, 19.295683392250911 ], [ -99.183091707853379, 19.295509757966329 ], [ -99.182100435909774, 19.295341033171049 ], [ -99.180879654017374, 19.29528739645993 ], [ -99.180568790656295, 19.29527851841976 ], [ -99.179508476769797, 19.29524724100752 ], [ -99.178443756384283, 19.295165318387657 ], [ -99.178064232991105, 19.295136694521542 ], [ -99.176960219315944, 19.295056305025202 ], [ -99.176182504001986, 19.295043371407516 ], [ -99.176114694104157, 19.295043643808981 ], [ -99.175493898015304, 19.295046134936456 ], [ -99.174970714462106, 19.295003467402957 ], [ -99.174856973359041, 19.294956829481858 ], [ -99.17319363064388, 19.294294222194434 ], [ -99.173127493226318, 19.29426772922038 ], [ -99.17169479261905, 19.293733639236059 ], [ -99.17087229056807, 19.293442717077703 ], [ -99.170745232108828, 19.29339777642921 ], [ -99.170120174053125, 19.293185014735094 ], [ -99.170063895094401, 19.293165857457417 ], [ -99.169075153877387, 19.292827814877899 ], [ -99.168043152353505, 19.292472924979858 ], [ -99.167645914457538, 19.292323471673274 ], [ -99.167047594815429, 19.292107163288282 ], [ -99.166193824285244, 19.291803905111056 ], [ -99.165694894301694, 19.291620877831193 ], [ -99.165612263803652, 19.291591326762664 ], [ -99.164689676053456, 19.291262131510294 ], [ -99.163997169223336, 19.291017899935603 ], [ -99.163644146162113, 19.290898691064996 ], [ -99.162831512882093, 19.29063014683571 ], [ -99.162618442603176, 19.290557224997425 ], [ -99.16200925641192, 19.290337809623828 ], [ -99.162188562942532, 19.290178854550533 ] ] ] ] } },
{ "type": "Feature", "properties": { "CVEGEO": "0901200010185", "CVE_ENT": "09", "CVE_MUN": "012", "CVE_LOC": "0001", "CVE_ASEN": "0185", "CP": "14000", "FECHA_ACT": "11/2022", "INSTITUCIO": "SECRETARÍA DE DESARROLLO URBANO Y VIVIENDA", "NOM_ASEN": "TLALPAN CENTRO", "TIPO": "COLONIA", "Shape_Leng": 3477.84887007, "Shape_Area": 750330.59868900001, "TURISTICO": "TDR" }, "geometry": { "type": "MultiPolygon", "coordinates": [ [ [ [ -99.172861582137841, 19.28157723715492 ], [ -99.173550884824607, 19.281872839437188 ], [ -99.173838965063922, 19.281989928172752 ], [ -99.174126150356258, 19.282118716406679 ], [ -99.174431235008811, 19.282290958821541 ], [ -99.174787409379206, 19.28259656560741 ], [ -99.175016348335646, 19.282824027426091 ], [ -99.175142435755973, 19.282994565355896 ], [ -99.17522442503558, 19.283127725424066 ], [ -99.175368665151623, 19.283378835493249 ], [ -99.17557021036275, 19.28383327805285 ], [ -99.175663698276367, 19.284254591992358 ], [ -99.175705809848338, 19.284794177410753 ], [ -99.175704681236681, 19.285047784033868 ], [ -99.175572709620099, 19.285532028177332 ], [ -99.175147516213187, 19.286675433502442 ], [ -99.174351984222639, 19.288653686062634 ], [ -99.17422726996648, 19.288638485050331 ], [ -99.173497273658896, 19.288304908016279 ], [ -99.171338006840173, 19.28732451395387 ], [ -99.170650503777196, 19.287035883137882 ], [ -99.170195270099711, 19.286863772528537 ], [ -99.169544134606952, 19.286637975875994 ], [ -99.167452392424309, 19.286019789790746 ], [ -99.165810375210583, 19.285523808088449 ], [ -99.164625923352943, 19.285166506669064 ], [ -99.164002014103147, 19.284972671252277 ], [ -99.164305878457796, 19.284114402783917 ], [ -99.164575568168374, 19.283359538202284 ], [ -99.164993743126288, 19.282144393889155 ], [ -99.165288155279697, 19.281478047548095 ], [ -99.165718273169688, 19.28081172039262 ], [ -99.166144011880931, 19.280296564823367 ], [ -99.166939629758616, 19.279535774215692 ], [ -99.167140065609956, 19.279482113834142 ], [ -99.167253356759502, 19.279435891511859 ], [ -99.167311707030663, 19.279412519649444 ], [ -99.167446318230688, 19.279390369818003 ], [ -99.167591903030882, 19.279365778273419 ], [ -99.167729161805568, 19.27936927315524 ], [ -99.168085108838383, 19.279391385451014 ], [ -99.168300971225349, 19.279521487231719 ], [ -99.168577349662314, 19.279669165976088 ], [ -99.170413070689591, 19.28049301096911 ], [ -99.171199533650906, 19.280841268918298 ], [ -99.172861582137841, 19.28157723715492 ] ] ] ] } },
{ "type": "Feature", "properties": { "CVEGEO": "0901300010007", "CVE_ENT": "09", "CVE_MUN": "013", "CVE_LOC": "0001", "CVE_ASEN": "0007", "CP": "16040", "FECHA_ACT": "11/2022", "INSTITUCIO": "SECRETARÍA DE DESARROLLO URBANO Y VIVIENDA", "NOM_ASEN": "LA ASUNCIÓN", "TIPO": "BARRIO", "Shape_Leng": 2658.6551400500002, "Shape_Area": 138707.05024000001, "TURISTICO": "TDR P" }, "geometry": { "type": "MultiPolygon", "coordinates": [ [ [ [ -99.102873153244573, 19.265307500815428 ], [ -99.103214267183134, 19.265372378451314 ], [ -99.103824989159421, 19.265499067494787 ], [ -99.103587181088713, 19.266539583148159 ], [ -99.103475113446066, 19.266949269985947 ], [ -99.103485631841465, 19.267059299923353 ], [ -99.103465472229729, 19.267112343244708 ], [ -99.103387640802225, 19.267418602985249 ], [ -99.103298155987247, 19.267719221227829 ], [ -99.103098624462461, 19.268495584038558 ], [ -99.103077301670879, 19.26868078874276 ], [ -99.103047312400349, 19.268782561664473 ], [ -99.102863406227016, 19.269644547266498 ], [ -99.102795834844827, 19.269961619517925 ], [ -99.102715444373288, 19.270225769492615 ], [ -99.102687927152331, 19.270289888367905 ], [ -99.10290426667207, 19.270349192599628 ], [ -99.103132839721539, 19.270426875310651 ], [ -99.10330147584223, 19.270479186196486 ], [ -99.103263374364033, 19.270769268344921 ], [ -99.103221104687066, 19.270874143785203 ], [ -99.103201442983504, 19.270972371415333 ], [ -99.103186066173919, 19.271075749574184 ], [ -99.103105891423809, 19.271290565568123 ], [ -99.103045329950277, 19.27141202922099 ], [ -99.102884093104294, 19.271671017299052 ], [ -99.10282991083109, 19.27174823690282 ], [ -99.102788549232628, 19.27202233609874 ], [ -99.102728121392985, 19.272225473579802 ], [ -99.102696767513521, 19.272418242208008 ], [ -99.102896226181599, 19.272462331147199 ], [ -99.10306220326521, 19.272556062142947 ], [ -99.103165749219485, 19.272578818371592 ], [ -99.103199303468401, 19.272691175496405 ], [ -99.10377529558447, 19.273093458314989 ], [ -99.103149529039072, 19.273956921627342 ], [ -99.102727675614332, 19.274427629700277 ], [ -99.102199011849351, 19.274769886775378 ], [ -99.102187398826217, 19.27464980134781 ], [ -99.102261275351566, 19.273526181960026 ], [ -99.102302707603855, 19.272803151297566 ], [ -99.102279458440606, 19.272572863548955 ], [ -99.102269042728139, 19.272376250983768 ], [ -99.102189106195354, 19.271735517158284 ], [ -99.102082335292181, 19.271426676039102 ], [ -99.102067730507514, 19.271362102176312 ], [ -99.10198495026745, 19.271129171905613 ], [ -99.101937231112203, 19.270810865453353 ], [ -99.101828718588848, 19.270498026262267 ], [ -99.101778106332276, 19.270326623878873 ], [ -99.101741572202243, 19.270114262047805 ], [ -99.10166399243343, 19.269887632576609 ], [ -99.101567189333039, 19.269604839213272 ], [ -99.101431437084315, 19.269038975066824 ], [ -99.101597778625518, 19.268447610402276 ], [ -99.101566527122444, 19.268359318173268 ], [ -99.101558983036895, 19.268025159989573 ], [ -99.101329209365574, 19.267780719867599 ], [ -99.101028260908791, 19.267654477460681 ], [ -99.100893310551385, 19.267499832128447 ], [ -99.100711495823774, 19.267098973613539 ], [ -99.100747918118429, 19.266996779418402 ], [ -99.100818703248606, 19.266783360121821 ], [ -99.100719021644551, 19.266722715965809 ], [ -99.100826389838531, 19.266462992839664 ], [ -99.100913207830402, 19.266482633385884 ], [ -99.101122118776644, 19.26652989408068 ], [ -99.101630661076456, 19.266630709624728 ], [ -99.101726381719175, 19.266648501963459 ], [ -99.101985794111755, 19.266695523941841 ], [ -99.10215133735727, 19.266724187396765 ], [ -99.102458754401908, 19.266792082254298 ], [ -99.10250798533788, 19.266782839604677 ], [ -99.102574358416589, 19.266514245100431 ], [ -99.102690216241669, 19.266045801955286 ], [ -99.10280668018008, 19.265575558578121 ], [ -99.102873153244573, 19.265307500815428 ] ] ] ] } },
{ "type": "Feature", "properties": { "CVEGEO": "0901300010008", "CVE_ENT": "09", "CVE_MUN": "013", "CVE_LOC": "0001", "CVE_ASEN": "0008", "CP": "16070", "FECHA_ACT": "11/2022", "INSTITUCIO": "SECRETARÍA DE DESARROLLO URBANO Y VIVIENDA", "NOM_ASEN": "BELÉN", "TIPO": "BARRIO", "Shape_Leng": 1187.54574486, "Shape_Area": 66067.1888034, "TURISTICO": "TDR P" }, "geometry": { "type": "MultiPolygon", "coordinates": [ [ [ [ -99.103746063797558, 19.261585452468044 ], [ -99.103152800297053, 19.26145232308702 ], [ -99.102548967560395, 19.261335063127014 ], [ -99.102545231273936, 19.26129140654789 ], [ -99.102691108201554, 19.260652165641702 ], [ -99.102735500654674, 19.26047661777994 ], [ -99.102352842720322, 19.260423310897536 ], [ -99.102335345520189, 19.26052674121928 ], [ -99.101494355877733, 19.260250806866228 ], [ -99.101274359935275, 19.260171250187742 ], [ -99.101237145316844, 19.260157846087552 ], [ -99.101220089068065, 19.260113323158066 ], [ -99.101054006745215, 19.260078819085987 ], [ -99.100808423712223, 19.259990181450441 ], [ -99.100570853178581, 19.259844074636586 ], [ -99.100563821919891, 19.259815767949895 ], [ -99.100637172880511, 19.259611081312691 ], [ -99.100800855162973, 19.259465842356942 ], [ -99.100953797113036, 19.259307870471059 ], [ -99.101012801057962, 19.259147371946476 ], [ -99.101088594912241, 19.258980252078249 ], [ -99.101136402638886, 19.258955277819233 ], [ -99.101180362622429, 19.258906158662807 ], [ -99.101245850480126, 19.258880431144693 ], [ -99.101491647188055, 19.258882746957699 ], [ -99.101664205976277, 19.258891421131427 ], [ -99.101780826807172, 19.258902946286224 ], [ -99.101851486736891, 19.258895795054684 ], [ -99.10193798437767, 19.258887052384679 ], [ -99.102166836027166, 19.258895655776779 ], [ -99.102312882553875, 19.25890939057054 ], [ -99.102452898781408, 19.25894254681225 ], [ -99.102724298700679, 19.259007201964049 ], [ -99.103040139158139, 19.259083545209283 ], [ -99.103231444217442, 19.259053470012525 ], [ -99.103641472167979, 19.259161339843942 ], [ -99.103871662313608, 19.259221241344008 ], [ -99.104049134214577, 19.259267892953645 ], [ -99.104215034663909, 19.25931174391722 ], [ -99.104183694595633, 19.259457618375137 ], [ -99.104131033414916, 19.259702964922738 ], [ -99.104098924143585, 19.259852702429011 ], [ -99.10406767943735, 19.259998477315147 ], [ -99.104045081666925, 19.260103968064076 ], [ -99.104008092355755, 19.260276726318416 ], [ -99.103963789460195, 19.260483763897223 ], [ -99.103915387063878, 19.260710137015593 ], [ -99.103851193766019, 19.261010620303708 ], [ -99.103809885165347, 19.261204148751933 ], [ -99.103740922793463, 19.261527531807165 ], [ -99.103746063797558, 19.261585452468044 ] ] ] ] } },
{ "type": "Feature", "properties": { "CVEGEO": "0901300010010", "CVE_ENT": "09", "CVE_MUN": "013", "CVE_LOC": "0001", "CVE_ASEN": "0010", "CP": "16070", "FECHA_ACT": "11/2022", "INSTITUCIO": "SECRETARÍA DE DESARROLLO URBANO Y VIVIENDA", "NOM_ASEN": "LA GUADALUPITA", "TIPO": "BARRIO", "Shape_Leng": 1582.24308845, "Shape_Area": 95956.650101099993, "TURISTICO": "TDR P" }, "geometry": { "type": "MultiPolygon", "coordinates": [ [ [ [ -99.098422398031857, 19.264399324899589 ], [ -99.098679924083385, 19.2644579749733 ], [ -99.098872497342782, 19.264502587291386 ], [ -99.099037765327552, 19.26454070591338 ], [ -99.099199161996765, 19.264582225482194 ], [ -99.100029522717023, 19.264757915678022 ], [ -99.100328939010993, 19.264821265147358 ], [ -99.100455270491651, 19.264848057609754 ], [ -99.100524985214193, 19.264571336476653 ], [ -99.100556097238666, 19.264426912498603 ], [ -99.100592201878399, 19.26425931053808 ], [ -99.100594268189781, 19.264250085243749 ], [ -99.100729552941615, 19.263664418138163 ], [ -99.102167696777656, 19.263955221736051 ], [ -99.103160466148296, 19.26414101665312 ], [ -99.103018404507665, 19.26471905601074 ], [ -99.103014204307158, 19.264736033994943 ], [ -99.102873153244573, 19.265307500815428 ], [ -99.10280668018008, 19.265575558578121 ], [ -99.102690216241669, 19.266045801955286 ], [ -99.102574358416589, 19.266514245100431 ], [ -99.10250798533788, 19.266782839604677 ], [ -99.102458754401908, 19.266792082254298 ], [ -99.10215133735727, 19.266724187396765 ], [ -99.101985794111755, 19.266695523941841 ], [ -99.101726381719175, 19.266648501963459 ], [ -99.101630661076456, 19.266630709624728 ], [ -99.101122118776644, 19.26652989408068 ], [ -99.100913207830402, 19.266482633385884 ], [ -99.100826389838531, 19.266462992839664 ], [ -99.100719021644551, 19.266722715965809 ], [ -99.100818703248606, 19.266783360121821 ], [ -99.100747918118429, 19.266996779418402 ], [ -99.100711495823774, 19.267098973613539 ], [ -99.100698058123101, 19.267069347742595 ], [ -99.100325168226334, 19.266467468229006 ], [ -99.100226312646697, 19.266310612704732 ], [ -99.100050416908289, 19.266031508369053 ], [ -99.09992435206172, 19.265870649220858 ], [ -99.09982737827842, 19.265750191982185 ], [ -99.09969094816698, 19.265634449225292 ], [ -99.099163945987456, 19.265138261304951 ], [ -99.098926277608157, 19.264853542426859 ], [ -99.098689809483588, 19.264761066057275 ], [ -99.098355143397725, 19.264706447712996 ], [ -99.098422398031857, 19.264399324899589 ] ] ] ] } },
{ "type": "Feature", "properties": { "CVEGEO": "0901300010011", "CVE_ENT": "09", "CVE_MUN": "013", "CVE_LOC": "0001", "CVE_ASEN": "0011", "CP": "16070", "FECHA_ACT": "11/2022", "INSTITUCIO": "SECRETARÍA DE DESARROLLO URBANO Y VIVIENDA", "NOM_ASEN": "EL ROSARIO", "TIPO": "BARRIO", "Shape_Leng": 1731.4958545500001, "Shape_Area": 136153.809955, "TURISTICO": "TDR P" }, "geometry": { "type": "MultiPolygon", "coordinates": [ [ [ [ -99.105088448901597, 19.264543002085883 ], [ -99.105074741870851, 19.264621697195675 ], [ -99.105037684413361, 19.264790126338973 ], [ -99.104967964473829, 19.265111681099032 ], [ -99.10495289061555, 19.265179630001629 ], [ -99.104836240687817, 19.26570054309741 ], [ -99.104443514399051, 19.265620998497173 ], [ -99.103824989159421, 19.265499067494787 ], [ -99.103214267183134, 19.265372378451314 ], [ -99.102873153244573, 19.265307500815428 ], [ -99.103014204307158, 19.264736033994943 ], [ -99.103018404507665, 19.26471905601074 ], [ -99.103160466148296, 19.26414101665312 ], [ -99.103251570015516, 19.263763649263172 ], [ -99.103300590450303, 19.263563041884684 ], [ -99.103334447306366, 19.263424070099191 ], [ -99.103421063878002, 19.2630732810096 ], [ -99.103501455425771, 19.262748085431269 ], [ -99.10357551912756, 19.262449195313611 ], [ -99.103757156542841, 19.261710184702689 ], [ -99.103746063797558, 19.261585452468044 ], [ -99.103740922793463, 19.261527531807165 ], [ -99.103809885165347, 19.261204148751933 ], [ -99.103851193766019, 19.261010620303708 ], [ -99.103915387063878, 19.260710137015593 ], [ -99.103963789460195, 19.260483763897223 ], [ -99.104008092355755, 19.260276726318416 ], [ -99.104045081666925, 19.260103968064076 ], [ -99.10406767943735, 19.259998477315147 ], [ -99.104098924143585, 19.259852702429011 ], [ -99.104131033414916, 19.259702964922738 ], [ -99.104183694595633, 19.259457618375137 ], [ -99.104215034663909, 19.25931174391722 ], [ -99.104382346808464, 19.259374903588981 ], [ -99.104597656925506, 19.259456355411949 ], [ -99.104879115672318, 19.259563023059282 ], [ -99.105149932845094, 19.259665793248885 ], [ -99.105169987036589, 19.259706042408975 ], [ -99.105185468370749, 19.259737107502072 ], [ -99.105394811599481, 19.259850951650826 ], [ -99.105666262046967, 19.259998573605099 ], [ -99.105784308230398, 19.260062764313506 ], [ -99.105918581751368, 19.26013576982394 ], [ -99.106082041865236, 19.260194512179417 ], [ -99.106026885702292, 19.26046996394324 ], [ -99.105898891028218, 19.261086504929533 ], [ -99.105692744479001, 19.261951279388942 ], [ -99.105622815237055, 19.262306254140132 ], [ -99.105566832967824, 19.262535115825674 ], [ -99.105423510207871, 19.263168381008484 ], [ -99.105273396554466, 19.263792164427194 ], [ -99.105277205928715, 19.263850739162169 ], [ -99.105120249055602, 19.264493617524153 ], [ -99.105088448901597, 19.264543002085883 ] ] ] ] } },
{ "type": "Feature", "properties": { "CVEGEO": "0901300010012", "CVE_ENT": "09", "CVE_MUN": "013", "CVE_LOC": "0001", "CVE_ASEN": "0012", "CP": "16000", "FECHA_ACT": "11/2022", "INSTITUCIO": "SECRETARÍA DE DESARROLLO URBANO Y VIVIENDA", "NOM_ASEN": "SAN ANTONIO", "TIPO": "BARRIO", "Shape_Leng": 1648.71041347, "Shape_Area": 128406.116549, "TURISTICO": "TDR P" }, "geometry": { "type": "MultiPolygon", "coordinates": [ [ [ [ -99.105088448901597, 19.264543002085883 ], [ -99.105120249055602, 19.264493617524153 ], [ -99.105277205928715, 19.263850739162169 ], [ -99.105273396554466, 19.263792164427194 ], [ -99.105423510207871, 19.263168381008484 ], [ -99.105566832967824, 19.262535115825674 ], [ -99.105622815237055, 19.262306254140132 ], [ -99.105692744479001, 19.261951279388942 ], [ -99.105898891028218, 19.261086504929533 ], [ -99.106026885702292, 19.26046996394324 ], [ -99.106082041865236, 19.260194512179417 ], [ -99.106298062876775, 19.260222947931197 ], [ -99.106432444815226, 19.260242916890029 ], [ -99.106568007979419, 19.260365077982073 ], [ -99.10659636206853, 19.260390620108648 ], [ -99.106720401466987, 19.260579136146294 ], [ -99.10680907587161, 19.26071378046197 ], [ -99.106878205393315, 19.260848485146944 ], [ -99.107079374404535, 19.261240484299258 ], [ -99.107109605412276, 19.261311426581933 ], [ -99.107146155996887, 19.261397091309156 ], [ -99.107192172010159, 19.261504777826733 ], [ -99.10724787914387, 19.261480050751207 ], [ -99.107422620545449, 19.261476681094241 ], [ -99.107485539653808, 19.261461579901255 ], [ -99.107528079589542, 19.261407740222122 ], [ -99.107587489410378, 19.261319709875799 ], [ -99.107645328078249, 19.261000560785192 ], [ -99.10767718808728, 19.260784047830803 ], [ -99.107678818445464, 19.260775020708277 ], [ -99.108080628834628, 19.260826490126036 ], [ -99.108110939244312, 19.26083405058834 ], [ -99.108538079778057, 19.260888350492415 ], [ -99.108570756526518, 19.260877381027615 ], [ -99.108567318729044, 19.260923462237166 ], [ -99.108561309393664, 19.261004120345447 ], [ -99.108557149300211, 19.261060047002843 ], [ -99.10853789349656, 19.261320216063947 ], [ -99.108521709234125, 19.26154085832102 ], [ -99.108503505469599, 19.261802694812129 ], [ -99.10849287684043, 19.261950297156474 ], [ -99.108479551360901, 19.262062978886128 ], [ -99.108466536968962, 19.262171701853323 ], [ -99.108436762546333, 19.262422312464292 ], [ -99.108413327351869, 19.26262094305298 ], [ -99.108376808975649, 19.262934851377214 ], [ -99.108350321530196, 19.26316148121867 ], [ -99.10832391223704, 19.263385235097353 ], [ -99.108307669621709, 19.263524759040578 ], [ -99.108314888358137, 19.263652781907023 ], [ -99.108236987940913, 19.264140636700361 ], [ -99.108173694057641, 19.264574897692274 ], [ -99.107690128165515, 19.264473885145684 ], [ -99.107602714001899, 19.26447676259308 ], [ -99.107490304356318, 19.26450640340364 ], [ -99.107434680168097, 19.264527169334631 ], [ -99.107402864691011, 19.264539046641925 ], [ -99.107328672172116, 19.264585637199481 ], [ -99.107240376842114, 19.264640952522946 ], [ -99.107124977734046, 19.264713316282528 ], [ -99.107008703214689, 19.264786464112692 ], [ -99.106797561970382, 19.264888319866476 ], [ -99.106395312486512, 19.264851762572096 ], [ -99.105088448901597, 19.264543002085883 ] ] ] ] } },
{ "type": "Feature", "properties": { "CVEGEO": "0901300010013", "CVE_ENT": "09", "CVE_MUN": "013", "CVE_LOC": "0001", "CVE_ASEN": "0013", "CP": "16080", "FECHA_ACT": "11/2022", "INSTITUCIO": "SECRETARÍA DE DESARROLLO URBANO Y VIVIENDA", "NOM_ASEN": "SAN CRISTÓBAL", "TIPO": "BARRIO", "Shape_Leng": 3316.7034342799998, "Shape_Area": 345609.25926299999, "TURISTICO": "TDR P" }, "geometry": { "type": "MultiPolygon", "coordinates": [ [ [ [ -99.100105154366588, 19.262087511069467 ], [ -99.099841879550183, 19.262021244016211 ], [ -99.09958998454006, 19.26195784066752 ], [ -99.099513090999025, 19.261938486082119 ], [ -99.099263830563885, 19.261873324383906 ], [ -99.098980542577323, 19.261804400880482 ], [ -99.098528507006378, 19.261727686157304 ], [ -99.098258738152182, 19.261675592154266 ], [ -99.097863217623924, 19.261599214932264 ], [ -99.097295621400875, 19.26145959028165 ], [ -99.097399578439251, 19.261090300597552 ], [ -99.097573279434428, 19.261109337229993 ], [ -99.097694631866361, 19.261116475325483 ], [ -99.097830974770176, 19.260832843202927 ], [ -99.098102524881455, 19.260897785089831 ], [ -99.098233303351464, 19.26058100149007 ], [ -99.09776304763875, 19.260365118003797 ], [ -99.097706720618959, 19.260360853414078 ], [ -99.097639425553254, 19.260618052106832 ], [ -99.097550627488246, 19.260617834739435 ], [ -99.097159900774159, 19.260641653729163 ], [ -99.096937535278713, 19.260623125186928 ], [ -99.096832988277683, 19.260778564680496 ], [ -99.09656473922378, 19.260586029710801 ], [ -99.096317733945625, 19.260487492614356 ], [ -99.096325296300193, 19.260300150414839 ], [ -99.096313761940976, 19.259671964590346 ], [ -99.096382898165658, 19.259329312248557 ], [ -99.096520393207086, 19.259059163813784 ], [ -99.096774122313946, 19.258558723199609 ], [ -99.096502264232058, 19.258311765474641 ], [ -99.096231312201866, 19.258060658880272 ], [ -99.095705300994723, 19.257496428979927 ], [ -99.095032773195186, 19.256866051993846 ], [ -99.094942847491168, 19.256783391273537 ], [ -99.094608029334552, 19.256341578717056 ], [ -99.094553256630661, 19.256291815675226 ], [ -99.094232628339057, 19.256000506988173 ], [ -99.093902334210028, 19.255700419031516 ], [ -99.093521439754255, 19.255160437323948 ], [ -99.093204027939123, 19.254678159680513 ], [ -99.092992676873052, 19.25423579671633 ], [ -99.092935079715801, 19.254066807522836 ], [ -99.092852213169508, 19.253745830469793 ], [ -99.093044133354667, 19.253810951312254 ], [ -99.093255524966864, 19.253861278330387 ], [ -99.093432867010407, 19.253859174696686 ], [ -99.093886312840468, 19.254020457051897 ], [ -99.094266339542315, 19.254147734117936 ], [ -99.094563720562405, 19.254238203279929 ], [ -99.09473085387765, 19.254250850852031 ], [ -99.094945400992032, 19.25425813364857 ], [ -99.095182517835411, 19.254266180138551 ], [ -99.095371576889136, 19.254361944076951 ], [ -99.095401935215961, 19.254375121641026 ], [ -99.095583002666118, 19.254458967935772 ], [ -99.095730611173011, 19.254528491483352 ], [ -99.095976523363831, 19.254614057518324 ], [ -99.096265010330228, 19.254714434371383 ], [ -99.097183791942967, 19.255024110277301 ], [ -99.097473581147625, 19.255118521134403 ], [ -99.097637492160487, 19.25520516999228 ], [ -99.097757492086927, 19.255332919377494 ], [ -99.098282008528955, 19.255595946246487 ], [ -99.098516376593139, 19.255988362900421 ], [ -99.098717316694135, 19.256692996022892 ], [ -99.09865391608713, 19.25678610100584 ], [ -99.098585037242884, 19.256824236158668 ], [ -99.098574491911606, 19.257043296033643 ], [ -99.098604580155609, 19.257347541018447 ], [ -99.098791141916578, 19.257526629754445 ], [ -99.098994765662553, 19.25760717095768 ], [ -99.099195437786122, 19.257731973776046 ], [ -99.099395940444836, 19.257817629640023 ], [ -99.099666233797507, 19.257943752964245 ], [ -99.099736349803266, 19.257981478056539 ], [ -99.099819260496844, 19.258066431158365 ], [ -99.099964090236199, 19.25821485111064 ], [ -99.100071909985672, 19.258303741666978 ], [ -99.10027444920037, 19.25846909052256 ], [ -99.100395020383203, 19.258550633343432 ], [ -99.100499878612567, 19.258616981265924 ], [ -99.100683740632235, 19.258720891041893 ], [ -99.100921750151215, 19.258870220491868 ], [ -99.101088594912241, 19.258980252078249 ], [ -99.101012801057962, 19.259147371946476 ], [ -99.100953797113036, 19.259307870471059 ], [ -99.100800855162973, 19.259465842356942 ], [ -99.100637172880511, 19.259611081312691 ], [ -99.100563821919891, 19.259815767949895 ], [ -99.100570853178581, 19.259844074636586 ], [ -99.100808423712223, 19.259990181450441 ], [ -99.101054006745215, 19.260078819085987 ], [ -99.101220089068065, 19.260113323158066 ], [ -99.101237145316844, 19.260157846087552 ], [ -99.101274359935275, 19.260171250187742 ], [ -99.101494355877733, 19.260250806866228 ], [ -99.10143630984831, 19.260459714532196 ], [ -99.101322067479259, 19.261064012981546 ], [ -99.101234929289959, 19.261437498540975 ], [ -99.101122784703691, 19.261918157249148 ], [ -99.101112038550482, 19.261968180605187 ], [ -99.101029207526437, 19.262245848869494 ], [ -99.100105154366588, 19.262087511069467 ] ] ] ] } },
{ "type": "Feature", "properties": { "CVEGEO": "0901300010014", "CVE_ENT": "09", "CVE_MUN": "013", "CVE_LOC": "0001", "CVE_ASEN": "0014", "CP": "16080", "FECHA_ACT": "11/2022", "INSTITUCIO": "SECRETARÍA DE DESARROLLO URBANO Y VIVIENDA", "NOM_ASEN": "SAN DIEGO", "TIPO": "BARRIO", "Shape_Leng": 1025.4652869, "Shape_Area": 64125.923561800002, "TURISTICO": "TDR P" }, "geometry": { "type": "MultiPolygon", "coordinates": [ [ [ [ -99.101032123077928, 19.262331625100284 ], [ -99.100800858549945, 19.263319546199455 ], [ -99.100729552941615, 19.263664418138163 ], [ -99.100594268189781, 19.264250085243749 ], [ -99.100592201878399, 19.26425931053808 ], [ -99.100556097238666, 19.264426912498603 ], [ -99.100524985214193, 19.264571336476653 ], [ -99.100455270491651, 19.264848057609754 ], [ -99.100328939010993, 19.264821265147358 ], [ -99.100029522717023, 19.264757915678022 ], [ -99.099199161996765, 19.264582225482194 ], [ -99.099037765327552, 19.26454070591338 ], [ -99.098872497342782, 19.264502587291386 ], [ -99.098679924083385, 19.2644579749733 ], [ -99.098422398031857, 19.264399324899589 ], [ -99.098475487114058, 19.26414834428487 ], [ -99.098484409379182, 19.264106155619288 ], [ -99.098534338786322, 19.263893491590579 ], [ -99.098571094281141, 19.263733065678647 ], [ -99.098619562496509, 19.263526550890454 ], [ -99.09868660069246, 19.263240817194799 ], [ -99.098722357975888, 19.26305934165979 ], [ -99.098726365329455, 19.263038183361648 ], [ -99.098774819897358, 19.262791176606427 ], [ -99.098815577844178, 19.262584626198155 ], [ -99.098835487630055, 19.262482101239037 ], [ -99.098839947586384, 19.262459041760142 ], [ -99.098870903975367, 19.262319208987847 ], [ -99.098926773470879, 19.262066789158027 ], [ -99.098980542577323, 19.261804400880482 ], [ -99.099263830563885, 19.261873324383906 ], [ -99.099513090999025, 19.261938486082119 ], [ -99.09958998454006, 19.26195784066752 ], [ -99.099841879550183, 19.262021244016211 ], [ -99.100105154366588, 19.262087511069467 ], [ -99.101029207526437, 19.262245848869494 ], [ -99.101032123077928, 19.262331625100284 ] ] ] ] } },
{ "type": "Feature", "properties": { "CVEGEO": "0901300010015", "CVE_ENT": "09", "CVE_MUN": "013", "CVE_LOC": "0001", "CVE_ASEN": "0015", "CP": "16080", "FECHA_ACT": "11/2022", "INSTITUCIO": "SECRETARÍA DE DESARROLLO URBANO Y VIVIENDA", "NOM_ASEN": "SAN ESTEBAN", "TIPO": "BARRIO", "Shape_Leng": 2151.6291651500001, "Shape_Area": 123751.702055, "TURISTICO": "TDR P" }, "geometry": { "type": "MultiPolygon", "coordinates": [ [ [ [ -99.098980542577323, 19.261804400880482 ], [ -99.098926773470879, 19.262066789158027 ], [ -99.098870903975367, 19.262319208987847 ], [ -99.098839947586384, 19.262459041760142 ], [ -99.098835487630055, 19.262482101239037 ], [ -99.098815577844178, 19.262584626198155 ], [ -99.098774819897358, 19.262791176606427 ], [ -99.098726365329455, 19.263038183361648 ], [ -99.098722357975888, 19.26305934165979 ], [ -99.09868660069246, 19.263240817194799 ], [ -99.098619562496509, 19.263526550890454 ], [ -99.098571094281141, 19.263733065678647 ], [ -99.098534338786322, 19.263893491590579 ], [ -99.098484409379182, 19.264106155619288 ], [ -99.098475487114058, 19.26414834428487 ], [ -99.098422398031857, 19.264399324899589 ], [ -99.098009733053416, 19.264315163780786 ], [ -99.097938278727426, 19.264300533604587 ], [ -99.097848641356066, 19.264279867732792 ], [ -99.097595377776074, 19.26422358315693 ], [ -99.097620729092966, 19.26404010101739 ], [ -99.097527751327306, 19.263956568992153 ], [ -99.097309311217089, 19.263881990292003 ], [ -99.09696445487296, 19.26375254584423 ], [ -99.096822850771929, 19.26370401674551 ], [ -99.096579440974637, 19.263622087462814 ], [ -99.096649081370941, 19.263388216283293 ], [ -99.096706455829221, 19.263225355115527 ], [ -99.096718225651443, 19.263192730931213 ], [ -99.096120877593876, 19.263100702758749 ], [ -99.095939895246531, 19.263073513386079 ], [ -99.095563412388415, 19.263080688809865 ], [ -99.094946420395146, 19.263021570752301 ], [ -99.094555830062191, 19.262958781155383 ], [ -99.094288766295918, 19.262898523509165 ], [ -99.094236257124933, 19.262887066627741 ], [ -99.093916235767963, 19.262837096341265 ], [ -99.093764465135322, 19.262818992209876 ], [ -99.093595685656183, 19.262798859033083 ], [ -99.093385526956652, 19.26277378682083 ], [ -99.093047029605046, 19.26270652007797 ], [ -99.092797049491892, 19.262683630411701 ], [ -99.092694119955269, 19.26268069006807 ], [ -99.092436106487057, 19.262649159341766 ], [ -99.093394136242878, 19.262189915723368 ], [ -99.093557526207377, 19.26216107649638 ], [ -99.093632554573787, 19.262157918072429 ], [ -99.093722327095676, 19.262147302365168 ], [ -99.094434172532132, 19.261997338424596 ], [ -99.094743730051519, 19.261932123355148 ], [ -99.095536158985169, 19.261690625799069 ], [ -99.095586180711251, 19.261703915268598 ], [ -99.095812386358546, 19.261757089711807 ], [ -99.095820849283285, 19.261735935669453 ], [ -99.095933404010097, 19.261454614417282 ], [ -99.095991745188982, 19.261311202953028 ], [ -99.096053233829792, 19.261213993725729 ], [ -99.096317733945625, 19.260487492614356 ], [ -99.09656473922378, 19.260586029710801 ], [ -99.096832988277683, 19.260778564680496 ], [ -99.096937535278713, 19.260623125186928 ], [ -99.097159900774159, 19.260641653729163 ], [ -99.097550627488246, 19.260617834739435 ], [ -99.097639425553254, 19.260618052106832 ], [ -99.097706720618959, 19.260360853414078 ], [ -99.09776304763875, 19.260365118003797 ], [ -99.098233303351464, 19.26058100149007 ], [ -99.098102524881455, 19.260897785089831 ], [ -99.097830974770176, 19.260832843202927 ], [ -99.097694631866361, 19.261116475325483 ], [ -99.097573279434428, 19.261109337229993 ], [ -99.097399578439251, 19.261090300597552 ], [ -99.097295621400875, 19.26145959028165 ], [ -99.097863217623924, 19.261599214932264 ], [ -99.098258738152182, 19.261675592154266 ], [ -99.098528507006378, 19.261727686157304 ], [ -99.098980542577323, 19.261804400880482 ] ] ] ] } },
{ "type": "Feature", "properties": { "CVEGEO": "0901300010016", "CVE_ENT": "09", "CVE_MUN": "013", "CVE_LOC": "0001", "CVE_ASEN": "0016", "CP": "16629", "FECHA_ACT": "11/2022", "INSTITUCIO": "SECRETARÍA DE DESARROLLO URBANO Y VIVIENDA", "NOM_ASEN": "SAN JUAN", "TIPO": "BARRIO", "Shape_Leng": 1700.21370587, "Shape_Area": 120419.25133499999, "TURISTICO": "TDR P" }, "geometry": { "type": "MultiPolygon", "coordinates": [ [ [ [ -99.104836240687817, 19.26570054309741 ], [ -99.10495289061555, 19.265179630001629 ], [ -99.104967964473829, 19.265111681099032 ], [ -99.105037684413361, 19.264790126338973 ], [ -99.105074741870851, 19.264621697195675 ], [ -99.105088448901597, 19.264543002085883 ], [ -99.106395312486512, 19.264851762572096 ], [ -99.106797561970382, 19.264888319866476 ], [ -99.107008703214689, 19.264786464112692 ], [ -99.107124977734046, 19.264713316282528 ], [ -99.107240376842114, 19.264640952522946 ], [ -99.107328672172116, 19.264585637199481 ], [ -99.107402864691011, 19.264539046641925 ], [ -99.107434680168097, 19.264527169334631 ], [ -99.107490304356318, 19.26450640340364 ], [ -99.107602714001899, 19.26447676259308 ], [ -99.107690128165515, 19.264473885145684 ], [ -99.108173694057641, 19.264574897692274 ], [ -99.108592991366038, 19.264659908111891 ], [ -99.108653762919246, 19.264758691861559 ], [ -99.108641561019965, 19.264837229455971 ], [ -99.107965631074052, 19.264994312617237 ], [ -99.108012258323086, 19.265355345374083 ], [ -99.10796522979237, 19.265661560542998 ], [ -99.107914577356183, 19.265990788216463 ], [ -99.10865535405641, 19.266240398726239 ], [ -99.108651567162184, 19.266289976225803 ], [ -99.108631224572051, 19.266556192817209 ], [ -99.10841894793198, 19.2670993022918 ], [ -99.10830358534939, 19.26737439963923 ], [ -99.108075594953348, 19.26785568019859 ], [ -99.107937920796672, 19.268207804430222 ], [ -99.107768073535212, 19.268560537416484 ], [ -99.106963782054507, 19.268084746633438 ], [ -99.107056789648496, 19.2679575414904 ], [ -99.106964786970138, 19.267870021861718 ], [ -99.106821651470639, 19.267782743815534 ], [ -99.106783124267281, 19.267648140609225 ], [ -99.106799831970946, 19.267479277111807 ], [ -99.106763094181005, 19.267356013592241 ], [ -99.106608786462587, 19.267262583243024 ], [ -99.106348809254001, 19.267214007290193 ], [ -99.106240522166729, 19.267235845722706 ], [ -99.106130725497053, 19.267335275994192 ], [ -99.10607982012182, 19.267387221247962 ], [ -99.105902468070227, 19.267366185569831 ], [ -99.105768270981287, 19.267328392729098 ], [ -99.105309258614128, 19.267173851246838 ], [ -99.105190556372733, 19.267132074874176 ], [ -99.105052528699559, 19.267249273888179 ], [ -99.104977617626105, 19.267299488297173 ], [ -99.104928869216351, 19.267274993439958 ], [ -99.10489311736832, 19.267264030053262 ], [ -99.104798245405945, 19.26724298887591 ], [ -99.104673145993559, 19.267213569005207 ], [ -99.104516470246494, 19.267173432328754 ], [ -99.104601071699264, 19.266775681268903 ], [ -99.1046728412947, 19.26647671622823 ], [ -99.104836240687817, 19.26570054309741 ] ] ] ] } },
{ "type": "Feature", "properties": { "CVEGEO": "0901300010017", "CVE_ENT": "09", "CVE_MUN": "013", "CVE_LOC": "0001", "CVE_ASEN": "0017", "CP": "16040", "FECHA_ACT": "11/2022", "INSTITUCIO": "SECRETARÍA DE DESARROLLO URBANO Y VIVIENDA", "NOM_ASEN": "SAN LORENZO", "TIPO": "BARRIO", "Shape_Leng": 1978.8784256399999, "Shape_Area": 150189.78115600001, "TURISTICO": "TDR P" }, "geometry": { "type": "MultiPolygon", "coordinates": [ [ [ [ -99.098355143397725, 19.264706447712996 ], [ -99.098689809483588, 19.264761066057275 ], [ -99.098926277608157, 19.264853542426859 ], [ -99.099163945987456, 19.265138261304951 ], [ -99.09969094816698, 19.265634449225292 ], [ -99.09982737827842, 19.265750191982185 ], [ -99.09992435206172, 19.265870649220858 ], [ -99.100050416908289, 19.266031508369053 ], [ -99.100226312646697, 19.266310612704732 ], [ -99.100027222505901, 19.266332830224034 ], [ -99.099739596690583, 19.266262144895283 ], [ -99.099605450684649, 19.266208820128988 ], [ -99.099466979849026, 19.266149012022815 ], [ -99.099329686242683, 19.266329291754705 ], [ -99.099341740160526, 19.266626233319254 ], [ -99.099387424646949, 19.266751520631505 ], [ -99.099437953247516, 19.266890096329085 ], [ -99.099468484896661, 19.267245925799106 ], [ -99.099422620701716, 19.267828722170034 ], [ -99.099155342998401, 19.268373293282878 ], [ -99.098978256595643, 19.268311733471439 ], [ -99.098738929839413, 19.268174114553641 ], [ -99.098542165077177, 19.26800787995375 ], [ -99.09839425696893, 19.26788459088899 ], [ -99.098157126638554, 19.267766456594668 ], [ -99.098096918040596, 19.267736460763096 ], [ -99.098251687492478, 19.267326030386553 ], [ -99.098339900232787, 19.267052314034959 ], [ -99.097939313302433, 19.267062073052958 ], [ -99.097512664704993, 19.267005527329822 ], [ -99.097341823870053, 19.267032066094963 ], [ -99.097178663859466, 19.266990715330547 ], [ -99.097136564220577, 19.266783814491593 ], [ -99.096666485832074, 19.266609789930989 ], [ -99.096262408991407, 19.266456106755012 ], [ -99.096102438893581, 19.266393883403182 ], [ -99.095692587954247, 19.26625628375497 ], [ -99.095434744488273, 19.266183068034135 ], [ -99.094963819247994, 19.266057791362574 ], [ -99.094389102424401, 19.265836561420393 ], [ -99.093848668339987, 19.265675850084438 ], [ -99.093716395310693, 19.265420895281135 ], [ -99.093957457773385, 19.265007015665027 ], [ -99.094015791213081, 19.264745031184656 ], [ -99.094025379969253, 19.26466139234866 ], [ -99.094228967839697, 19.264003555493424 ], [ -99.094640745759691, 19.264119224962897 ], [ -99.094735848990226, 19.264133728241745 ], [ -99.095169381347716, 19.264221855003886 ], [ -99.095741137919603, 19.264324132931616 ], [ -99.095953201013913, 19.264363912410047 ], [ -99.096488687218127, 19.264459348921864 ], [ -99.09664328935537, 19.264487311530619 ], [ -99.09665959385751, 19.264490261550495 ], [ -99.097470042968695, 19.264606294767582 ], [ -99.097850553913389, 19.26464935109232 ], [ -99.098355143397725, 19.264706447712996 ] ] ] ] } },
{ "type": "Feature", "properties": { "CVEGEO": "0901300010018", "CVE_ENT": "09", "CVE_MUN": "013", "CVE_LOC": "0001", "CVE_ASEN": "0018", "CP": "16050", "FECHA_ACT": "11/2022", "INSTITUCIO": "SECRETARÍA DE DESARROLLO URBANO Y VIVIENDA", "NOM_ASEN": "SAN MARCOS", "TIPO": "BARRIO", "Shape_Leng": 3934.0537197899998, "Shape_Area": 579268.75337299996, "TURISTICO": "TDR P" }, "geometry": { "type": "MultiPolygon", "coordinates": [ [ [ [ -99.114424677280567, 19.264471152298171 ], [ -99.115333491296894, 19.265978412657383 ], [ -99.11539210865331, 19.266107087525437 ], [ -99.113031796267535, 19.265580476292403 ], [ -99.112177281479632, 19.265386541855584 ], [ -99.111570913049832, 19.265284405399385 ], [ -99.110540961443874, 19.26508152825113 ], [ -99.110227324271662, 19.265019748059537 ], [ -99.109859236231031, 19.264935696971182 ], [ -99.109625578135791, 19.264884711277713 ], [ -99.10928337838719, 19.264803047909538 ], [ -99.108592991366038, 19.264659908111891 ], [ -99.108173694057641, 19.264574897692274 ], [ -99.108236987940913, 19.264140636700361 ], [ -99.108314888358137, 19.263652781907023 ], [ -99.108307669621709, 19.263524759040578 ], [ -99.10832391223704, 19.263385235097353 ], [ -99.108350321530196, 19.26316148121867 ], [ -99.108376808975649, 19.262934851377214 ], [ -99.108413327351869, 19.26262094305298 ], [ -99.108436762546333, 19.262422312464292 ], [ -99.108466536968962, 19.262171701853323 ], [ -99.108479551360901, 19.262062978886128 ], [ -99.10849287684043, 19.261950297156474 ], [ -99.108503505469599, 19.261802694812129 ], [ -99.108521709234125, 19.26154085832102 ], [ -99.10853789349656, 19.261320216063947 ], [ -99.108557149300211, 19.261060047002843 ], [ -99.108561309393664, 19.261004120345447 ], [ -99.108567318729044, 19.260923462237166 ], [ -99.108570756526518, 19.260877381027615 ], [ -99.108581838272286, 19.260729278361943 ], [ -99.108591897538389, 19.260563101054004 ], [ -99.1086005597423, 19.260384629571007 ], [ -99.108616742857734, 19.260158457267792 ], [ -99.108631552021848, 19.259943435320103 ], [ -99.108658002148474, 19.259689125014589 ], [ -99.108668111468646, 19.259592298876328 ], [ -99.108701253650352, 19.259367785173136 ], [ -99.108723325765538, 19.259244188899842 ], [ -99.108746018295449, 19.259117250456065 ], [ -99.108759648375539, 19.259041065569711 ], [ -99.108784283160688, 19.258903522298358 ], [ -99.108806545938691, 19.258779386125273 ], [ -99.108817165872225, 19.258720243736985 ], [ -99.10890645554241, 19.258429223932556 ], [ -99.108965742029909, 19.258236707731388 ], [ -99.109014657275523, 19.25807813518831 ], [ -99.109061477696898, 19.257961885919073 ], [ -99.109130608552718, 19.257790418292721 ], [ -99.109213842165943, 19.257577188925897 ], [ -99.109317064024296, 19.257309184195226 ], [ -99.109413945304738, 19.257056282731728 ], [ -99.109482869841941, 19.256881188957379 ], [ -99.109525535278848, 19.25673359189933 ], [ -99.109658613358803, 19.256784018490723 ], [ -99.109901495420615, 19.256897512280673 ], [ -99.110091356085789, 19.257028252475681 ], [ -99.110357779859569, 19.257207814964815 ], [ -99.110457819217359, 19.257313783154736 ], [ -99.110835780035927, 19.257198879827101 ], [ -99.11111111030614, 19.257019431955232 ], [ -99.111883900413787, 19.256515761264534 ], [ -99.112172610580345, 19.256297156096664 ], [ -99.112411682305833, 19.256116005150449 ], [ -99.113877512783844, 19.257246164589784 ], [ -99.113961653281066, 19.257358284566738 ], [ -99.113989395157716, 19.257395374212106 ], [ -99.114294147166248, 19.258200883408076 ], [ -99.114654185011176, 19.259197210100211 ], [ -99.114682130037309, 19.259273008483007 ], [ -99.114934987692152, 19.259955997172494 ], [ -99.115244182414273, 19.260813073146458 ], [ -99.115498338623169, 19.261512853559466 ], [ -99.11558930174391, 19.261762834242742 ], [ -99.115756085798907, 19.262152843937997 ], [ -99.11602210692206, 19.2630781722583 ], [ -99.112818427382493, 19.261367036134381 ], [ -99.112527559134804, 19.261263744025094 ], [ -99.11274759190654, 19.261537415290888 ], [ -99.113507178111675, 19.262847078345246 ], [ -99.114424677280567, 19.264471152298171 ] ] ] ] } },
{ "type": "Feature", "properties": { "CVEGEO": "0901300010019", "CVE_ENT": "09", "CVE_MUN": "013", "CVE_LOC": "0001", "CVE_ASEN": "0019", "CP": "16090", "FECHA_ACT": "11/2022", "INSTITUCIO": "SECRETARÍA DE DESARROLLO URBANO Y VIVIENDA", "NOM_ASEN": "SAN PEDRO", "TIPO": "BARRIO", "Shape_Leng": 4117.7221934999998, "Shape_Area": 617895.697147, "TURISTICO": "TDR P" }, "geometry": { "type": "MultiPolygon", "coordinates": [ [ [ [ -99.112411682305833, 19.256116005150449 ], [ -99.112172610580345, 19.256297156096664 ], [ -99.111883900413787, 19.256515761264534 ], [ -99.11111111030614, 19.257019431955232 ], [ -99.110835780035927, 19.257198879827101 ], [ -99.110457819217359, 19.257313783154736 ], [ -99.110357779859569, 19.257207814964815 ], [ -99.110091356085789, 19.257028252475681 ], [ -99.109901495420615, 19.256897512280673 ], [ -99.109658613358803, 19.256784018490723 ], [ -99.109525535278848, 19.25673359189933 ], [ -99.109482869841941, 19.256881188957379 ], [ -99.109413945304738, 19.257056282731728 ], [ -99.109317064024296, 19.257309184195226 ], [ -99.109213842165943, 19.257577188925897 ], [ -99.109130608552718, 19.257790418292721 ], [ -99.109061477696898, 19.257961885919073 ], [ -99.109014657275523, 19.25807813518831 ], [ -99.108965742029909, 19.258236707731388 ], [ -99.10890645554241, 19.258429223932556 ], [ -99.108817165872225, 19.258720243736985 ], [ -99.108806545938691, 19.258779386125273 ], [ -99.108784283160688, 19.258903522298358 ], [ -99.108759648375539, 19.259041065569711 ], [ -99.108746018295449, 19.259117250456065 ], [ -99.108723325765538, 19.259244188899842 ], [ -99.108701253650352, 19.259367785173136 ], [ -99.108668111468646, 19.259592298876328 ], [ -99.108658002148474, 19.259689125014589 ], [ -99.108631552021848, 19.259943435320103 ], [ -99.108616742857734, 19.260158457267792 ], [ -99.1086005597423, 19.260384629571007 ], [ -99.108591897538389, 19.260563101054004 ], [ -99.108581838272286, 19.260729278361943 ], [ -99.108570756526518, 19.260877381027615 ], [ -99.108538079778057, 19.260888350492415 ], [ -99.108110939244312, 19.26083405058834 ], [ -99.108080628834628, 19.260826490126036 ], [ -99.107678818445464, 19.260775020708277 ], [ -99.10767718808728, 19.260784047830803 ], [ -99.107645328078249, 19.261000560785192 ], [ -99.107587489410378, 19.261319709875799 ], [ -99.107528079589542, 19.261407740222122 ], [ -99.107485539653808, 19.261461579901255 ], [ -99.107422620545449, 19.261476681094241 ], [ -99.10724787914387, 19.261480050751207 ], [ -99.107192172010159, 19.261504777826733 ], [ -99.107146155996887, 19.261397091309156 ], [ -99.107109605412276, 19.261311426581933 ], [ -99.107079374404535, 19.261240484299258 ], [ -99.106878205393315, 19.260848485146944 ], [ -99.10680907587161, 19.26071378046197 ], [ -99.106720401466987, 19.260579136146294 ], [ -99.10659636206853, 19.260390620108648 ], [ -99.106568007979419, 19.260365077982073 ], [ -99.106432444815226, 19.260242916890029 ], [ -99.106298062876775, 19.260222947931197 ], [ -99.106082041865236, 19.260194512179417 ], [ -99.105918581751368, 19.26013576982394 ], [ -99.105784308230398, 19.260062764313506 ], [ -99.105666262046967, 19.259998573605099 ], [ -99.105394811599481, 19.259850951650826 ], [ -99.105185468370749, 19.259737107502072 ], [ -99.105169987036589, 19.259706042408975 ], [ -99.105149932845094, 19.259665793248885 ], [ -99.104879115672318, 19.259563023059282 ], [ -99.104597656925506, 19.259456355411949 ], [ -99.104382346808464, 19.259374903588981 ], [ -99.104215034663909, 19.25931174391722 ], [ -99.104241533395168, 19.259196680808753 ], [ -99.104299536696274, 19.258945045795723 ], [ -99.104335948692395, 19.258787291157692 ], [ -99.104368050950328, 19.258648358792737 ], [ -99.104427412257806, 19.258389904099936 ], [ -99.104509296387036, 19.258034736745184 ], [ -99.104566627723386, 19.257787379985615 ], [ -99.104628309533979, 19.257521870466299 ], [ -99.10468170121267, 19.257263261697382 ], [ -99.104717449150513, 19.257089494374366 ], [ -99.104759688115962, 19.256877931290536 ], [ -99.104805805862199, 19.256673995143096 ], [ -99.104858736274508, 19.256453747351362 ], [ -99.104906876920694, 19.256247800668529 ], [ -99.104962322561576, 19.256007406182807 ], [ -99.105028337075638, 19.255718945724084 ], [ -99.105102185492385, 19.25540480516182 ], [ -99.105157196159809, 19.255406552047386 ], [ -99.105596652801637, 19.25336689254193 ], [ -99.105888577114541, 19.25200447238019 ], [ -99.105932799952143, 19.251764124612258 ], [ -99.106002074446437, 19.25145430972897 ], [ -99.106061365411122, 19.251137099017285 ], [ -99.106121515535023, 19.250667561785018 ], [ -99.106117600581157, 19.250303013351445 ], [ -99.106340507975489, 19.250383828527166 ], [ -99.106498894205686, 19.249827552479811 ], [ -99.106506007321315, 19.249766098583745 ], [ -99.106484136048863, 19.249689029619873 ], [ -99.109542953076485, 19.250651334831982 ], [ -99.109995380742262, 19.250787309054086 ], [ -99.109703718375044, 19.251273426326772 ], [ -99.109333516937895, 19.251824482638863 ], [ -99.10919108945285, 19.252061421770236 ], [ -99.10876647494608, 19.252769638919474 ], [ -99.108714939035394, 19.252873158253323 ], [ -99.109255141462313, 19.253046037666024 ], [ -99.110452217289193, 19.25342936874905 ], [ -99.111223411584831, 19.253676422405476 ], [ -99.112298792150739, 19.254020972705298 ], [ -99.113179494995762, 19.254303180065694 ], [ -99.113209338889789, 19.254290838220083 ], [ -99.113743911045475, 19.254455503340409 ], [ -99.114267187453763, 19.254620177192788 ], [ -99.114317278554296, 19.254671390851541 ], [ -99.114248903301956, 19.254721050702376 ], [ -99.114032555971889, 19.254878169013892 ], [ -99.113802754751163, 19.255045037663269 ], [ -99.113768948814567, 19.255069583957077 ], [ -99.113510079318729, 19.255257530260742 ], [ -99.113464025464992, 19.255293546185392 ], [ -99.113322709348211, 19.255404052285229 ], [ -99.11314247900863, 19.255544968323495 ], [ -99.113013680574696, 19.255645653168667 ], [ -99.11284980952226, 19.255773730054948 ], [ -99.112809977662451, 19.255804859979396 ], [ -99.112411682305833, 19.256116005150449 ] ] ] ] } },
{ "type": "Feature", "properties": { "CVEGEO": "0901300010020", "CVE_ENT": "09", "CVE_MUN": "013", "CVE_LOC": "0001", "CVE_ASEN": "0020", "CP": "16070", "FECHA_ACT": "11/2022", "INSTITUCIO": "SECRETARÍA DE DESARROLLO URBANO Y VIVIENDA", "NOM_ASEN": "SANTA CRUCITA", "TIPO": "BARRIO", "Shape_Leng": 1306.2123218700001, "Shape_Area": 88413.547040399993, "TURISTICO": "TDR P" }, "geometry": { "type": "MultiPolygon", "coordinates": [ [ [ [ -99.100729552941615, 19.263664418138163 ], [ -99.100800858549945, 19.263319546199455 ], [ -99.101032123077928, 19.262331625100284 ], [ -99.101029207526437, 19.262245848869494 ], [ -99.101112038550482, 19.261968180605187 ], [ -99.101122784703691, 19.261918157249148 ], [ -99.101234929289959, 19.261437498540975 ], [ -99.101322067479259, 19.261064012981546 ], [ -99.10143630984831, 19.260459714532196 ], [ -99.101494355877733, 19.260250806866228 ], [ -99.102335345520189, 19.26052674121928 ], [ -99.102352842720322, 19.260423310897536 ], [ -99.102735500654674, 19.26047661777994 ], [ -99.102691108201554, 19.260652165641702 ], [ -99.102545231273936, 19.26129140654789 ], [ -99.102548967560395, 19.261335063127014 ], [ -99.103152800297053, 19.26145232308702 ], [ -99.103746063797558, 19.261585452468044 ], [ -99.103757156542841, 19.261710184702689 ], [ -99.10357551912756, 19.262449195313611 ], [ -99.103501455425771, 19.262748085431269 ], [ -99.103421063878002, 19.2630732810096 ], [ -99.103334447306366, 19.263424070099191 ], [ -99.103300590450303, 19.263563041884684 ], [ -99.103251570015516, 19.263763649263172 ], [ -99.103160466148296, 19.26414101665312 ], [ -99.102167696777656, 19.263955221736051 ], [ -99.100729552941615, 19.263664418138163 ] ] ] ] } },
{ "type": "Feature", "properties": { "CVEGEO": "0901300010021", "CVE_ENT": "09", "CVE_MUN": "013", "CVE_LOC": "0001", "CVE_ASEN": "0021", "CP": "16080", "FECHA_ACT": "11/2022", "INSTITUCIO": "SECRETARÍA DE DESARROLLO URBANO Y VIVIENDA", "NOM_ASEN": "LA SANTÍSIMA", "TIPO": "BARRIO", "Shape_Leng": 1571.7606411500001, "Shape_Area": 68948.518592599998, "TURISTICO": "TDR P" }, "geometry": { "type": "MultiPolygon", "coordinates": [ [ [ [ -99.098355143397725, 19.264706447712996 ], [ -99.097850553913389, 19.26464935109232 ], [ -99.097470042968695, 19.264606294767582 ], [ -99.09665959385751, 19.264490261550495 ], [ -99.09664328935537, 19.264487311530619 ], [ -99.096488687218127, 19.264459348921864 ], [ -99.095953201013913, 19.264363912410047 ], [ -99.095741137919603, 19.264324132931616 ], [ -99.095169381347716, 19.264221855003886 ], [ -99.094735848990226, 19.264133728241745 ], [ -99.094640745759691, 19.264119224962897 ], [ -99.094228967839697, 19.264003555493424 ], [ -99.093468710275388, 19.263771489110535 ], [ -99.093378789257599, 19.263738411686273 ], [ -99.093296396342922, 19.263710661566655 ], [ -99.093191360982175, 19.263677081071773 ], [ -99.093019237705391, 19.263627355644697 ], [ -99.092729218541578, 19.263536747322071 ], [ -99.092684326862866, 19.263523292913277 ], [ -99.092462346762233, 19.263456307579848 ], [ -99.091794744237959, 19.263227191096622 ], [ -99.09209040827362, 19.262815059299847 ], [ -99.092436106487057, 19.262649159341766 ], [ -99.092694119955269, 19.26268069006807 ], [ -99.092797049491892, 19.262683630411701 ], [ -99.093047029605046, 19.26270652007797 ], [ -99.093385526956652, 19.26277378682083 ], [ -99.093595685656183, 19.262798859033083 ], [ -99.093764465135322, 19.262818992209876 ], [ -99.093916235767963, 19.262837096341265 ], [ -99.094236257124933, 19.262887066627741 ], [ -99.094288766295918, 19.262898523509165 ], [ -99.094555830062191, 19.262958781155383 ], [ -99.094946420395146, 19.263021570752301 ], [ -99.095563412388415, 19.263080688809865 ], [ -99.095939895246531, 19.263073513386079 ], [ -99.096120877593876, 19.263100702758749 ], [ -99.096718225651443, 19.263192730931213 ], [ -99.096706455829221, 19.263225355115527 ], [ -99.096649081370941, 19.263388216283293 ], [ -99.096579440974637, 19.263622087462814 ], [ -99.096822850771929, 19.26370401674551 ], [ -99.09696445487296, 19.26375254584423 ], [ -99.097309311217089, 19.263881990292003 ], [ -99.097527751327306, 19.263956568992153 ], [ -99.097620729092966, 19.26404010101739 ], [ -99.097595377776074, 19.26422358315693 ], [ -99.097848641356066, 19.264279867732792 ], [ -99.097938278727426, 19.264300533604587 ], [ -99.098009733053416, 19.264315163780786 ], [ -99.098422398031857, 19.264399324899589 ], [ -99.098355143397725, 19.264706447712996 ] ] ] ] } },
{ "type": "Feature", "properties": { "CVEGEO": "0901300010022", "CVE_ENT": "09", "CVE_MUN": "013", "CVE_LOC": "0001", "CVE_ASEN": "0022", "CP": "16000", "FECHA_ACT": "11/2022", "INSTITUCIO": "SECRETARÍA DE DESARROLLO URBANO Y VIVIENDA", "NOM_ASEN": "LA CONCEPCIÓN TLACOAPA", "TIPO": "BARRIO", "Shape_Leng": 2259.05007905, "Shape_Area": 185782.21924599999, "TURISTICO": "TDR P" }, "geometry": { "type": "MultiPolygon", "coordinates": [ [ [ [ -99.104836240687817, 19.26570054309741 ], [ -99.1046728412947, 19.26647671622823 ], [ -99.104601071699264, 19.266775681268903 ], [ -99.104516470246494, 19.267173432328754 ], [ -99.104673145993559, 19.267213569005207 ], [ -99.104798245405945, 19.26724298887591 ], [ -99.10489311736832, 19.267264030053262 ], [ -99.104928869216351, 19.267274993439958 ], [ -99.104977617626105, 19.267299488297173 ], [ -99.105052528699559, 19.267249273888179 ], [ -99.105190556372733, 19.267132074874176 ], [ -99.105309258614128, 19.267173851246838 ], [ -99.105768270981287, 19.267328392729098 ], [ -99.105902468070227, 19.267366185569831 ], [ -99.10607982012182, 19.267387221247962 ], [ -99.106130725497053, 19.267335275994192 ], [ -99.106240522166729, 19.267235845722706 ], [ -99.106348809254001, 19.267214007290193 ], [ -99.106608786462587, 19.267262583243024 ], [ -99.106763094181005, 19.267356013592241 ], [ -99.106799831970946, 19.267479277111807 ], [ -99.106783124267281, 19.267648140609225 ], [ -99.106821651470639, 19.267782743815534 ], [ -99.106964786970138, 19.267870021861718 ], [ -99.107056789648496, 19.2679575414904 ], [ -99.106963782054507, 19.268084746633438 ], [ -99.106783347558078, 19.268293982448196 ], [ -99.106599418456355, 19.268577771347612 ], [ -99.106304718016787, 19.269062352671043 ], [ -99.106056079778099, 19.269216684040799 ], [ -99.105793833676287, 19.26956469449425 ], [ -99.105418325820509, 19.270214643214061 ], [ -99.10533761450715, 19.270383077545706 ], [ -99.105113947169727, 19.270849840578979 ], [ -99.104688941159253, 19.271632944526129 ], [ -99.104439850909912, 19.272082561631215 ], [ -99.104182034130162, 19.272461681631615 ], [ -99.104016338860603, 19.272745791461411 ], [ -99.10377529558447, 19.273093458314989 ], [ -99.103199303468401, 19.272691175496405 ], [ -99.103165749219485, 19.272578818371592 ], [ -99.10306220326521, 19.272556062142947 ], [ -99.102896226181599, 19.272462331147199 ], [ -99.102696767513521, 19.272418242208008 ], [ -99.102728121392985, 19.272225473579802 ], [ -99.102788549232628, 19.27202233609874 ], [ -99.10282991083109, 19.27174823690282 ], [ -99.102884093104294, 19.271671017299052 ], [ -99.103045329950277, 19.27141202922099 ], [ -99.103105891423809, 19.271290565568123 ], [ -99.103186066173919, 19.271075749574184 ], [ -99.103201442983504, 19.270972371415333 ], [ -99.103221104687066, 19.270874143785203 ], [ -99.103263374364033, 19.270769268344921 ], [ -99.10330147584223, 19.270479186196486 ], [ -99.103132839721539, 19.270426875310651 ], [ -99.10290426667207, 19.270349192599628 ], [ -99.102687927152331, 19.270289888367905 ], [ -99.102715444373288, 19.270225769492615 ], [ -99.102795834844827, 19.269961619517925 ], [ -99.102863406227016, 19.269644547266498 ], [ -99.103047312400349, 19.268782561664473 ], [ -99.103077301670879, 19.26868078874276 ], [ -99.103098624462461, 19.268495584038558 ], [ -99.103298155987247, 19.267719221227829 ], [ -99.103387640802225, 19.267418602985249 ], [ -99.103465472229729, 19.267112343244708 ], [ -99.103485631841465, 19.267059299923353 ], [ -99.103475113446066, 19.266949269985947 ], [ -99.103587181088713, 19.266539583148159 ], [ -99.103824989159421, 19.265499067494787 ], [ -99.104443514399051, 19.265620998497173 ], [ -99.104836240687817, 19.26570054309741 ] ] ] ] } },
{ "type": "Feature", "properties": { "CVEGEO": "0901300010023", "CVE_ENT": "09", "CVE_MUN": "013", "CVE_LOC": "0001", "CVE_ASEN": "0023", "CP": "16090", "FECHA_ACT": "11/2022", "INSTITUCIO": "SECRETARÍA DE DESARROLLO URBANO Y VIVIENDA", "NOM_ASEN": "XALTOCAN", "TIPO": "BARRIO", "Shape_Leng": 4621.9300891299999, "Shape_Area": 970994.29351700004, "TURISTICO": "TDR P" }, "geometry": { "type": "MultiPolygon", "coordinates": [ [ [ [ -99.106117600581157, 19.250303013351445 ], [ -99.106121515535023, 19.250667561785018 ], [ -99.106061365411122, 19.251137099017285 ], [ -99.106002074446437, 19.25145430972897 ], [ -99.105932799952143, 19.251764124612258 ], [ -99.105888577114541, 19.25200447238019 ], [ -99.105596652801637, 19.25336689254193 ], [ -99.105157196159809, 19.255406552047386 ], [ -99.105102185492385, 19.25540480516182 ], [ -99.105028337075638, 19.255718945724084 ], [ -99.104962322561576, 19.256007406182807 ], [ -99.104906876920694, 19.256247800668529 ], [ -99.104858736274508, 19.256453747351362 ], [ -99.104805805862199, 19.256673995143096 ], [ -99.104759688115962, 19.256877931290536 ], [ -99.104717449150513, 19.257089494374366 ], [ -99.10468170121267, 19.257263261697382 ], [ -99.104628309533979, 19.257521870466299 ], [ -99.104566627723386, 19.257787379985615 ], [ -99.104509296387036, 19.258034736745184 ], [ -99.104427412257806, 19.258389904099936 ], [ -99.104368050950328, 19.258648358792737 ], [ -99.104335948692395, 19.258787291157692 ], [ -99.104299536696274, 19.258945045795723 ], [ -99.104241533395168, 19.259196680808753 ], [ -99.104215034663909, 19.25931174391722 ], [ -99.104049134214577, 19.259267892953645 ], [ -99.103871662313608, 19.259221241344008 ], [ -99.103641472167979, 19.259161339843942 ], [ -99.103231444217442, 19.259053470012525 ], [ -99.103040139158139, 19.259083545209283 ], [ -99.102724298700679, 19.259007201964049 ], [ -99.102452898781408, 19.25894254681225 ], [ -99.102312882553875, 19.25890939057054 ], [ -99.102166836027166, 19.258895655776779 ], [ -99.10193798437767, 19.258887052384679 ], [ -99.101851486736891, 19.258895795054684 ], [ -99.101780826807172, 19.258902946286224 ], [ -99.101664205976277, 19.258891421131427 ], [ -99.101491647188055, 19.258882746957699 ], [ -99.101245850480126, 19.258880431144693 ], [ -99.101180362622429, 19.258906158662807 ], [ -99.101136402638886, 19.258955277819233 ], [ -99.101088594912241, 19.258980252078249 ], [ -99.100921750151215, 19.258870220491868 ], [ -99.100683740632235, 19.258720891041893 ], [ -99.100499878612567, 19.258616981265924 ], [ -99.100395020383203, 19.258550633343432 ], [ -99.10027444920037, 19.25846909052256 ], [ -99.100071909985672, 19.258303741666978 ], [ -99.099964090236199, 19.25821485111064 ], [ -99.099819260496844, 19.258066431158365 ], [ -99.099736349803266, 19.257981478056539 ], [ -99.099666233797507, 19.257943752964245 ], [ -99.099395940444836, 19.257817629640023 ], [ -99.099195437786122, 19.257731973776046 ], [ -99.098994765662553, 19.25760717095768 ], [ -99.098791141916578, 19.257526629754445 ], [ -99.098604580155609, 19.257347541018447 ], [ -99.098574491911606, 19.257043296033643 ], [ -99.098585037242884, 19.256824236158668 ], [ -99.09865391608713, 19.25678610100584 ], [ -99.098717316694135, 19.256692996022892 ], [ -99.098516376593139, 19.255988362900421 ], [ -99.098282008528955, 19.255595946246487 ], [ -99.097757492086927, 19.255332919377494 ], [ -99.097637492160487, 19.25520516999228 ], [ -99.097473581147625, 19.255118521134403 ], [ -99.097183791942967, 19.255024110277301 ], [ -99.096265010330228, 19.254714434371383 ], [ -99.095976523363831, 19.254614057518324 ], [ -99.095730611173011, 19.254528491483352 ], [ -99.095583002666118, 19.254458967935772 ], [ -99.095401935215961, 19.254375121641026 ], [ -99.095371576889136, 19.254361944076951 ], [ -99.095182517835411, 19.254266180138551 ], [ -99.094945400992032, 19.25425813364857 ], [ -99.09473085387765, 19.254250850852031 ], [ -99.094563720562405, 19.254238203279929 ], [ -99.094266339542315, 19.254147734117936 ], [ -99.093886312840468, 19.254020457051897 ], [ -99.093432867010407, 19.253859174696686 ], [ -99.093255524966864, 19.253861278330387 ], [ -99.093044133354667, 19.253810951312254 ], [ -99.092852213169508, 19.253745830469793 ], [ -99.092885425440485, 19.252767311980815 ], [ -99.093259101422774, 19.252831686345445 ], [ -99.093645481718582, 19.252889212083193 ], [ -99.093898648074799, 19.252927177958799 ], [ -99.0944043578981, 19.25062365698669 ], [ -99.094443942359177, 19.250467695808258 ], [ -99.094618700259517, 19.250076114007605 ], [ -99.094802450085538, 19.250221746042605 ], [ -99.095083114444705, 19.250284900510959 ], [ -99.096482765573242, 19.250594848538476 ], [ -99.097751679854895, 19.250876953160681 ], [ -99.09948949369192, 19.251237944984748 ], [ -99.099638748715833, 19.251187970188269 ], [ -99.100912778986654, 19.249952969618768 ], [ -99.100968019344748, 19.249927060305311 ], [ -99.101627309205327, 19.249297720533832 ], [ -99.101846379946991, 19.249086860136661 ], [ -99.10262375012573, 19.248345110393934 ], [ -99.10365871885368, 19.247358320384613 ], [ -99.103767199791406, 19.247255140165908 ], [ -99.103811151956904, 19.247298038098965 ], [ -99.104254115010775, 19.247733205586584 ], [ -99.105129024474294, 19.24858521311495 ], [ -99.105479424185205, 19.248975004001124 ], [ -99.105567378138488, 19.249130027727567 ], [ -99.105946909129358, 19.249942099713223 ], [ -99.106117600581157, 19.250303013351445 ] ] ] ] } },
{ "type": "Feature", "properties": { "CVEGEO": "0901500010007", "CVE_ENT": "09", "CVE_MUN": "015", "CVE_LOC": "0001", "CVE_ASEN": "0007", "CP": "06000", "FECHA_ACT": "11/2022", "INSTITUCIO": "SECRETARÍA DE DESARROLLO URBANO Y VIVIENDA", "NOM_ASEN": "CENTRO", "TIPO": "COLONIA", "Shape_Leng": 10697.3621521, "Shape_Area": 4979802.4324700003, "TURISTICO": "TDR P" }, "geometry": { "type": "MultiPolygon", "coordinates": [ [ [ [ -99.123162198569119, 19.441580799190493 ], [ -99.123267843573558, 19.440853222448112 ], [ -99.123356409571912, 19.440190818669702 ], [ -99.12344489314124, 19.439555492834799 ], [ -99.123601311862586, 19.438638876521402 ], [ -99.123764926089677, 19.437495147130587 ], [ -99.123939546840475, 19.436418777645088 ], [ -99.124068868524944, 19.435587012241548 ], [ -99.124183325057615, 19.434712424317453 ], [ -99.124334640100628, 19.433924325953438 ], [ -99.124519054387505, 19.432806461720105 ], [ -99.124629939272594, 19.431985641563571 ], [ -99.124732857668818, 19.431259403778373 ], [ -99.12478182085961, 19.430827797559893 ], [ -99.124913284680019, 19.429985660024947 ], [ -99.124943969666916, 19.429783510925454 ], [ -99.125036620285499, 19.429164580671092 ], [ -99.125118139506043, 19.428698920212167 ], [ -99.125182606170128, 19.428318970937305 ], [ -99.125270983620524, 19.427632757465908 ], [ -99.125429982891518, 19.426776415335315 ], [ -99.125473713858511, 19.426538467807667 ], [ -99.125489056377035, 19.426437445254624 ], [ -99.125538866726473, 19.425849366313102 ], [ -99.125590829172012, 19.425552583796808 ], [ -99.12561925468728, 19.425398467560672 ], [ -99.12562837520791, 19.425345089094513 ], [ -99.125766511619574, 19.424362398012548 ], [ -99.125894287620511, 19.423501280167173 ], [ -99.126006160901582, 19.422872655299862 ], [ -99.126371653280685, 19.422899313968863 ], [ -99.128283502624996, 19.423155379315244 ], [ -99.129218988696394, 19.42328432232642 ], [ -99.131018868659936, 19.423548279482276 ], [ -99.131739588823137, 19.423638026487037 ], [ -99.132559539449318, 19.423731329018029 ], [ -99.132743822519913, 19.423740698814449 ], [ -99.133341998733883, 19.423736647050902 ], [ -99.133519624145592, 19.422735826741842 ], [ -99.133602653876849, 19.422268265981604 ], [ -99.133607853765056, 19.42223915476119 ], [ -99.135690470250751, 19.422497226361568 ], [ -99.137065178459338, 19.422445745850005 ], [ -99.137754008259634, 19.422416349766944 ], [ -99.138435443539137, 19.422370854533433 ], [ -99.138651521853731, 19.422361131420789 ], [ -99.138931872740386, 19.422348516007542 ], [ -99.14000621871314, 19.422308112660474 ], [ -99.140935209816959, 19.422269432419579 ], [ -99.141536291258419, 19.422244403508252 ], [ -99.14204174115757, 19.422223352675861 ], [ -99.143151317398505, 19.42217714116509 ], [ -99.143135746447342, 19.42232717117987 ], [ -99.142863857424814, 19.423391103513435 ], [ -99.142595881179318, 19.424350122258499 ], [ -99.142560761310278, 19.424485780708679 ], [ -99.142502607648581, 19.424714086748605 ], [ -99.142358619355505, 19.425354958967624 ], [ -99.142219298109254, 19.426001307941892 ], [ -99.142106961078582, 19.426512419290329 ], [ -99.142010555577087, 19.426911579394833 ], [ -99.142537931312773, 19.426782978237686 ], [ -99.142956620408555, 19.426828184105307 ], [ -99.14316575831657, 19.426851079926028 ], [ -99.143855361389484, 19.426925408270964 ], [ -99.144345489315526, 19.426971742680053 ], [ -99.1461262848606, 19.427150461600881 ], [ -99.147062614248071, 19.427217054995726 ], [ -99.147405926127163, 19.42723428364086 ], [ -99.148291809294548, 19.427298646889628 ], [ -99.148962701845633, 19.427133116203052 ], [ -99.150666637044324, 19.42667513881867 ], [ -99.150958631651832, 19.426596449405785 ], [ -99.153004313839773, 19.426047954881493 ], [ -99.153658149634751, 19.425851225232154 ], [ -99.153587978353556, 19.426113167832089 ], [ -99.153443172925009, 19.426475427569994 ], [ -99.153333290437189, 19.426746889436618 ], [ -99.153208742912241, 19.427052903359542 ], [ -99.153006652359892, 19.427509086667538 ], [ -99.152549635160568, 19.428574213918733 ], [ -99.152104928433204, 19.429664640052668 ], [ -99.151712149631095, 19.430558825923892 ], [ -99.151533103944814, 19.430774017058098 ], [ -99.151469520466762, 19.430912616351875 ], [ -99.151479672905339, 19.431101541148045 ], [ -99.151464309555465, 19.431202451032856 ], [ -99.151241919960853, 19.431719419493703 ], [ -99.150867287404793, 19.432594112765869 ], [ -99.150559986518701, 19.433299254886816 ], [ -99.149745131816601, 19.435528855505925 ], [ -99.149353347541265, 19.435702919897995 ], [ -99.14873078939965, 19.436093980807467 ], [ -99.147811724496464, 19.436676438818584 ], [ -99.147504678512007, 19.436886424239635 ], [ -99.14701926505461, 19.437210594265625 ], [ -99.14671312144209, 19.437395292517355 ], [ -99.145981810890135, 19.437236954136402 ], [ -99.143995727197904, 19.436776951237658 ], [ -99.143026752924584, 19.436580225389804 ], [ -99.142207487544326, 19.436438872125173 ], [ -99.141735235313746, 19.436345320927956 ], [ -99.140620189904411, 19.436061309500911 ], [ -99.140472971522129, 19.436883765025073 ], [ -99.14030869587387, 19.437740875846224 ], [ -99.140164890769356, 19.438619356706514 ], [ -99.140037808506122, 19.439648413150412 ], [ -99.140022264688596, 19.439774269037716 ], [ -99.13994735698634, 19.440380035319638 ], [ -99.139883938144237, 19.440887954134141 ], [ -99.139709355147417, 19.442026976949887 ], [ -99.139592158008028, 19.442778328497333 ], [ -99.139443366119139, 19.442893339011437 ], [ -99.139277413378053, 19.443983269782098 ], [ -99.138728298820809, 19.443919262710175 ], [ -99.137941127494457, 19.443841728170295 ], [ -99.136994795199158, 19.443748026216724 ], [ -99.135240440471918, 19.443604880148779 ], [ -99.133964192405031, 19.443481898137801 ], [ -99.133241174976519, 19.443415242673119 ], [ -99.132741736716369, 19.443372955018795 ], [ -99.131531175814942, 19.443274079933751 ], [ -99.130797163346273, 19.443218560644901 ], [ -99.1309057279732, 19.442282778313562 ], [ -99.129449138562663, 19.442155588405623 ], [ -99.128824613251268, 19.442101051093996 ], [ -99.127466730566681, 19.441972659274555 ], [ -99.12575604522074, 19.441809438930534 ], [ -99.124881646658608, 19.441721436429756 ], [ -99.123162198569119, 19.441580799190493 ] ] ] ] } },
{ "type": "Feature", "properties": { "CVEGEO": "0901500010009", "CVE_ENT": "09", "CVE_MUN": "015", "CVE_LOC": "0001", "CVE_ASEN": "0009", "CP": "06140", "FECHA_ACT": "11/2022", "INSTITUCIO": "SECRETARÍA DE DESARROLLO URBANO Y VIVIENDA", "NOM_ASEN": "CONDESA", "TIPO": "COLONIA", "Shape_Leng": 3788.18570344, "Shape_Area": 667442.71634399996, "TURISTICO": "TDR" }, "geometry": { "type": "MultiPolygon", "coordinates": [ [ [ [ -99.170018933940781, 19.41581270428911 ], [ -99.170738716241715, 19.414736857658724 ], [ -99.171549684648056, 19.413306251212461 ], [ -99.171823146682627, 19.413438592617425 ], [ -99.171953230781412, 19.413447411595378 ], [ -99.172181654647659, 19.413416239948063 ], [ -99.17289638352112, 19.412603118127876 ], [ -99.173304652142122, 19.412153854723279 ], [ -99.173976694458318, 19.411415657204927 ], [ -99.174319188895552, 19.411491215763093 ], [ -99.174687856801484, 19.411476773213025 ], [ -99.175193607842573, 19.411432032610268 ], [ -99.175790565251191, 19.411426624051376 ], [ -99.176885662237837, 19.411374479737741 ], [ -99.177503897752672, 19.411345038935075 ], [ -99.177781115718105, 19.411331836907848 ], [ -99.178006335086621, 19.41132111052891 ], [ -99.178738980140992, 19.411296243880003 ], [ -99.179379294174893, 19.411314688735395 ], [ -99.179855657036171, 19.411309331446816 ], [ -99.180338035575673, 19.410395409653525 ], [ -99.180951656767888, 19.410758598015573 ], [ -99.181215222726308, 19.410970032118076 ], [ -99.182149255800496, 19.411487399757107 ], [ -99.18162381658864, 19.412358062445641 ], [ -99.181360023319854, 19.412712970319884 ], [ -99.181142481319156, 19.413078902268303 ], [ -99.181005673510029, 19.413297244828886 ], [ -99.180501915232981, 19.414144869317173 ], [ -99.180322917462632, 19.414465446633209 ], [ -99.179749290285159, 19.415547138128069 ], [ -99.179532518546878, 19.41593123220882 ], [ -99.178977004681869, 19.416929730069572 ], [ -99.178329219769154, 19.418112273261112 ], [ -99.178100436790615, 19.418524152070344 ], [ -99.177896849599904, 19.41895410086628 ], [ -99.177766107832426, 19.419285810620529 ], [ -99.177555053858427, 19.419670566848183 ], [ -99.177403836834984, 19.419955452867995 ], [ -99.177132619596378, 19.420512622957574 ], [ -99.176968407829548, 19.420540724731101 ], [ -99.176744720480514, 19.420226310899384 ], [ -99.176252932708138, 19.419572158935136 ], [ -99.175654035467929, 19.418829348887414 ], [ -99.174991800706934, 19.418004196439696 ], [ -99.173701722449863, 19.417006705673856 ], [ -99.173575607980098, 19.416907410667893 ], [ -99.173429850015111, 19.416799074344102 ], [ -99.172542301859679, 19.416149734727622 ], [ -99.17179839862429, 19.415617382393155 ], [ -99.171687135999917, 19.415739652182509 ], [ -99.171450914189876, 19.415929891294436 ], [ -99.171176296480752, 19.416036930075553 ], [ -99.170340096509776, 19.416277069009713 ], [ -99.170018933940781, 19.41581270428911 ] ] ] ] } },
{ "type": "Feature", "properties": { "CVEGEO": "0901500010010", "CVE_ENT": "09", "CVE_MUN": "015", "CVE_LOC": "0001", "CVE_ASEN": "0010", "CP": "06500", "FECHA_ACT": "11/2022", "INSTITUCIO": "SECRETARÍA DE DESARROLLO URBANO Y VIVIENDA", "NOM_ASEN": "CUAUHTÉMOC", "TIPO": "COLONIA", "Shape_Leng": 5187.7621545100001, "Shape_Area": 1200430.8232799999, "TURISTICO": "TDR" }, "geometry": { "type": "MultiPolygon", "coordinates": [ [ [ [ -99.159038044194091, 19.432214643592829 ], [ -99.159265452850718, 19.431746123267622 ], [ -99.159899471326554, 19.430706108632382 ], [ -99.160259088950866, 19.430541650374973 ], [ -99.160894646182257, 19.430250221786924 ], [ -99.161634582165291, 19.429894932683634 ], [ -99.162153738704788, 19.429652037915403 ], [ -99.16271071857031, 19.42938514160754 ], [ -99.163456617216099, 19.429010953354574 ], [ -99.163483792726026, 19.429052792562956 ], [ -99.163589012172025, 19.42913320270814 ], [ -99.163656869075183, 19.429158903126421 ], [ -99.163731493966694, 19.429168497128373 ], [ -99.163792544453713, 19.429168441072076 ], [ -99.163836627303468, 19.429161962566123 ], [ -99.163875983274394, 19.429150933306403 ], [ -99.163948507299111, 19.429119997668703 ], [ -99.163999340598522, 19.429078088926499 ], [ -99.164036602684604, 19.429032973199192 ], [ -99.164077239833162, 19.428971752656054 ], [ -99.164094132959164, 19.428907333644055 ], [ -99.164104240660279, 19.428839699055541 ], [ -99.164093988203476, 19.428762423097329 ], [ -99.164063391489563, 19.428691607134141 ], [ -99.164445209385988, 19.428568890649757 ], [ -99.165058019375081, 19.428280551117037 ], [ -99.165913674292227, 19.427881010592568 ], [ -99.166385557021641, 19.427649228095294 ], [ -99.166795465675193, 19.427464747006947 ], [ -99.167212244433543, 19.427270184577676 ], [ -99.16734343854705, 19.427203012266915 ], [ -99.16739639882779, 19.427261447608419 ], [ -99.167492212165314, 19.427326925948584 ], [ -99.167612836668908, 19.427366452149151 ], [ -99.167776863910674, 19.427364229975588 ], [ -99.167886581061651, 19.427326462702442 ], [ -99.167977309902227, 19.427265181207783 ], [ -99.168041962611014, 19.42719252243273 ], [ -99.168089691969456, 19.427099474652756 ], [ -99.168105035660886, 19.427042486023122 ], [ -99.168111607876369, 19.426974723488886 ], [ -99.168104755448439, 19.426900023639135 ], [ -99.168088997281998, 19.426842568306366 ], [ -99.168254294299913, 19.426762881873096 ], [ -99.169016116236421, 19.426404648518531 ], [ -99.169869725724965, 19.426003109345821 ], [ -99.170336426473014, 19.425784789173694 ], [ -99.170366991044531, 19.425770295217671 ], [ -99.171524014130625, 19.42523815569864 ], [ -99.171564289363374, 19.425270482454778 ], [ -99.171589847548049, 19.425283701593685 ], [ -99.171639339155846, 19.425298151516042 ], [ -99.171694007567098, 19.425299926601035 ], [ -99.171754162155167, 19.425284987448457 ], [ -99.171827351950427, 19.425233506741172 ], [ -99.171868319645085, 19.425160111590664 ], [ -99.171875354387907, 19.425118066022549 ], [ -99.171872421654385, 19.42507553854383 ], [ -99.172191105222907, 19.424911581602515 ], [ -99.172562680870328, 19.424738585679592 ], [ -99.173018530771429, 19.424535120838897 ], [ -99.174328902224801, 19.42392734498069 ], [ -99.175678142886653, 19.423338459885173 ], [ -99.175936137359884, 19.423331942390369 ], [ -99.176219881030903, 19.423357974190385 ], [ -99.176943674760821, 19.423473015225873 ], [ -99.177636210860143, 19.423595698116539 ], [ -99.17706612588907, 19.424523816245646 ], [ -99.176655228813146, 19.425178740825121 ], [ -99.176456834510788, 19.425466300609372 ], [ -99.176185508769962, 19.425916251565415 ], [ -99.175658084177883, 19.42672278360304 ], [ -99.175579232632927, 19.426840344219404 ], [ -99.174742848988032, 19.428087287942667 ], [ -99.174684265728814, 19.428178300858225 ], [ -99.174390236950885, 19.428635087954856 ], [ -99.174265423976109, 19.428828988475139 ], [ -99.173782565976353, 19.429545237061312 ], [ -99.173013160092992, 19.430939336315209 ], [ -99.172635528010957, 19.431631204694561 ], [ -99.172209092117754, 19.432402514901757 ], [ -99.171746779626275, 19.433145978656047 ], [ -99.171433332429629, 19.433603102798589 ], [ -99.17119241448988, 19.433980471012152 ], [ -99.170581539851923, 19.434891920122595 ], [ -99.169678210565323, 19.43632551608912 ], [ -99.169117166846149, 19.436110948706535 ], [ -99.168650666536635, 19.435934698624301 ], [ -99.16812225674613, 19.43570203688547 ], [ -99.167710961698631, 19.435494574102343 ], [ -99.166966333381779, 19.435188326796816 ], [ -99.165901114128275, 19.434770742646201 ], [ -99.164829792194396, 19.434353409949328 ], [ -99.164790880897357, 19.434494835836485 ], [ -99.163704852895407, 19.434186328148346 ], [ -99.162588479694975, 19.433765111246451 ], [ -99.161977996734592, 19.433482303215722 ], [ -99.160918122044095, 19.432991305372415 ], [ -99.159954196048304, 19.432601490075406 ], [ -99.159038044194091, 19.432214643592829 ] ] ] ] } },
{ "type": "Feature", "properties": { "CVEGEO": "0901500010013", "CVE_ENT": "09", "CVE_MUN": "015", "CVE_LOC": "0001", "CVE_ASEN": "0013", "CP": "06250", "FECHA_ACT": "11/2022", "INSTITUCIO": "SECRETARÍA DE DESARROLLO URBANO Y VIVIENDA", "NOM_ASEN": "EX HIPÓDROMO DE PERALVILLO", "TIPO": "COLONIA", "Shape_Leng": 3496.5679795199999, "Shape_Area": 647400.92904900003, "TURISTICO": "TDR P" }, "geometry": { "type": "MultiPolygon", "coordinates": [ [ [ [ -99.140309722333654, 19.460355246564873 ], [ -99.140064045107636, 19.460359590784197 ], [ -99.138832750624246, 19.460274110435819 ], [ -99.137693711874419, 19.460188313228198 ], [ -99.136766866103244, 19.460105362678906 ], [ -99.136386201535188, 19.459971162608515 ], [ -99.135382481022106, 19.459608482142588 ], [ -99.134582695617297, 19.459302625288824 ], [ -99.134509974077844, 19.459274814378684 ], [ -99.133694746639136, 19.458959936925087 ], [ -99.133605462566848, 19.458925607600268 ], [ -99.13287920532828, 19.458661031218142 ], [ -99.132244271307187, 19.458433221704905 ], [ -99.131229904702423, 19.458066286504369 ], [ -99.130227069881471, 19.457715891666151 ], [ -99.129253029304948, 19.457351566517531 ], [ -99.128088075092791, 19.4569608860666 ], [ -99.128845831877342, 19.455827190364225 ], [ -99.129244300587715, 19.455183092803374 ], [ -99.12966709055209, 19.454533399368444 ], [ -99.130004140020588, 19.453982904703729 ], [ -99.130617150992521, 19.453067256941207 ], [ -99.130889676057407, 19.453107222444181 ], [ -99.131074167922336, 19.45313774697814 ], [ -99.1319022323529, 19.453280562715818 ], [ -99.133967681774791, 19.453745849596739 ], [ -99.135090682529793, 19.45399871262936 ], [ -99.136815939942693, 19.454387274573403 ], [ -99.137345466144836, 19.454506531926146 ], [ -99.137463877920979, 19.454533198341824 ], [ -99.138356503126928, 19.45473422365346 ], [ -99.139373564473416, 19.45497188945755 ], [ -99.140394628185632, 19.45523346840756 ], [ -99.139703611913433, 19.458214078772642 ], [ -99.139521475769769, 19.458894866265204 ], [ -99.139561512181643, 19.458985192473982 ], [ -99.139841414143234, 19.459507838585949 ], [ -99.140108526042781, 19.459976474759209 ], [ -99.140309722333654, 19.460355246564873 ] ] ] ] } },
{ "type": "Feature", "properties": { "CVEGEO": "0901500010014", "CVE_ENT": "09", "CVE_MUN": "015", "CVE_LOC": "0001", "CVE_ASEN": "0014", "CP": "06280", "FECHA_ACT": "11/2022", "INSTITUCIO": "SECRETARÍA DE DESARROLLO URBANO Y VIVIENDA", "NOM_ASEN": "FELIPE PESCADOR", "TIPO": "COLONIA", "Shape_Leng": 2037.7012447499999, "Shape_Area": 149533.773281, "TURISTICO": "TDR P" }, "geometry": { "type": "MultiPolygon", "coordinates": [ [ [ [ -99.123781023247801, 19.456029763164491 ], [ -99.124106230248799, 19.454795089805852 ], [ -99.124165720239333, 19.454545319600875 ], [ -99.124278079701426, 19.454097800595083 ], [ -99.12442274613143, 19.453335684362653 ], [ -99.124782366711216, 19.452009038699519 ], [ -99.126640007074755, 19.45234409030088 ], [ -99.127517432466476, 19.452517874790146 ], [ -99.128033315124824, 19.452611692922066 ], [ -99.12848241404582, 19.452699798524918 ], [ -99.128897146123094, 19.452777386892247 ], [ -99.129381029039337, 19.452872256486231 ], [ -99.129673683797222, 19.452928646378513 ], [ -99.130428822271497, 19.45303910397946 ], [ -99.130617150992521, 19.453067256941207 ], [ -99.130004140020588, 19.453982904703729 ], [ -99.129926689379971, 19.453964149220869 ], [ -99.12977649791776, 19.453933165295908 ], [ -99.129479786931981, 19.45388109732227 ], [ -99.129239469157284, 19.453833637506303 ], [ -99.129122556263638, 19.453822056170356 ], [ -99.129014890456688, 19.453830880661524 ], [ -99.128661934174659, 19.453752749555569 ], [ -99.12825489496602, 19.453661343711826 ], [ -99.127822883973394, 19.453567010125848 ], [ -99.127380877377632, 19.453468574154201 ], [ -99.127067257744898, 19.45392984367626 ], [ -99.126657122030892, 19.454578510479781 ], [ -99.126220399720253, 19.455211194983164 ], [ -99.125482398917597, 19.456366844253775 ], [ -99.125061058000568, 19.456270719073554 ], [ -99.124694335066863, 19.45621298212944 ], [ -99.124462996594687, 19.456181634830966 ], [ -99.123781023247801, 19.456029763164491 ] ] ] ] } },
{ "type": "Feature", "properties": { "CVEGEO": "0901500010015", "CVE_ENT": "09", "CVE_MUN": "015", "CVE_LOC": "0001", "CVE_ASEN": "0015", "CP": "06300", "FECHA_ACT": "11/2022", "INSTITUCIO": "SECRETARÍA DE DESARROLLO URBANO Y VIVIENDA", "NOM_ASEN": "GUERRERO", "TIPO": "COLONIA", "Shape_Leng": 5358.3478463900001, "Shape_Area": 1516128.1424499999, "TURISTICO": "TDR P" }, "geometry": { "type": "MultiPolygon", "coordinates": [ [ [ [ -99.135294781948176, 19.447917984052761 ], [ -99.135290770478221, 19.447778317792665 ], [ -99.136387171844703, 19.446799132439097 ], [ -99.136798904220797, 19.446429821298178 ], [ -99.137692336946998, 19.445629586999413 ], [ -99.137991046460655, 19.445361913407243 ], [ -99.138824699172943, 19.444614865065518 ], [ -99.138955283045519, 19.444537132197631 ], [ -99.139063113413101, 19.444503107925573 ], [ -99.139277413378053, 19.443983269782098 ], [ -99.139443366119139, 19.442893339011437 ], [ -99.139592158008028, 19.442778328497333 ], [ -99.139709355147417, 19.442026976949887 ], [ -99.139883938144237, 19.440887954134141 ], [ -99.13994735698634, 19.440380035319638 ], [ -99.140022264688596, 19.439774269037716 ], [ -99.140037808506122, 19.439648413150412 ], [ -99.140164890769356, 19.438619356706514 ], [ -99.14030869587387, 19.437740875846224 ], [ -99.140472971522129, 19.436883765025073 ], [ -99.140620189904411, 19.436061309500911 ], [ -99.141735235313746, 19.436345320927956 ], [ -99.142207487544326, 19.436438872125173 ], [ -99.143026752924584, 19.436580225389804 ], [ -99.143995727197904, 19.436776951237658 ], [ -99.145981810890135, 19.437236954136402 ], [ -99.14671312144209, 19.437395292517355 ], [ -99.147628054964102, 19.437577534307984 ], [ -99.148239878820092, 19.437696643270762 ], [ -99.148604909715075, 19.437769522071537 ], [ -99.149173562007363, 19.437890366547681 ], [ -99.148902274617456, 19.439108523117 ], [ -99.148708039280294, 19.4399168676869 ], [ -99.148245019205774, 19.441621097235327 ], [ -99.148028161303259, 19.44253442025397 ], [ -99.147832086000065, 19.443406532402282 ], [ -99.14761416188486, 19.444321871964174 ], [ -99.147416886280894, 19.445280767888523 ], [ -99.147248590153438, 19.446098800293935 ], [ -99.147047607598296, 19.447065941297254 ], [ -99.146852770367701, 19.448022708882007 ], [ -99.14662041914481, 19.448966981285341 ], [ -99.146386385361225, 19.449918078988908 ], [ -99.146162633310595, 19.450827381433218 ], [ -99.146047628160829, 19.451294747741631 ], [ -99.145956499094879, 19.451665082255506 ], [ -99.145777590217904, 19.452462692193603 ], [ -99.144446541230465, 19.45205507738876 ], [ -99.144344994069257, 19.452025498087608 ], [ -99.144011287897072, 19.451923547319041 ], [ -99.143634560694906, 19.451820806527088 ], [ -99.142636661060962, 19.451532568689775 ], [ -99.141240865190142, 19.451155169140549 ], [ -99.140694510877097, 19.450970614095539 ], [ -99.139221209415794, 19.450304525253223 ], [ -99.138411916337319, 19.449926962256946 ], [ -99.136473686548371, 19.449013999264491 ], [ -99.135367895574859, 19.448500655952778 ], [ -99.13491492376194, 19.448283662172905 ], [ -99.135294781948176, 19.447917984052761 ] ] ] ] } },
{ "type": "Feature", "properties": { "CVEGEO": "0901500010016", "CVE_ENT": "09", "CVE_MUN": "015", "CVE_LOC": "0001", "CVE_ASEN": "0016", "CP": "06100", "FECHA_ACT": "11/2022", "INSTITUCIO": "SECRETARÍA DE DESARROLLO URBANO Y VIVIENDA", "NOM_ASEN": "HIPÓDROMO", "TIPO": "COLONIA", "Shape_Leng": 5365.2364185200004, "Shape_Area": 1106953.5084500001, "TURISTICO": "TDR" }, "geometry": { "type": "MultiPolygon", "coordinates": [ [ [ [ -99.167005567639009, 19.410454502554085 ], [ -99.167391273051607, 19.409280480170931 ], [ -99.16777063978293, 19.408134637325606 ], [ -99.168117963678441, 19.406989860246703 ], [ -99.168476363370317, 19.405900538212965 ], [ -99.16877884045293, 19.405080595929132 ], [ -99.168902439325507, 19.404672664285613 ], [ -99.168982403230174, 19.404417585286932 ], [ -99.169263574110317, 19.403546943615034 ], [ -99.169632041824002, 19.402447815275721 ], [ -99.169758660292231, 19.402020182969277 ], [ -99.16993261689251, 19.401512274746736 ], [ -99.170094405154018, 19.401014037617195 ], [ -99.170359114202554, 19.400200945360769 ], [ -99.170374312529816, 19.400331783127278 ], [ -99.170766378909619, 19.401797872812189 ], [ -99.170773485751553, 19.401840227258138 ], [ -99.170854486801488, 19.402214786110815 ], [ -99.170972447932996, 19.402748108633261 ], [ -99.171078536801303, 19.403497169882982 ], [ -99.171676917829657, 19.403634709496323 ], [ -99.171773186060207, 19.403664732430602 ], [ -99.172614501053587, 19.403930512062207 ], [ -99.173466528868502, 19.404209704598916 ], [ -99.174387561082071, 19.404521455818767 ], [ -99.174872683324679, 19.404680559429217 ], [ -99.175297399451139, 19.404824628403546 ], [ -99.176202025183841, 19.40512284657478 ], [ -99.177128646681609, 19.405447399011944 ], [ -99.17794679069145, 19.405748373637358 ], [ -99.178916205834994, 19.406070493766215 ], [ -99.179819092820011, 19.406376229813052 ], [ -99.180682277094419, 19.406648541959353 ], [ -99.179728238770551, 19.406637449207587 ], [ -99.178612593886697, 19.406897640744621 ], [ -99.178541295912638, 19.406941759062594 ], [ -99.177499058723996, 19.407586649526809 ], [ -99.176637101475407, 19.408527236276299 ], [ -99.175925051042398, 19.409277577115123 ], [ -99.175322131105474, 19.409971063485031 ], [ -99.174382965637903, 19.410977152125199 ], [ -99.173976694458318, 19.411415657204927 ], [ -99.173304652142122, 19.412153854723279 ], [ -99.17289638352112, 19.412603118127876 ], [ -99.172181654647659, 19.413416239948063 ], [ -99.171953230781412, 19.413447411595378 ], [ -99.171823146682627, 19.413438592617425 ], [ -99.171549684648056, 19.413306251212461 ], [ -99.170738716241715, 19.414736857658724 ], [ -99.170018933940781, 19.41581270428911 ], [ -99.169475037314385, 19.416444537248587 ], [ -99.16911516880127, 19.416513690952922 ], [ -99.16878173405253, 19.416563332540779 ], [ -99.167498392245079, 19.416776599017084 ], [ -99.167422644884226, 19.416734622859199 ], [ -99.165404136973052, 19.415508805198677 ], [ -99.165461199747156, 19.415327704426147 ], [ -99.165689168141185, 19.414611297688513 ], [ -99.165973308603824, 19.413695755669842 ], [ -99.166272225399439, 19.412744465598919 ], [ -99.166297814326171, 19.412655002857978 ], [ -99.166413320860087, 19.412267803104047 ], [ -99.166659430801971, 19.411506639625369 ], [ -99.167005567639009, 19.410454502554085 ] ] ] ] } },
{ "type": "Feature", "properties": { "CVEGEO": "0901500010017", "CVE_ENT": "09", "CVE_MUN": "015", "CVE_LOC": "0001", "CVE_ASEN": "0017", "CP": "06170", "FECHA_ACT": "11/2022", "INSTITUCIO": "SECRETARÍA DE DESARROLLO URBANO Y VIVIENDA", "NOM_ASEN": "HIPÓDROMO CONDESA", "TIPO": "COLONIA", "Shape_Leng": 2740.5244810200002, "Shape_Area": 363475.25913199998, "TURISTICO": "TDR" }, "geometry": { "type": "MultiPolygon", "coordinates": [ [ [ [ -99.180682277094419, 19.406648541959353 ], [ -99.182471922322591, 19.407217876822148 ], [ -99.184303914660077, 19.407826989709392 ], [ -99.183547649759191, 19.409319924955195 ], [ -99.183501060909521, 19.409406488645974 ], [ -99.183010210891183, 19.410252340657767 ], [ -99.182938932449005, 19.410377055680058 ], [ -99.182520824978667, 19.410914750229775 ], [ -99.182149255800496, 19.411487399757107 ], [ -99.181215222726308, 19.410970032118076 ], [ -99.180951656767888, 19.410758598015573 ], [ -99.180338035575673, 19.410395409653525 ], [ -99.179855657036171, 19.411309331446816 ], [ -99.179379294174893, 19.411314688735395 ], [ -99.178738980140992, 19.411296243880003 ], [ -99.178006335086621, 19.41132111052891 ], [ -99.177781115718105, 19.411331836907848 ], [ -99.177503897752672, 19.411345038935075 ], [ -99.176885662237837, 19.411374479737741 ], [ -99.175790565251191, 19.411426624051376 ], [ -99.175193607842573, 19.411432032610268 ], [ -99.174687856801484, 19.411476773213025 ], [ -99.174319188895552, 19.411491215763093 ], [ -99.173976694458318, 19.411415657204927 ], [ -99.174382965637903, 19.410977152125199 ], [ -99.175322131105474, 19.409971063485031 ], [ -99.175925051042398, 19.409277577115123 ], [ -99.176637101475407, 19.408527236276299 ], [ -99.177499058723996, 19.407586649526809 ], [ -99.178541295912638, 19.406941759062594 ], [ -99.178612593886697, 19.406897640744621 ], [ -99.179728238770551, 19.406637449207587 ], [ -99.180682277094419, 19.406648541959353 ] ] ] ] } },
{ "type": "Feature", "properties": { "CVEGEO": "0901500010018", "CVE_ENT": "09", "CVE_MUN": "015", "CVE_LOC": "0001", "CVE_ASEN": "0018", "CP": "06600", "FECHA_ACT": "11/2022", "INSTITUCIO": "SECRETARÍA DE DESARROLLO URBANO Y VIVIENDA", "NOM_ASEN": "JUÁREZ", "TIPO": "COLONIA", "Shape_Leng": 7327.1800745299997, "Shape_Area": 1508725.74498, "TURISTICO": "TDR P" }, "geometry": { "type": "MultiPolygon", "coordinates": [ [ [ [ -99.153658149634751, 19.425851225232154 ], [ -99.155296505450451, 19.425489905671455 ], [ -99.1554237555344, 19.425459726911452 ], [ -99.156452898136607, 19.425236334489782 ], [ -99.156589749587127, 19.425204294674149 ], [ -99.157348880081116, 19.425036692029028 ], [ -99.158094036939957, 19.424871546886692 ], [ -99.158818754083129, 19.424702996349801 ], [ -99.158879737624076, 19.424689312108011 ], [ -99.160001840467686, 19.424452642355643 ], [ -99.16008035589914, 19.424433309887526 ], [ -99.161267880957553, 19.424138084865948 ], [ -99.162394352832081, 19.423888331063459 ], [ -99.162369938712217, 19.423832769799375 ], [ -99.16236515904879, 19.423818396877021 ], [ -99.162353920811256, 19.423784602907332 ], [ -99.162342914623082, 19.423739500559325 ], [ -99.162334214910288, 19.423682363965096 ], [ -99.162331350818107, 19.423607198861212 ], [ -99.162337253377743, 19.423537968893378 ], [ -99.162350716904996, 19.423471940138125 ], [ -99.162384421676379, 19.423380177142558 ], [ -99.162430478314405, 19.423293997925281 ], [ -99.162499272039213, 19.423207493418946 ], [ -99.162556443892228, 19.423154313807139 ], [ -99.162617836835551, 19.423109588314134 ], [ -99.162722877894382, 19.423054679331713 ], [ -99.162784222796432, 19.423032679818689 ], [ -99.162843233816204, 19.423017527050082 ], [ -99.162910935205247, 19.423006836287335 ], [ -99.162989746096457, 19.423002954616774 ], [ -99.163078953090931, 19.423009496967197 ], [ -99.16311920575302, 19.423017587072458 ], [ -99.163184683165738, 19.423036140302777 ], [ -99.163298204893579, 19.423079293556494 ], [ -99.163372841051469, 19.423124651163313 ], [ -99.163400501351987, 19.42314556289503 ], [ -99.163449425266194, 19.423181209406202 ], [ -99.163514970419442, 19.42326166478847 ], [ -99.163565288092244, 19.423339956790969 ], [ -99.163607728249602, 19.423438662140963 ], [ -99.16363845957342, 19.423585969034875 ], [ -99.163631243753088, 19.423705394813155 ], [ -99.164251889438233, 19.423549087279028 ], [ -99.165707100835874, 19.423156399260176 ], [ -99.167135819501411, 19.422783073495548 ], [ -99.167240449243224, 19.422754421985456 ], [ -99.168591569646949, 19.422448490620617 ], [ -99.168830624529917, 19.422388508611238 ], [ -99.170192389575746, 19.422063080441632 ], [ -99.171496682290098, 19.421767396461622 ], [ -99.171610682151154, 19.421743330413918 ], [ -99.173113674198689, 19.421425403384482 ], [ -99.174141217126973, 19.42122941227451 ], [ -99.17462176741509, 19.421110027243849 ], [ -99.175460189206404, 19.420926127098461 ], [ -99.175871010454131, 19.420840018332679 ], [ -99.176076538460038, 19.420811315902686 ], [ -99.17620044482419, 19.420806127717935 ], [ -99.176438580182932, 19.420687510835808 ], [ -99.176968407829548, 19.420540724731101 ], [ -99.177132619596378, 19.420512622957574 ], [ -99.176756695912445, 19.421242997965113 ], [ -99.175678142886653, 19.423338459885173 ], [ -99.174328902224801, 19.42392734498069 ], [ -99.173018530771429, 19.424535120838897 ], [ -99.172562680870328, 19.424738585679592 ], [ -99.172191105222907, 19.424911581602515 ], [ -99.171872421654385, 19.42507553854383 ], [ -99.171875354387907, 19.425118066022549 ], [ -99.171868319645085, 19.425160111590664 ], [ -99.171827351950427, 19.425233506741172 ], [ -99.171754162155167, 19.425284987448457 ], [ -99.171694007567098, 19.425299926601035 ], [ -99.171639339155846, 19.425298151516042 ], [ -99.171589847548049, 19.425283701593685 ], [ -99.171564289363374, 19.425270482454778 ], [ -99.171524014130625, 19.42523815569864 ], [ -99.170366991044531, 19.425770295217671 ], [ -99.170336426473014, 19.425784789173694 ], [ -99.169869725724965, 19.426003109345821 ], [ -99.169016116236421, 19.426404648518531 ], [ -99.168254294299913, 19.426762881873096 ], [ -99.168088997281998, 19.426842568306366 ], [ -99.168104755448439, 19.426900023639135 ], [ -99.168111607876369, 19.426974723488886 ], [ -99.168105035660886, 19.427042486023122 ], [ -99.168089691969456, 19.427099474652756 ], [ -99.168041962611014, 19.42719252243273 ], [ -99.167977309902227, 19.427265181207783 ], [ -99.167886581061651, 19.427326462702442 ], [ -99.167776863910674, 19.427364229975588 ], [ -99.167612836668908, 19.427366452149151 ], [ -99.167492212165314, 19.427326925948584 ], [ -99.16739639882779, 19.427261447608419 ], [ -99.16734343854705, 19.427203012266915 ], [ -99.167212244433543, 19.427270184577676 ], [ -99.166795465675193, 19.427464747006947 ], [ -99.166385557021641, 19.427649228095294 ], [ -99.165913674292227, 19.427881010592568 ], [ -99.165058019375081, 19.428280551117037 ], [ -99.164445209385988, 19.428568890649757 ], [ -99.164063391489563, 19.428691607134141 ], [ -99.164093988203476, 19.428762423097329 ], [ -99.164104240660279, 19.428839699055541 ], [ -99.164094132959164, 19.428907333644055 ], [ -99.164077239833162, 19.428971752656054 ], [ -99.164036602684604, 19.429032973199192 ], [ -99.163999340598522, 19.429078088926499 ], [ -99.163948507299111, 19.429119997668703 ], [ -99.163875983274394, 19.429150933306403 ], [ -99.163836627303468, 19.429161962566123 ], [ -99.163792544453713, 19.429168441072076 ], [ -99.163731493966694, 19.429168497128373 ], [ -99.163656869075183, 19.429158903126421 ], [ -99.163589012172025, 19.42913320270814 ], [ -99.163483792726026, 19.429052792562956 ], [ -99.163456617216099, 19.429010953354574 ], [ -99.16271071857031, 19.42938514160754 ], [ -99.162153738704788, 19.429652037915403 ], [ -99.161634582165291, 19.429894932683634 ], [ -99.160894646182257, 19.430250221786924 ], [ -99.160259088950866, 19.430541650374973 ], [ -99.159899471326554, 19.430706108632382 ], [ -99.159848701977154, 19.430727385263232 ], [ -99.159793731617384, 19.430808235364971 ], [ -99.159684852762268, 19.430869928826951 ], [ -99.159521747878486, 19.430914862768422 ], [ -99.158377392773161, 19.431438414477029 ], [ -99.156831687567973, 19.432163648144503 ], [ -99.155238620971915, 19.432879142050638 ], [ -99.155139342583027, 19.432782759930085 ], [ -99.154996112165108, 19.432711926045748 ], [ -99.154845623796135, 19.432694460422756 ], [ -99.154563413938604, 19.432785719004006 ], [ -99.154384269868444, 19.432936097901845 ], [ -99.15429230486582, 19.433098553560608 ], [ -99.154438930807103, 19.433266352699704 ], [ -99.153513544920997, 19.433730920828506 ], [ -99.149745131816601, 19.435528855505925 ], [ -99.150559986518701, 19.433299254886816 ], [ -99.150867287404793, 19.432594112765869 ], [ -99.151241919960853, 19.431719419493703 ], [ -99.151464309555465, 19.431202451032856 ], [ -99.151479672905339, 19.431101541148045 ], [ -99.151469520466762, 19.430912616351875 ], [ -99.151533103944814, 19.430774017058098 ], [ -99.151712149631095, 19.430558825923892 ], [ -99.152104928433204, 19.429664640052668 ], [ -99.152549635160568, 19.428574213918733 ], [ -99.153006652359892, 19.427509086667538 ], [ -99.153208742912241, 19.427052903359542 ], [ -99.153333290437189, 19.426746889436618 ], [ -99.153443172925009, 19.426475427569994 ], [ -99.153587978353556, 19.426113167832089 ], [ -99.153658149634751, 19.425851225232154 ] ] ] ] } },
{ "type": "Feature", "properties": { "CVEGEO": "0901500010019", "CVE_ENT": "09", "CVE_MUN": "015", "CVE_LOC": "0001", "CVE_ASEN": "0019", "CP": "06270", "FECHA_ACT": "11/2022", "INSTITUCIO": "SECRETARÍA DE DESARROLLO URBANO Y VIVIENDA", "NOM_ASEN": "MAZA", "TIPO": "COLONIA", "Shape_Leng": 1323.38677792, "Shape_Area": 101278.59543299999, "TURISTICO": "TDR P" }, "geometry": { "type": "MultiPolygon", "coordinates": [ [ [ [ -99.12966709055209, 19.454533399368444 ], [ -99.129244300587715, 19.455183092803374 ], [ -99.128845831877342, 19.455827190364225 ], [ -99.128088075092791, 19.4569608860666 ], [ -99.127882044279332, 19.456912449605962 ], [ -99.127014690315008, 19.456715146264234 ], [ -99.126144869650261, 19.456517501062216 ], [ -99.125482398917597, 19.456366844253775 ], [ -99.126220399720253, 19.455211194983164 ], [ -99.126657122030892, 19.454578510479781 ], [ -99.127067257744898, 19.45392984367626 ], [ -99.127380877377632, 19.453468574154201 ], [ -99.127822883973394, 19.453567010125848 ], [ -99.12825489496602, 19.453661343711826 ], [ -99.128661934174659, 19.453752749555569 ], [ -99.129014890456688, 19.453830880661524 ], [ -99.129122556263638, 19.453822056170356 ], [ -99.129239469157284, 19.453833637506303 ], [ -99.129479786931981, 19.45388109732227 ], [ -99.12977649791776, 19.453933165295908 ], [ -99.129926689379971, 19.453964149220869 ], [ -99.130004140020588, 19.453982904703729 ], [ -99.12966709055209, 19.454533399368444 ] ] ] ] } },
{ "type": "Feature", "properties": { "CVEGEO": "0901500010020", "CVE_ENT": "09", "CVE_MUN": "015", "CVE_LOC": "0001", "CVE_ASEN": "0020", "CP": "06200", "FECHA_ACT": "11/2022", "INSTITUCIO": "SECRETARÍA DE DESARROLLO URBANO Y VIVIENDA", "NOM_ASEN": "MORELOS", "TIPO": "COLONIA", "Shape_Leng": 5057.1717417299997, "Shape_Area": 1195945.4987699999, "TURISTICO": "TDR P" }, "geometry": { "type": "MultiPolygon", "coordinates": [ [ [ [ -99.130617150992521, 19.453067256941207 ], [ -99.130428822271497, 19.45303910397946 ], [ -99.129673683797222, 19.452928646378513 ], [ -99.129381029039337, 19.452872256486231 ], [ -99.128897146123094, 19.452777386892247 ], [ -99.12848241404582, 19.452699798524918 ], [ -99.128033315124824, 19.452611692922066 ], [ -99.127517432466476, 19.452517874790146 ], [ -99.126640007074755, 19.45234409030088 ], [ -99.124782366711216, 19.452009038699519 ], [ -99.124796248314752, 19.451978825897328 ], [ -99.12501616099027, 19.451500240256209 ], [ -99.12506804311306, 19.451394946441905 ], [ -99.125212665211322, 19.4510862590786 ], [ -99.125481289798856, 19.450204310170633 ], [ -99.1255525790843, 19.449835290437804 ], [ -99.125630509572488, 19.449472954436168 ], [ -99.125685845219323, 19.449215646306573 ], [ -99.12588902909232, 19.448186949960135 ], [ -99.125929195557873, 19.447794479205896 ], [ -99.125930059853246, 19.447618606184353 ], [ -99.12586657936491, 19.447404920830895 ], [ -99.125829826924999, 19.447339888605857 ], [ -99.125707686521991, 19.447123777572678 ], [ -99.125588596736591, 19.446949759801427 ], [ -99.125381927448373, 19.446647765891516 ], [ -99.124482259196924, 19.444977393318091 ], [ -99.124194561647712, 19.444411324096286 ], [ -99.123854164867012, 19.443716772656849 ], [ -99.123784839905497, 19.443574263479103 ], [ -99.123114679555499, 19.442659690149927 ], [ -99.123078855178377, 19.442495248462734 ], [ -99.123162198569119, 19.441580799190493 ], [ -99.124881646658608, 19.441721436429756 ], [ -99.12575604522074, 19.441809438930534 ], [ -99.127466730566681, 19.441972659274555 ], [ -99.128824613251268, 19.442101051093996 ], [ -99.129449138562663, 19.442155588405623 ], [ -99.1309057279732, 19.442282778313562 ], [ -99.130797163346273, 19.443218560644901 ], [ -99.131531175814942, 19.443274079933751 ], [ -99.132741736716369, 19.443372955018795 ], [ -99.133241174976519, 19.443415242673119 ], [ -99.133964192405031, 19.443481898137801 ], [ -99.135240440471918, 19.443604880148779 ], [ -99.136994795199158, 19.443748026216724 ], [ -99.137941127494457, 19.443841728170295 ], [ -99.138728298820809, 19.443919262710175 ], [ -99.139277413378053, 19.443983269782098 ], [ -99.139063113413101, 19.444503107925573 ], [ -99.138955283045519, 19.444537132197631 ], [ -99.138824699172943, 19.444614865065518 ], [ -99.137991046460655, 19.445361913407243 ], [ -99.137692336946998, 19.445629586999413 ], [ -99.136798904220797, 19.446429821298178 ], [ -99.136387171844703, 19.446799132439097 ], [ -99.135290770478221, 19.447778317792665 ], [ -99.135294781948176, 19.447917984052761 ], [ -99.13491492376194, 19.448283662172905 ], [ -99.134387717066602, 19.448791907591026 ], [ -99.133850140314948, 19.449379536316989 ], [ -99.13295749698591, 19.450466584186355 ], [ -99.132868508703595, 19.450579214812684 ], [ -99.132206962177975, 19.451418654541861 ], [ -99.131589113113805, 19.452192287714102 ], [ -99.130889676057407, 19.453107222444181 ], [ -99.130617150992521, 19.453067256941207 ] ] ] ] } },
{ "type": "Feature", "properties": { "CVEGEO": "0901500010023", "CVE_ENT": "09", "CVE_MUN": "015", "CVE_LOC": "0001", "CVE_ASEN": "0023", "CP": "06220", "FECHA_ACT": "11/2022", "INSTITUCIO": "SECRETARÍA DE DESARROLLO URBANO Y VIVIENDA", "NOM_ASEN": "PERALVILLO", "TIPO": "COLONIA", "Shape_Leng": 4217.7774697000004, "Shape_Area": 873751.33483900002, "TURISTICO": "TDR P" }, "geometry": { "type": "MultiPolygon", "coordinates": [ [ [ [ -99.126405466206094, 19.461152454894446 ], [ -99.126983257016235, 19.459585989374805 ], [ -99.127226145496977, 19.459011329760742 ], [ -99.127286175965068, 19.458869592384339 ], [ -99.127542589710004, 19.45823731868883 ], [ -99.127781506857417, 19.457638670414298 ], [ -99.128088075092791, 19.4569608860666 ], [ -99.129253029304948, 19.457351566517531 ], [ -99.130227069881471, 19.457715891666151 ], [ -99.131229904702423, 19.458066286504369 ], [ -99.132244271307187, 19.458433221704905 ], [ -99.13287920532828, 19.458661031218142 ], [ -99.133605462566848, 19.458925607600268 ], [ -99.133694746639136, 19.458959936925087 ], [ -99.134509974077844, 19.459274814378684 ], [ -99.134582695617297, 19.459302625288824 ], [ -99.135382481022106, 19.459608482142588 ], [ -99.136386201535188, 19.459971162608515 ], [ -99.136766866103244, 19.460105362678906 ], [ -99.137693711874419, 19.460188313228198 ], [ -99.138832750624246, 19.460274110435819 ], [ -99.140064045107636, 19.460359590784197 ], [ -99.140309722333654, 19.460355246564873 ], [ -99.140560536979294, 19.460812402182587 ], [ -99.140633069170249, 19.460973388183099 ], [ -99.140858242715311, 19.46137328215919 ], [ -99.141029814736669, 19.461702198538092 ], [ -99.141407166673318, 19.462382778731367 ], [ -99.141768879557119, 19.463083942096901 ], [ -99.142258597407178, 19.463738035921558 ], [ -99.14263619762275, 19.464610653019808 ], [ -99.142077939024801, 19.465282733519061 ], [ -99.139810316990122, 19.465246133329096 ], [ -99.139223555585332, 19.465183340776967 ], [ -99.138592276945758, 19.465158161721401 ], [ -99.137497341253635, 19.46510564628089 ], [ -99.136137730775005, 19.465059527963277 ], [ -99.134920840996031, 19.465008915745525 ], [ -99.134229075723482, 19.464980892045137 ], [ -99.133838255409088, 19.464961477855429 ], [ -99.133681147291611, 19.464939185925445 ], [ -99.13333667250474, 19.464854170304196 ], [ -99.133120624088534, 19.464764781675761 ], [ -99.132861633033698, 19.464641492146889 ], [ -99.132425691601114, 19.464375775167564 ], [ -99.131418650699757, 19.46378321847433 ], [ -99.130905964049489, 19.463476714642297 ], [ -99.13043213350312, 19.463195722768173 ], [ -99.129512119402833, 19.462650444768823 ], [ -99.12919094287578, 19.462466529295867 ], [ -99.128842515707007, 19.462267006145652 ], [ -99.12847121825024, 19.462054386101912 ], [ -99.128111416115402, 19.46184834612075 ], [ -99.127550685504943, 19.46152724557442 ], [ -99.127377558429529, 19.461460785244036 ], [ -99.126405466206094, 19.461152454894446 ] ] ] ] } },
{ "type": "Feature", "properties": { "CVEGEO": "0901500010024", "CVE_ENT": "09", "CVE_MUN": "015", "CVE_LOC": "0001", "CVE_ASEN": "0024", "CP": "06030", "FECHA_ACT": "11/2022", "INSTITUCIO": "SECRETARÍA DE DESARROLLO URBANO Y VIVIENDA", "NOM_ASEN": "TABACALERA", "TIPO": "COLONIA", "Shape_Leng": 3711.1170060999998, "Shape_Area": 528997.37544800004, "TURISTICO": "TDR" }, "geometry": { "type": "MultiPolygon", "coordinates": [ [ [ [ -99.159038044194091, 19.432214643592829 ], [ -99.159001835329533, 19.432290071949712 ], [ -99.158080803939555, 19.434376211450576 ], [ -99.157091067834159, 19.436625311415774 ], [ -99.156434283512041, 19.438114327893999 ], [ -99.155685838223349, 19.439810744196233 ], [ -99.155535144497165, 19.439645473063351 ], [ -99.155242894828206, 19.439496888823282 ], [ -99.154774455653211, 19.439291837690739 ], [ -99.153551851363957, 19.438804578629913 ], [ -99.153392255838796, 19.438873708258555 ], [ -99.152213644933497, 19.438567804482545 ], [ -99.151162306367766, 19.438320470632256 ], [ -99.15053864818664, 19.438182455634287 ], [ -99.149173562007363, 19.437890366547681 ], [ -99.148604909715075, 19.437769522071537 ], [ -99.148239878820092, 19.437696643270762 ], [ -99.147628054964102, 19.437577534307984 ], [ -99.14671312144209, 19.437395292517355 ], [ -99.14701926505461, 19.437210594265625 ], [ -99.147504678512007, 19.436886424239635 ], [ -99.147811724496464, 19.436676438818584 ], [ -99.14873078939965, 19.436093980807467 ], [ -99.149353347541265, 19.435702919897995 ], [ -99.149745131816601, 19.435528855505925 ], [ -99.153513544920997, 19.433730920828506 ], [ -99.154438930807103, 19.433266352699704 ], [ -99.15429230486582, 19.433098553560608 ], [ -99.154384269868444, 19.432936097901845 ], [ -99.154563413938604, 19.432785719004006 ], [ -99.154845623796135, 19.432694460422756 ], [ -99.154996112165108, 19.432711926045748 ], [ -99.155139342583027, 19.432782759930085 ], [ -99.155238620971915, 19.432879142050638 ], [ -99.156831687567973, 19.432163648144503 ], [ -99.158377392773161, 19.431438414477029 ], [ -99.159521747878486, 19.430914862768422 ], [ -99.159684852762268, 19.430869928826951 ], [ -99.159793731617384, 19.430808235364971 ], [ -99.159848701977154, 19.430727385263232 ], [ -99.159899471326554, 19.430706108632382 ], [ -99.159265452850718, 19.431746123267622 ], [ -99.159038044194091, 19.432214643592829 ] ] ] ] } },
{ "type": "Feature", "properties": { "CVEGEO": "0901500010025", "CVE_ENT": "09", "CVE_MUN": "015", "CVE_LOC": "0001", "CVE_ASEN": "0025", "CP": "06700", "FECHA_ACT": "11/2022", "INSTITUCIO": "SECRETARÍA DE DESARROLLO URBANO Y VIVIENDA", "NOM_ASEN": "ROMA NORTE", "TIPO": "COLONIA", "Shape_Leng": 7645.3377819799998, "Shape_Area": 2366933.6525, "TURISTICO": "TDR" }, "geometry": { "type": "MultiPolygon", "coordinates": [ [ [ [ -99.170018933940781, 19.41581270428911 ], [ -99.170340096509776, 19.416277069009713 ], [ -99.171176296480752, 19.416036930075553 ], [ -99.171450914189876, 19.415929891294436 ], [ -99.171687135999917, 19.415739652182509 ], [ -99.17179839862429, 19.415617382393155 ], [ -99.172542301859679, 19.416149734727622 ], [ -99.173429850015111, 19.416799074344102 ], [ -99.173575607980098, 19.416907410667893 ], [ -99.173701722449863, 19.417006705673856 ], [ -99.174991800706934, 19.418004196439696 ], [ -99.175654035467929, 19.418829348887414 ], [ -99.176252932708138, 19.419572158935136 ], [ -99.176744720480514, 19.420226310899384 ], [ -99.176968407829548, 19.420540724731101 ], [ -99.176438580182932, 19.420687510835808 ], [ -99.17620044482419, 19.420806127717935 ], [ -99.176076538460038, 19.420811315902686 ], [ -99.175871010454131, 19.420840018332679 ], [ -99.175460189206404, 19.420926127098461 ], [ -99.17462176741509, 19.421110027243849 ], [ -99.174141217126973, 19.42122941227451 ], [ -99.173113674198689, 19.421425403384482 ], [ -99.171610682151154, 19.421743330413918 ], [ -99.171496682290098, 19.421767396461622 ], [ -99.170192389575746, 19.422063080441632 ], [ -99.168830624529917, 19.422388508611238 ], [ -99.168591569646949, 19.422448490620617 ], [ -99.167240449243224, 19.422754421985456 ], [ -99.167135819501411, 19.422783073495548 ], [ -99.165707100835874, 19.423156399260176 ], [ -99.164251889438233, 19.423549087279028 ], [ -99.163631243753088, 19.423705394813155 ], [ -99.16363845957342, 19.423585969034875 ], [ -99.163607728249602, 19.423438662140963 ], [ -99.163565288092244, 19.423339956790969 ], [ -99.163514970419442, 19.42326166478847 ], [ -99.163449425266194, 19.423181209406202 ], [ -99.163400501351987, 19.42314556289503 ], [ -99.163372841051469, 19.423124651163313 ], [ -99.163298204893579, 19.423079293556494 ], [ -99.163184683165738, 19.423036140302777 ], [ -99.16311920575302, 19.423017587072458 ], [ -99.163078953090931, 19.423009496967197 ], [ -99.162989746096457, 19.423002954616774 ], [ -99.162910935205247, 19.423006836287335 ], [ -99.162843233816204, 19.423017527050082 ], [ -99.162784222796432, 19.423032679818689 ], [ -99.162722877894382, 19.423054679331713 ], [ -99.162617836835551, 19.423109588314134 ], [ -99.162556443892228, 19.423154313807139 ], [ -99.162499272039213, 19.423207493418946 ], [ -99.162430478314405, 19.423293997925281 ], [ -99.162384421676379, 19.423380177142558 ], [ -99.162350716904996, 19.423471940138125 ], [ -99.162337253377743, 19.423537968893378 ], [ -99.162331350818107, 19.423607198861212 ], [ -99.162334214910288, 19.423682363965096 ], [ -99.162342914623082, 19.423739500559325 ], [ -99.162353920811256, 19.423784602907332 ], [ -99.16236515904879, 19.423818396877021 ], [ -99.162369938712217, 19.423832769799375 ], [ -99.162394352832081, 19.423888331063459 ], [ -99.161267880957553, 19.424138084865948 ], [ -99.16008035589914, 19.424433309887526 ], [ -99.160001840467686, 19.424452642355643 ], [ -99.158879737624076, 19.424689312108011 ], [ -99.158818754083129, 19.424702996349801 ], [ -99.158094036939957, 19.424871546886692 ], [ -99.157348880081116, 19.425036692029028 ], [ -99.156589749587127, 19.425204294674149 ], [ -99.156452898136607, 19.425236334489782 ], [ -99.1554237555344, 19.425459726911452 ], [ -99.155296505450451, 19.425489905671455 ], [ -99.153658149634751, 19.425851225232154 ], [ -99.153813808100708, 19.424266197195472 ], [ -99.153886994504134, 19.42354730541895 ], [ -99.153981708652211, 19.422556480234896 ], [ -99.154075924397915, 19.421200114725654 ], [ -99.154178451882657, 19.419724102263412 ], [ -99.154209464757088, 19.419346274561104 ], [ -99.154278178386306, 19.418523458468847 ], [ -99.154338179659518, 19.417797135192366 ], [ -99.154420029261033, 19.416806306036872 ], [ -99.154490674314516, 19.415959977202274 ], [ -99.154493700122643, 19.415922982617356 ], [ -99.154564774293519, 19.415054082718974 ], [ -99.15464323157164, 19.414107027754191 ], [ -99.154662178279949, 19.413878317414994 ], [ -99.154737012543009, 19.412968989955822 ], [ -99.154749871384396, 19.412845230100228 ], [ -99.154829924398612, 19.411771505322569 ], [ -99.155596819330839, 19.411755951487347 ], [ -99.156858698244065, 19.411721257803425 ], [ -99.158108738836816, 19.411684940939093 ], [ -99.158917784729937, 19.41165997571775 ], [ -99.159396092334561, 19.411923568274627 ], [ -99.159666558385965, 19.411858825780115 ], [ -99.161045566809079, 19.411593801326202 ], [ -99.16252961387552, 19.411292150153411 ], [ -99.164398717863648, 19.410933837504118 ], [ -99.165994072098655, 19.410619985314316 ], [ -99.167005567639009, 19.410454502554085 ], [ -99.166659430801971, 19.411506639625369 ], [ -99.166413320860087, 19.412267803104047 ], [ -99.166297814326171, 19.412655002857978 ], [ -99.166272225399439, 19.412744465598919 ], [ -99.165973308603824, 19.413695755669842 ], [ -99.165689168141185, 19.414611297688513 ], [ -99.165461199747156, 19.415327704426147 ], [ -99.165404136973052, 19.415508805198677 ], [ -99.167422644884226, 19.416734622859199 ], [ -99.167498392245079, 19.416776599017084 ], [ -99.16878173405253, 19.416563332540779 ], [ -99.16911516880127, 19.416513690952922 ], [ -99.169475037314385, 19.416444537248587 ], [ -99.170018933940781, 19.41581270428911 ] ] ] ] } },
{ "type": "Feature", "properties": { "CVEGEO": "0901500010026", "CVE_ENT": "09", "CVE_MUN": "015", "CVE_LOC": "0001", "CVE_ASEN": "0026", "CP": "06760", "FECHA_ACT": "11/2022", "INSTITUCIO": "SECRETARÍA DE DESARROLLO URBANO Y VIVIENDA", "NOM_ASEN": "ROMA SUR", "TIPO": "COLONIA", "Shape_Leng": 5035.8417101100003, "Shape_Area": 1390255.08767, "TURISTICO": "TDR" }, "geometry": { "type": "MultiPolygon", "coordinates": [ [ [ [ -99.154829924398612, 19.411771505322569 ], [ -99.155176624684017, 19.407441594194086 ], [ -99.155221043333398, 19.406486722428539 ], [ -99.155230383007193, 19.406352266122042 ], [ -99.155302285348554, 19.405337413919824 ], [ -99.155395058579785, 19.404060202925621 ], [ -99.156165859198936, 19.404060123569032 ], [ -99.156329225891525, 19.404063280932213 ], [ -99.156700649600907, 19.404024033310126 ], [ -99.156956851252701, 19.40398294440752 ], [ -99.157173681868429, 19.403933121264487 ], [ -99.157728259246824, 19.403785516135887 ], [ -99.158147336312112, 19.403660944710357 ], [ -99.158537201386352, 19.403546875346439 ], [ -99.158988814452869, 19.403413305372251 ], [ -99.159686661098604, 19.403200601239316 ], [ -99.160337727136877, 19.403010996461855 ], [ -99.160766177508421, 19.402879459915145 ], [ -99.160885175656773, 19.402842888353479 ], [ -99.16133009215865, 19.402706166458803 ], [ -99.161771158790032, 19.40257481699609 ], [ -99.162285409698242, 19.402405536810249 ], [ -99.162685029437043, 19.402282535139239 ], [ -99.163016489370548, 19.402174351743103 ], [ -99.163247271580559, 19.402101181135325 ], [ -99.16380662546743, 19.401906850925709 ], [ -99.164331929935372, 19.401715574240704 ], [ -99.164762804069625, 19.401531901169957 ], [ -99.165265941771494, 19.401330295794214 ], [ -99.165871847033131, 19.401103581837049 ], [ -99.166477926919399, 19.400878838801624 ], [ -99.167122335242837, 19.400628154645354 ], [ -99.167542823482236, 19.400483468689103 ], [ -99.167897333810387, 19.400387949120798 ], [ -99.168069101773142, 19.400347471365368 ], [ -99.1689489109025, 19.40014014163199 ], [ -99.170245520144931, 19.399834582763326 ], [ -99.170435528195654, 19.399789804398736 ], [ -99.170394649880294, 19.399950064289587 ], [ -99.170359114202554, 19.400200945360769 ], [ -99.170094405154018, 19.401014037617195 ], [ -99.16993261689251, 19.401512274746736 ], [ -99.169758660292231, 19.402020182969277 ], [ -99.169632041824002, 19.402447815275721 ], [ -99.169263574110317, 19.403546943615034 ], [ -99.168982403230174, 19.404417585286932 ], [ -99.168902439325507, 19.404672664285613 ], [ -99.16877884045293, 19.405080595929132 ], [ -99.168476363370317, 19.405900538212965 ], [ -99.168117963678441, 19.406989860246703 ], [ -99.16777063978293, 19.408134637325606 ], [ -99.167391273051607, 19.409280480170931 ], [ -99.167005567639009, 19.410454502554085 ], [ -99.165994072098655, 19.410619985314316 ], [ -99.164398717863648, 19.410933837504118 ], [ -99.16252961387552, 19.411292150153411 ], [ -99.161045566809079, 19.411593801326202 ], [ -99.159666558385965, 19.411858825780115 ], [ -99.159396092334561, 19.411923568274627 ], [ -99.158917784729937, 19.41165997571775 ], [ -99.158108738836816, 19.411684940939093 ], [ -99.156858698244065, 19.411721257803425 ], [ -99.155596819330839, 19.411755951487347 ], [ -99.154829924398612, 19.411771505322569 ] ] ] ] } },
{ "type": "Feature", "properties": { "CVEGEO": "0901500010033", "CVE_ENT": "09", "CVE_MUN": "015", "CVE_LOC": "0001", "CVE_ASEN": "0033", "CP": "06240", "FECHA_ACT": "11/2022", "INSTITUCIO": "SECRETARÍA DE DESARROLLO URBANO Y VIVIENDA", "NOM_ASEN": "VALLE GÓMEZ", "TIPO": "COLONIA", "Shape_Leng": 1872.2483022700001, "Shape_Area": 204308.52180399999, "TURISTICO": "TDR P" }, "geometry": { "type": "MultiPolygon", "coordinates": [ [ [ [ -99.122241554769062, 19.459782036716117 ], [ -99.122839940314094, 19.459002381139864 ], [ -99.122914132467727, 19.458895329507648 ], [ -99.122931275666986, 19.458870595166569 ], [ -99.123179928279129, 19.458511833452885 ], [ -99.123331588480937, 19.458154341538144 ], [ -99.123359515676441, 19.458028698336921 ], [ -99.123583780173362, 19.457028684012805 ], [ -99.123690036345778, 19.456429563006292 ], [ -99.123781023247801, 19.456029763164491 ], [ -99.124462996594687, 19.456181634830966 ], [ -99.124694335066863, 19.45621298212944 ], [ -99.125061058000568, 19.456270719073554 ], [ -99.125482398917597, 19.456366844253775 ], [ -99.126144869650261, 19.456517501062216 ], [ -99.127014690315008, 19.456715146264234 ], [ -99.127882044279332, 19.456912449605962 ], [ -99.128088075092791, 19.4569608860666 ], [ -99.127781506857417, 19.457638670414298 ], [ -99.127542589710004, 19.45823731868883 ], [ -99.127286175965068, 19.458869592384339 ], [ -99.127226145496977, 19.459011329760742 ], [ -99.126983257016235, 19.459585989374805 ], [ -99.126405466206094, 19.461152454894446 ], [ -99.125464740315508, 19.460831833682292 ], [ -99.124622332221307, 19.46054960635691 ], [ -99.124162407761204, 19.460397698975399 ], [ -99.123718645761031, 19.460251129031672 ], [ -99.123306447409504, 19.460118650194758 ], [ -99.122871752052362, 19.459977589745549 ], [ -99.122721284417537, 19.459929381602713 ], [ -99.122411228786788, 19.459830049957649 ], [ -99.122241554769062, 19.459782036716117 ] ] ] ] } },
{ "type": "Feature", "properties": { "CVEGEO": "0901600010010", "CVE_ENT": "09", "CVE_MUN": "016", "CVE_LOC": "0001", "CVE_ASEN": "0010", "CP": "11590", "FECHA_ACT": "11/2022", "INSTITUCIO": "SECRETARÍA DE DESARROLLO URBANO Y VIVIENDA", "NOM_ASEN": "ANZURES", "TIPO": "COLONIA", "Shape_Leng": 4121.5297653300004, "Shape_Area": 804452.10243199999, "TURISTICO": "TDR" }, "geometry": { "type": "MultiPolygon", "coordinates": [ [ [ [ -99.179375973690341, 19.436063902773778 ], [ -99.178827264041573, 19.435794322568675 ], [ -99.178247932823524, 19.435509695148884 ], [ -99.177700192158156, 19.435240583931623 ], [ -99.177119715800799, 19.434955388995135 ], [ -99.176618622809215, 19.43470919444108 ], [ -99.176530236210738, 19.434665768247495 ], [ -99.176095254027345, 19.434452050397791 ], [ -99.175945432161214, 19.434378440073356 ], [ -99.175630160203539, 19.434190799176406 ], [ -99.175399097257369, 19.434053279314522 ], [ -99.175164028527092, 19.43391337166204 ], [ -99.174857550029358, 19.433729246435142 ], [ -99.174704972770769, 19.43364083068732 ], [ -99.174262001785408, 19.433399232675495 ], [ -99.173802914991029, 19.433128629524106 ], [ -99.173313164213099, 19.4328094762758 ], [ -99.172681326108034, 19.432414926151772 ], [ -99.172564749108616, 19.432391142115538 ], [ -99.172436519513653, 19.432384691029839 ], [ -99.172209092117754, 19.432402514901757 ], [ -99.172635528010957, 19.431631204694561 ], [ -99.173013160092992, 19.430939336315209 ], [ -99.173782565976353, 19.429545237061312 ], [ -99.174265423976109, 19.428828988475139 ], [ -99.174390236950885, 19.428635087954856 ], [ -99.174684265728814, 19.428178300858225 ], [ -99.174742848988032, 19.428087287942667 ], [ -99.175579232632927, 19.426840344219404 ], [ -99.175658084177883, 19.42672278360304 ], [ -99.176185508769962, 19.425916251565415 ], [ -99.176456834510788, 19.425466300609372 ], [ -99.176655228813146, 19.425178740825121 ], [ -99.17706612588907, 19.424523816245646 ], [ -99.177636210860143, 19.423595698116539 ], [ -99.178057259034944, 19.423662313416244 ], [ -99.178209448881333, 19.424096208554616 ], [ -99.17849885774362, 19.424797133192516 ], [ -99.178506959265377, 19.424816754558233 ], [ -99.179256502564613, 19.426701426894173 ], [ -99.179896520001805, 19.428360761748444 ], [ -99.179981910527971, 19.428623690322787 ], [ -99.180100710176035, 19.428925760358776 ], [ -99.180605579968372, 19.430188435698355 ], [ -99.180747166203474, 19.430543661530368 ], [ -99.181114480959451, 19.431316295193259 ], [ -99.181184050924259, 19.431616430378288 ], [ -99.181696768986086, 19.43281246235906 ], [ -99.181745171255429, 19.432904023228048 ], [ -99.181995999332685, 19.433545951239672 ], [ -99.182288843842471, 19.434264619056858 ], [ -99.182564683481175, 19.434943498158923 ], [ -99.182689311035986, 19.435235451288261 ], [ -99.182962970855542, 19.435967017185042 ], [ -99.183389387962222, 19.436991375721558 ], [ -99.183452243416085, 19.437218405606661 ], [ -99.183453704569899, 19.437413676873966 ], [ -99.183272898735254, 19.437318594210854 ], [ -99.18303599132696, 19.437125208149403 ], [ -99.182996297257688, 19.43719672618797 ], [ -99.182960493046266, 19.437223581745545 ], [ -99.18259983458131, 19.437157747546454 ], [ -99.182284843053566, 19.437071491842737 ], [ -99.181456622511675, 19.436845661152695 ], [ -99.181106268153968, 19.436859149432259 ], [ -99.179746953098103, 19.436246163238923 ], [ -99.179375973690341, 19.436063902773778 ] ] ] ] } },
{ "type": "Feature", "properties": { "CVEGEO": "0901600010056", "CVE_ENT": "09", "CVE_MUN": "016", "CVE_LOC": "0001", "CVE_ASEN": "0056", "CP": "11510", "FECHA_ACT": "11/2022", "INSTITUCIO": "SECRETARÍA DE DESARROLLO URBANO Y VIVIENDA", "NOM_ASEN": "POLANCO I SECCIÓN", "TIPO": "COLONIA", "Shape_Leng": 2730.60089079, "Shape_Area": 357258.237119, "TURISTICO": "TDR" }, "geometry": { "type": "MultiPolygon", "coordinates": [ [ [ [ -99.214159942819919, 19.438893674604838 ], [ -99.212494014397791, 19.43881301090525 ], [ -99.211573138822175, 19.438772224958683 ], [ -99.210770896210633, 19.43873668896066 ], [ -99.209942958467622, 19.438700011112246 ], [ -99.209358173082862, 19.438692413522912 ], [ -99.209219684902493, 19.438690614395455 ], [ -99.208859030838696, 19.438685927446958 ], [ -99.208549405738665, 19.438671556005612 ], [ -99.208355834926238, 19.438662573193906 ], [ -99.207809742081594, 19.438637223301747 ], [ -99.207286279712832, 19.438607559225996 ], [ -99.205975413134013, 19.438533265050719 ], [ -99.206874516738281, 19.436266972793931 ], [ -99.207238015410596, 19.435348839809681 ], [ -99.207675685232033, 19.434481518539496 ], [ -99.207752054591836, 19.434292092376008 ], [ -99.20790523875921, 19.433905002024673 ], [ -99.207982946695694, 19.433709710413126 ], [ -99.208360263505867, 19.432832855721387 ], [ -99.208521221908157, 19.432550859377926 ], [ -99.208524830942721, 19.432380000194829 ], [ -99.208589137999937, 19.431651849484712 ], [ -99.208638493546175, 19.431497809421174 ], [ -99.208710774929841, 19.431366791058771 ], [ -99.208823403003251, 19.431398921591505 ], [ -99.208892692047002, 19.431455925706423 ], [ -99.208958877984173, 19.431553563639564 ], [ -99.209033929623544, 19.431709610938412 ], [ -99.209404100280665, 19.432523229478925 ], [ -99.209568021319654, 19.43288694684216 ], [ -99.20997172315262, 19.433369646101752 ], [ -99.210261833946404, 19.433663918803468 ], [ -99.210898521959521, 19.434160664357687 ], [ -99.211834604384279, 19.435009581652228 ], [ -99.212129378060922, 19.435288860084047 ], [ -99.212366918024145, 19.435544000209624 ], [ -99.212475847484015, 19.435674330162382 ], [ -99.213126781282867, 19.43670444045604 ], [ -99.213841209886695, 19.438218298162607 ], [ -99.214159942819919, 19.438893674604838 ] ] ] ] } },
{ "type": "Feature", "properties": { "CVEGEO": "0901600010057", "CVE_ENT": "09", "CVE_MUN": "016", "CVE_LOC": "0001", "CVE_ASEN": "0057", "CP": "11530", "FECHA_ACT": "11/2022", "INSTITUCIO": "SECRETARÍA DE DESARROLLO URBANO Y VIVIENDA", "NOM_ASEN": "POLANCO II SECCIÓN", "TIPO": "COLONIA", "Shape_Leng": 3305.5071298100002, "Shape_Area": 595053.61692599999, "TURISTICO": "TDR" }, "geometry": { "type": "MultiPolygon", "coordinates": [ [ [ [ -99.200887619163822, 19.438304679093392 ], [ -99.201073287649024, 19.437227514862794 ], [ -99.201285802896109, 19.436013550704644 ], [ -99.201525984532907, 19.434401101528451 ], [ -99.201583279261527, 19.434395657642622 ], [ -99.201631007731677, 19.434367682875937 ], [ -99.201655926865172, 19.43433008806532 ], [ -99.2016536910659, 19.434276250122753 ], [ -99.201622162260833, 19.434238041660247 ], [ -99.201571143717203, 19.434214304805689 ], [ -99.201711953814467, 19.43326330336124 ], [ -99.20191478368838, 19.432096771812024 ], [ -99.202535435986931, 19.430270130534659 ], [ -99.202835094980998, 19.429602947992393 ], [ -99.202648136371266, 19.4295058544315 ], [ -99.202650449963684, 19.429326163798361 ], [ -99.202807494995795, 19.428719401863948 ], [ -99.202851060983789, 19.428542276266473 ], [ -99.202926864323445, 19.42816758417754 ], [ -99.202983073535407, 19.428101634183612 ], [ -99.203172249063925, 19.427890740196439 ], [ -99.204071851439863, 19.42872420120667 ], [ -99.204401470899668, 19.429026080046533 ], [ -99.205267164361459, 19.429644895169655 ], [ -99.206216577958884, 19.430342769469217 ], [ -99.20641137843657, 19.43049233184415 ], [ -99.207182845030815, 19.431071534969767 ], [ -99.207391568364869, 19.431193928754016 ], [ -99.207580331554709, 19.431267782766803 ], [ -99.207819588042383, 19.431304036651813 ], [ -99.208258999638886, 19.431325069559481 ], [ -99.208400960101585, 19.431330917388173 ], [ -99.208710774929841, 19.431366791058771 ], [ -99.208638493546175, 19.431497809421174 ], [ -99.208589137999937, 19.431651849484712 ], [ -99.208524830942721, 19.432380000194829 ], [ -99.208521221908157, 19.432550859377926 ], [ -99.208360263505867, 19.432832855721387 ], [ -99.207982946695694, 19.433709710413126 ], [ -99.20790523875921, 19.433905002024673 ], [ -99.207752054591836, 19.434292092376008 ], [ -99.207675685232033, 19.434481518539496 ], [ -99.207238015410596, 19.435348839809681 ], [ -99.206874516738281, 19.436266972793931 ], [ -99.205975413134013, 19.438533265050719 ], [ -99.205788652645765, 19.438531949748782 ], [ -99.205319668111102, 19.438510198252658 ], [ -99.204649564516572, 19.438479115174466 ], [ -99.203854879245796, 19.438442252209889 ], [ -99.203085411585874, 19.438406554857117 ], [ -99.202349391609502, 19.438372405991753 ], [ -99.200887619163822, 19.438304679093392 ] ] ] ] } },
{ "type": "Feature", "properties": { "CVEGEO": "0901600010058", "CVE_ENT": "09", "CVE_MUN": "016", "CVE_LOC": "0001", "CVE_ASEN": "0058", "CP": "11540", "FECHA_ACT": "11/2022", "INSTITUCIO": "SECRETARÍA DE DESARROLLO URBANO Y VIVIENDA", "NOM_ASEN": "POLANCO III SECCIÓN", "TIPO": "COLONIA", "Shape_Leng": 3703.7965991800002, "Shape_Area": 720653.27303699998, "TURISTICO": "TDR" }, "geometry": { "type": "MultiPolygon", "coordinates": [ [ [ [ -99.202648136371266, 19.4295058544315 ], [ -99.202835094980998, 19.429602947992393 ], [ -99.202535435986931, 19.430270130534659 ], [ -99.20191478368838, 19.432096771812024 ], [ -99.201711953814467, 19.43326330336124 ], [ -99.201571143717203, 19.434214304805689 ], [ -99.201622162260833, 19.434238041660247 ], [ -99.2016536910659, 19.434276250122753 ], [ -99.201655926865172, 19.43433008806532 ], [ -99.201631007731677, 19.434367682875937 ], [ -99.201583279261527, 19.434395657642622 ], [ -99.201525984532907, 19.434401101528451 ], [ -99.201285802896109, 19.436013550704644 ], [ -99.201073287649024, 19.437227514862794 ], [ -99.200887619163822, 19.438304679093392 ], [ -99.200295034961727, 19.438278785472104 ], [ -99.199563273971705, 19.43824670639242 ], [ -99.19908853454821, 19.438225892787948 ], [ -99.198791967698583, 19.438212894148492 ], [ -99.198039505262329, 19.438182303497967 ], [ -99.197264022521736, 19.438147878630296 ], [ -99.196340307486864, 19.438105424716362 ], [ -99.195446141686361, 19.438067167139675 ], [ -99.195560618970831, 19.435762114735045 ], [ -99.195654288171141, 19.434063162670331 ], [ -99.195610296306626, 19.434004067943729 ], [ -99.195566650784642, 19.433937626848589 ], [ -99.195546355229624, 19.433864195492365 ], [ -99.195572580745207, 19.433748942316729 ], [ -99.195687375347049, 19.433630143507223 ], [ -99.195691714472176, 19.433456345321233 ], [ -99.195735162497826, 19.431714654653181 ], [ -99.195799815350924, 19.431593166017972 ], [ -99.195826232586114, 19.431381274123627 ], [ -99.196483088740024, 19.43049454954868 ], [ -99.196917645832329, 19.429874830124216 ], [ -99.197067547621984, 19.429122216218193 ], [ -99.197371745150107, 19.427277709529818 ], [ -99.19740114990482, 19.427095993375037 ], [ -99.197410872594617, 19.42696861826229 ], [ -99.19741234292772, 19.426829454837726 ], [ -99.19734133679907, 19.426527320005103 ], [ -99.197571562624773, 19.426559094772657 ], [ -99.198395622755299, 19.42668845867199 ], [ -99.199400321690703, 19.426847900962748 ], [ -99.200413090581932, 19.427002400562696 ], [ -99.200386015370455, 19.427148902803502 ], [ -99.200300705998671, 19.427324174124003 ], [ -99.200310061639499, 19.427432282236996 ], [ -99.200414282057608, 19.427693477333211 ], [ -99.20052333743287, 19.42790512153023 ], [ -99.200722691191658, 19.428130209249858 ], [ -99.200983836531506, 19.428355244843232 ], [ -99.20128784160886, 19.428503649693848 ], [ -99.201639459253784, 19.428575410010357 ], [ -99.202428439159689, 19.428619724539693 ], [ -99.202807494995795, 19.428719401863948 ], [ -99.202650449963684, 19.429326163798361 ], [ -99.202648136371266, 19.4295058544315 ] ] ] ] } },
{ "type": "Feature", "properties": { "CVEGEO": "0901600010059", "CVE_ENT": "09", "CVE_MUN": "016", "CVE_LOC": "0001", "CVE_ASEN": "0059", "CP": "11550", "FECHA_ACT": "11/2022", "INSTITUCIO": "SECRETARÍA DE DESARROLLO URBANO Y VIVIENDA", "NOM_ASEN": "POLANCO IV SECCIÓN", "TIPO": "COLONIA", "Shape_Leng": 3765.4901412300001, "Shape_Area": 692337.947437, "TURISTICO": "TDR" }, "geometry": { "type": "MultiPolygon", "coordinates": [ [ [ [ -99.191899171264097, 19.426746052946118 ], [ -99.191909436466233, 19.426450853203718 ], [ -99.191978752253078, 19.425731148117553 ], [ -99.192610738380779, 19.425830166896656 ], [ -99.19373099309027, 19.42600524446129 ], [ -99.195908803686436, 19.426326346537316 ], [ -99.19734133679907, 19.426527320005103 ], [ -99.19741234292772, 19.426829454837726 ], [ -99.197410872594617, 19.42696861826229 ], [ -99.19740114990482, 19.427095993375037 ], [ -99.197371745150107, 19.427277709529818 ], [ -99.197067547621984, 19.429122216218193 ], [ -99.196917645832329, 19.429874830124216 ], [ -99.196483088740024, 19.43049454954868 ], [ -99.195826232586114, 19.431381274123627 ], [ -99.195799815350924, 19.431593166017972 ], [ -99.195735162497826, 19.431714654653181 ], [ -99.195691714472176, 19.433456345321233 ], [ -99.195687375347049, 19.433630143507223 ], [ -99.195572580745207, 19.433748942316729 ], [ -99.195546355229624, 19.433864195492365 ], [ -99.195566650784642, 19.433937626848589 ], [ -99.195610296306626, 19.434004067943729 ], [ -99.195654288171141, 19.434063162670331 ], [ -99.195560618970831, 19.435762114735045 ], [ -99.195446141686361, 19.438067167139675 ], [ -99.194697971624549, 19.438033415249809 ], [ -99.193745491123792, 19.437991644038974 ], [ -99.192944429848922, 19.437956430334669 ], [ -99.19211705123378, 19.437920056575926 ], [ -99.191326824190696, 19.437876457546242 ], [ -99.1912576789029, 19.437872640885885 ], [ -99.190436985967864, 19.437845139559649 ], [ -99.190695310010341, 19.435542520536689 ], [ -99.190783500364319, 19.434779885224973 ], [ -99.190839637390539, 19.434240924940902 ], [ -99.190925405153621, 19.433542613803709 ], [ -99.191122326785845, 19.431694851978886 ], [ -99.191159181689017, 19.431500464606206 ], [ -99.191230318739301, 19.431125251210432 ], [ -99.191333387949086, 19.430395973383455 ], [ -99.191569064592827, 19.429069108805333 ], [ -99.191647744499434, 19.428451091384701 ], [ -99.191768809294189, 19.427689666976608 ], [ -99.191833354009191, 19.427339440888211 ], [ -99.191899171264097, 19.426746052946118 ] ] ] ] } },
{ "type": "Feature", "properties": { "CVEGEO": "0901600010060", "CVE_ENT": "09", "CVE_MUN": "016", "CVE_LOC": "0001", "CVE_ASEN": "0060", "CP": "11560", "FECHA_ACT": "11/2022", "INSTITUCIO": "SECRETARÍA DE DESARROLLO URBANO Y VIVIENDA", "NOM_ASEN": "POLANCO V SECCIÓN", "TIPO": "COLONIA", "Shape_Leng": 4597.5321627100002, "Shape_Area": 1056453.3214700001, "TURISTICO": "TDR" }, "geometry": { "type": "MultiPolygon", "coordinates": [ [ [ [ -99.180747166203474, 19.430543661530368 ], [ -99.180605579968372, 19.430188435698355 ], [ -99.180100710176035, 19.428925760358776 ], [ -99.179981910527971, 19.428623690322787 ], [ -99.179896520001805, 19.428360761748444 ], [ -99.180506583144492, 19.42807948055604 ], [ -99.180602734457096, 19.428058271560303 ], [ -99.180790776376782, 19.428031552340368 ], [ -99.180966437816849, 19.428054962080363 ], [ -99.181099409856174, 19.428099166159058 ], [ -99.181239384599948, 19.428178624280228 ], [ -99.181407428292971, 19.428339125302308 ], [ -99.181510351015945, 19.42845894408131 ], [ -99.181591370666155, 19.428594863210549 ], [ -99.181694619146526, 19.428779940275362 ], [ -99.181804630389692, 19.428956817394802 ], [ -99.181909884695301, 19.429089079631009 ], [ -99.182101907835516, 19.429286624135532 ], [ -99.182354684079101, 19.429509012088271 ], [ -99.182539502497008, 19.429595405423399 ], [ -99.182670310509707, 19.429652600534613 ], [ -99.185262015088497, 19.428568338854028 ], [ -99.185556884964598, 19.428466546805055 ], [ -99.18598675628354, 19.428285974122637 ], [ -99.187273748617855, 19.427724452836149 ], [ -99.188775084949214, 19.427103426336036 ], [ -99.190590123270027, 19.426296897081318 ], [ -99.191256643489837, 19.425968720731269 ], [ -99.191816946014967, 19.425705779429915 ], [ -99.191978752253078, 19.425731148117553 ], [ -99.191909436466233, 19.426450853203718 ], [ -99.191899171264097, 19.426746052946118 ], [ -99.191833354009191, 19.427339440888211 ], [ -99.191768809294189, 19.427689666976608 ], [ -99.191647744499434, 19.428451091384701 ], [ -99.191569064592827, 19.429069108805333 ], [ -99.191333387949086, 19.430395973383455 ], [ -99.191230318739301, 19.431125251210432 ], [ -99.191159181689017, 19.431500464606206 ], [ -99.191122326785845, 19.431694851978886 ], [ -99.190925405153621, 19.433542613803709 ], [ -99.190839637390539, 19.434240924940902 ], [ -99.190783500364319, 19.434779885224973 ], [ -99.190695310010341, 19.435542520536689 ], [ -99.190436985967864, 19.437845139559649 ], [ -99.189713720562068, 19.437823332646509 ], [ -99.189555481023874, 19.43781421593442 ], [ -99.189000334529979, 19.437793012001645 ], [ -99.188750133410096, 19.437783483788301 ], [ -99.18834138587404, 19.437769248236361 ], [ -99.187967746989614, 19.437746887343891 ], [ -99.187475804907663, 19.437712660820512 ], [ -99.18714946761402, 19.437697046470856 ], [ -99.18672208448281, 19.437674461728307 ], [ -99.18616344858178, 19.437654539894016 ], [ -99.185997205610704, 19.437646109601673 ], [ -99.185475852060861, 19.43762465003044 ], [ -99.18454682817476, 19.437596672757845 ], [ -99.184256329480888, 19.437574709370185 ], [ -99.183720470253746, 19.437513193604346 ], [ -99.183453704569899, 19.437413676873966 ], [ -99.183452243416085, 19.437218405606661 ], [ -99.183389387962222, 19.436991375721558 ], [ -99.182962970855542, 19.435967017185042 ], [ -99.182689311035986, 19.435235451288261 ], [ -99.182564683481175, 19.434943498158923 ], [ -99.182288843842471, 19.434264619056858 ], [ -99.181995999332685, 19.433545951239672 ], [ -99.181745171255429, 19.432904023228048 ], [ -99.181696768986086, 19.43281246235906 ], [ -99.181184050924259, 19.431616430378288 ], [ -99.181114480959451, 19.431316295193259 ], [ -99.180747166203474, 19.430543661530368 ] ] ] ] } },
{ "type": "Feature", "properties": { "CVEGEO": "0901600010085", "CVE_ENT": "09", "CVE_MUN": "016", "CVE_LOC": "0001", "CVE_ASEN": "0085", "CP": "11000", "FECHA_ACT": "11/2022", "INSTITUCIO": "SECRETARÍA DE DESARROLLO URBANO Y VIVIENDA", "NOM_ASEN": "BOSQUE DE CHAPULTEPEC", "TIPO": "ZONA FEDERAL", "Shape_Leng": 15780.832501299999, "Shape_Area": 7257625.5489499997, "TURISTICO": "TDR P" }, "geometry": { "type": "MultiPolygon", "coordinates": [ [ [ [ -99.179896520001805, 19.428360761748444 ], [ -99.179256502564613, 19.426701426894173 ], [ -99.178506959265377, 19.424816754558233 ], [ -99.17849885774362, 19.424797133192516 ], [ -99.178209448881333, 19.424096208554616 ], [ -99.178057259034944, 19.423662313416244 ], [ -99.177636210860143, 19.423595698116539 ], [ -99.176943674760821, 19.423473015225873 ], [ -99.176219881030903, 19.423357974190385 ], [ -99.175936137359884, 19.423331942390369 ], [ -99.175678142886653, 19.423338459885173 ], [ -99.176756695912445, 19.421242997965113 ], [ -99.176778989392517, 19.421256899160063 ], [ -99.177072274042558, 19.421303890699416 ], [ -99.177804711900791, 19.42132311061566 ], [ -99.177798852527786, 19.421149831312242 ], [ -99.177794895893626, 19.420998094703506 ], [ -99.178186024130028, 19.420619238629424 ], [ -99.178449688966083, 19.420423369146143 ], [ -99.178757319591767, 19.420211804007412 ], [ -99.178969766989908, 19.419968433056926 ], [ -99.179287440922494, 19.419364489695393 ], [ -99.179389640103693, 19.419130788579452 ], [ -99.179530054834075, 19.418739876640764 ], [ -99.180169114643419, 19.417161177597869 ], [ -99.180437665649535, 19.416630163001681 ], [ -99.181015642311138, 19.416491281153004 ], [ -99.182260543204009, 19.41628277122053 ], [ -99.182716046125861, 19.41619857772384 ], [ -99.183707951785337, 19.415820424660239 ], [ -99.185026979174879, 19.415279916249762 ], [ -99.185796034195704, 19.41498436125497 ], [ -99.186432959877578, 19.414633243364754 ], [ -99.187152853289675, 19.414236381557135 ], [ -99.1877806824495, 19.413959889461676 ], [ -99.188487359973522, 19.413544987812415 ], [ -99.189830970221308, 19.412848860866603 ], [ -99.190195459640705, 19.412679972127098 ], [ -99.191233401066484, 19.412199031653977 ], [ -99.191533707692528, 19.412060102787155 ], [ -99.192328141619967, 19.411640241835574 ], [ -99.19368759194775, 19.410918526091759 ], [ -99.193826191618882, 19.410845389729484 ], [ -99.194049177872316, 19.410729610148461 ], [ -99.194663336899652, 19.410398710505728 ], [ -99.195927526372472, 19.409711251287643 ], [ -99.197222290555445, 19.409025095945232 ], [ -99.197920776013746, 19.408650351031568 ], [ -99.19861728461629, 19.408272630524031 ], [ -99.199177056092012, 19.407966560250987 ], [ -99.199349269220093, 19.407872509972265 ], [ -99.199770571435678, 19.40764259140677 ], [ -99.200048901257119, 19.407490845071532 ], [ -99.200394087009627, 19.40730264782103 ], [ -99.200606237526671, 19.407187051790711 ], [ -99.200856326721876, 19.407052239007601 ], [ -99.201452646525397, 19.406717541780388 ], [ -99.202096834105859, 19.406357593202639 ], [ -99.202396984256211, 19.406189879827409 ], [ -99.202446207307034, 19.406162299628264 ], [ -99.20290795794017, 19.405904363921785 ], [ -99.203807031368328, 19.405346348086486 ], [ -99.204706099332313, 19.404788327289637 ], [ -99.20548597904228, 19.404301302330403 ], [ -99.207027331627074, 19.40331536777768 ], [ -99.20840683968251, 19.402437038031223 ], [ -99.209264641862831, 19.40191126865615 ], [ -99.210122441158987, 19.401385498418477 ], [ -99.21092594793933, 19.400887463033065 ], [ -99.212207550246802, 19.40008183298238 ], [ -99.212674086544283, 19.399764880983188 ], [ -99.213025400272883, 19.399559276143368 ], [ -99.213866179991427, 19.399117694516093 ], [ -99.214480218804084, 19.398839737887261 ], [ -99.21485610599342, 19.398705705481586 ], [ -99.215876222121523, 19.398376626980248 ], [ -99.216292249703102, 19.398252600479307 ], [ -99.216906446159442, 19.398033540428237 ], [ -99.217077449229919, 19.397973937082057 ], [ -99.218071982406585, 19.397634261454712 ], [ -99.218315581453879, 19.397554675120524 ], [ -99.219513201436129, 19.397170479697092 ], [ -99.222060216076144, 19.396327577131402 ], [ -99.222234741680012, 19.396490154015627 ], [ -99.222488419639618, 19.396586646972452 ], [ -99.222879877289088, 19.396677052224263 ], [ -99.22325680405946, 19.396854639591645 ], [ -99.223411897553149, 19.397057795901159 ], [ -99.223429149386277, 19.397264661152583 ], [ -99.22334724261259, 19.397529678694905 ], [ -99.223326769817959, 19.397834736702507 ], [ -99.223521883635641, 19.398285243029111 ], [ -99.223485428023494, 19.398718394006934 ], [ -99.223553138930455, 19.399176835694998 ], [ -99.223086683607946, 19.399821606099803 ], [ -99.222388328354754, 19.400624319521754 ], [ -99.221812973484916, 19.400960615498693 ], [ -99.221377229391734, 19.401194308792849 ], [ -99.220650773162831, 19.401626251980197 ], [ -99.22037916426828, 19.401809115896842 ], [ -99.219464196959194, 19.402404274600212 ], [ -99.218530896846886, 19.403050000263498 ], [ -99.217124771289008, 19.404000695791808 ], [ -99.217561419248028, 19.40393068315149 ], [ -99.218776406498193, 19.403730304195125 ], [ -99.219443485016996, 19.403561486291089 ], [ -99.220343982173461, 19.405052900215686 ], [ -99.220387013811944, 19.405101837352071 ], [ -99.220569082462575, 19.405021272489833 ], [ -99.220771962342567, 19.404928735645967 ], [ -99.220945898255607, 19.404812235034992 ], [ -99.221143814083703, 19.404683006962912 ], [ -99.221402787503379, 19.404557467451461 ], [ -99.221605295449933, 19.404533219382053 ], [ -99.221892089507008, 19.404527122928805 ], [ -99.222309477060833, 19.404521336614589 ], [ -99.222632630834553, 19.404513221184231 ], [ -99.222763856082352, 19.404530585984581 ], [ -99.222872745657895, 19.4045994301135 ], [ -99.222928304252079, 19.404683907598926 ], [ -99.222959801327505, 19.404757968024057 ], [ -99.222962784217543, 19.404826591349575 ], [ -99.222940446619504, 19.40489435252281 ], [ -99.22290553117486, 19.404962603874626 ], [ -99.222817146251032, 19.404986350199138 ], [ -99.222625151672503, 19.405003899113019 ], [ -99.22236458449558, 19.405065402699531 ], [ -99.222205099468141, 19.405138267483242 ], [ -99.222135358477075, 19.405170591203213 ], [ -99.221999662055765, 19.405274154893061 ], [ -99.221473509978267, 19.405822002265683 ], [ -99.221216936455548, 19.40603866371902 ], [ -99.221099866994777, 19.406124359150041 ], [ -99.220911476272803, 19.406245822846504 ], [ -99.220797914641352, 19.406323220586778 ], [ -99.220665848345377, 19.406444764670084 ], [ -99.220551564601649, 19.406579751366298 ], [ -99.220441156440714, 19.40673323320522 ], [ -99.220333046190873, 19.406935220207504 ], [ -99.220260505439242, 19.407127987940367 ], [ -99.219998094395706, 19.407632855327613 ], [ -99.21978081009776, 19.407875238407563 ], [ -99.21965952720744, 19.407985575361234 ], [ -99.220038365930208, 19.408155619546317 ], [ -99.219681053741013, 19.408659509815188 ], [ -99.2195742298384, 19.408837862492579 ], [ -99.219387303049629, 19.408988848896772 ], [ -99.219239816541545, 19.409005262509389 ], [ -99.219092418721488, 19.409064716430802 ], [ -99.2181787289543, 19.410032789664424 ], [ -99.217716433489954, 19.409670733466825 ], [ -99.217342869869, 19.409881979074385 ], [ -99.216881538262939, 19.41003797759068 ], [ -99.216700542650443, 19.410115883412157 ], [ -99.216396695881485, 19.410127522670667 ], [ -99.215981952909971, 19.410205856137903 ], [ -99.215666701715904, 19.410288854060667 ], [ -99.215386210725413, 19.410366672430989 ], [ -99.214746867987827, 19.410418574579658 ], [ -99.214398767643956, 19.413064273962366 ], [ -99.21336872545794, 19.414084804396282 ], [ -99.21418069719455, 19.414615776313202 ], [ -99.214368336130065, 19.414751612475779 ], [ -99.213387616906545, 19.414916986767377 ], [ -99.211986154824842, 19.41512904918239 ], [ -99.211731420821636, 19.415321451578812 ], [ -99.211535408078333, 19.415408440937902 ], [ -99.211193725747364, 19.415534712198802 ], [ -99.210496143948234, 19.415896436673247 ], [ -99.210139644714801, 19.416060222901208 ], [ -99.209766902789326, 19.416288635218255 ], [ -99.209105337479315, 19.416752868020499 ], [ -99.208495495412294, 19.417256846532823 ], [ -99.208313797333489, 19.417422271361314 ], [ -99.207965121092315, 19.417912506268959 ], [ -99.207764859226799, 19.418277439265072 ], [ -99.207526377777029, 19.418724794269785 ], [ -99.207351811515622, 19.419077629650172 ], [ -99.207176743713234, 19.419387108229834 ], [ -99.20652838469438, 19.419107232385244 ], [ -99.205928921878098, 19.41874103538246 ], [ -99.205603949860006, 19.418535451300436 ], [ -99.205370745535276, 19.418741145878599 ], [ -99.20513434735814, 19.41904844234011 ], [ -99.204979503412218, 19.419276942010757 ], [ -99.204739297763325, 19.419531359747861 ], [ -99.204483455362009, 19.419730590427218 ], [ -99.204240024681781, 19.419906401098093 ], [ -99.204093813335405, 19.420020895095156 ], [ -99.204077337377839, 19.420036433793513 ], [ -99.203518938164521, 19.420711331177149 ], [ -99.203239140099839, 19.421145255522557 ], [ -99.202489210175699, 19.422257478610135 ], [ -99.202719192600853, 19.422178987024346 ], [ -99.203056831090606, 19.422237438046238 ], [ -99.202733145382339, 19.422955044904288 ], [ -99.20254885150014, 19.423547375958858 ], [ -99.202729415775607, 19.423895977131551 ], [ -99.202949088236252, 19.42461039050816 ], [ -99.203350963477433, 19.425832088701604 ], [ -99.203276353589729, 19.426418892610041 ], [ -99.203195564167686, 19.426920436342957 ], [ -99.20319678497296, 19.427000160816203 ], [ -99.203242019400719, 19.427107397468923 ], [ -99.203387569081173, 19.427345460940188 ], [ -99.203499065550176, 19.427608025328627 ], [ -99.203335109185673, 19.427713396988032 ], [ -99.203172249063925, 19.427890740196439 ], [ -99.202983073535407, 19.428101634183612 ], [ -99.202926864323445, 19.42816758417754 ], [ -99.202851060983789, 19.428542276266473 ], [ -99.202807494995795, 19.428719401863948 ], [ -99.202428439159689, 19.428619724539693 ], [ -99.201639459253784, 19.428575410010357 ], [ -99.20128784160886, 19.428503649693848 ], [ -99.200983836531506, 19.428355244843232 ], [ -99.200722691191658, 19.428130209249858 ], [ -99.20052333743287, 19.42790512153023 ], [ -99.200414282057608, 19.427693477333211 ], [ -99.200310061639499, 19.427432282236996 ], [ -99.200300705998671, 19.427324174124003 ], [ -99.200386015370455, 19.427148902803502 ], [ -99.200413090581932, 19.427002400562696 ], [ -99.199400321690703, 19.426847900962748 ], [ -99.198395622755299, 19.42668845867199 ], [ -99.197571562624773, 19.426559094772657 ], [ -99.19734133679907, 19.426527320005103 ], [ -99.195908803686436, 19.426326346537316 ], [ -99.19373099309027, 19.42600524446129 ], [ -99.192610738380779, 19.425830166896656 ], [ -99.191978752253078, 19.425731148117553 ], [ -99.191816946014967, 19.425705779429915 ], [ -99.191256643489837, 19.425968720731269 ], [ -99.190590123270027, 19.426296897081318 ], [ -99.188775084949214, 19.427103426336036 ], [ -99.187273748617855, 19.427724452836149 ], [ -99.18598675628354, 19.428285974122637 ], [ -99.185556884964598, 19.428466546805055 ], [ -99.185262015088497, 19.428568338854028 ], [ -99.182670310509707, 19.429652600534613 ], [ -99.182539502497008, 19.429595405423399 ], [ -99.182354684079101, 19.429509012088271 ], [ -99.182101907835516, 19.429286624135532 ], [ -99.181909884695301, 19.429089079631009 ], [ -99.181804630389692, 19.428956817394802 ], [ -99.181694619146526, 19.428779940275362 ], [ -99.181591370666155, 19.428594863210549 ], [ -99.181510351015945, 19.42845894408131 ], [ -99.181407428292971, 19.428339125302308 ], [ -99.181239384599948, 19.428178624280228 ], [ -99.181099409856174, 19.428099166159058 ], [ -99.180966437816849, 19.428054962080363 ], [ -99.180790776376782, 19.428031552340368 ], [ -99.180602734457096, 19.428058271560303 ], [ -99.180506583144492, 19.42807948055604 ], [ -99.179896520001805, 19.428360761748444 ] ] ] ] } },
{ "type": "Feature", "properties": { "CVEGEO": null, "CVE_ENT": null, "CVE_MUN": null, "CVE_LOC": null, "CVE_ASEN": null, "CP": null, "FECHA_ACT": null, "INSTITUCIO": null, "NOM_ASEN": null, "TIPO": null, "Shape_Leng": null, "Shape_Area": null, "TURISTICO": "TDR P" }, "geometry": { "type": "MultiPolygon", "coordinates": [ [ [ [ -99.148526588334306, 19.307623665769984 ], [ -99.148331273962071, 19.307316706744498 ], [ -99.148341968019096, 19.306806135719064 ], [ -99.146685606738686, 19.306423697823583 ], [ -99.145953871546524, 19.306042754831537 ], [ -99.145675208763762, 19.305702294519353 ], [ -99.144940469028413, 19.305464944707037 ], [ -99.142064391296572, 19.309129620531099 ], [ -99.141345439797021, 19.308940436371969 ], [ -99.142331483689532, 19.307618313387174 ], [ -99.143829153534938, 19.303544501099587 ], [ -99.145212281626357, 19.299316895428674 ], [ -99.147782871444235, 19.300390990291618 ], [ -99.150309334566415, 19.298555222487533 ], [ -99.152045666753381, 19.297119518177251 ], [ -99.152609527133336, 19.297688801078685 ], [ -99.156745196488629, 19.296872872923675 ], [ -99.15901732695049, 19.300167780549135 ], [ -99.160948636093053, 19.301269527510495 ], [ -99.161106368843491, 19.301767299625759 ], [ -99.161130995842001, 19.302198723886224 ], [ -99.160902220969533, 19.302689231410945 ], [ -99.160627688360933, 19.302955416946645 ], [ -99.160117554427245, 19.303233133888352 ], [ -99.159524392760034, 19.303461403100378 ], [ -99.15925451652673, 19.303504212099391 ], [ -99.154801501156498, 19.305016551183634 ], [ -99.152927749729429, 19.305583793233467 ], [ -99.151723252673335, 19.308513988169182 ], [ -99.148526588334306, 19.307623665769984 ] ] ] ] } },
{ "type": "Feature", "properties": { "CVEGEO": null, "CVE_ENT": null, "CVE_MUN": null, "CVE_LOC": null, "CVE_ASEN": null, "CP": null, "FECHA_ACT": null, "INSTITUCIO": null, "NOM_ASEN": null, "TIPO": null, "Shape_Leng": null, "Shape_Area": null, "TURISTICO": "TDR" }, "geometry": { "type": "MultiPolygon", "coordinates": [ [ [ [ -99.133746605429053, 19.422227354568271 ], [ -99.133558414667917, 19.422227415374582 ], [ -99.133824771592188, 19.419528024735872 ], [ -99.13463797039671, 19.414397219096841 ], [ -99.135265340087997, 19.410272634024381 ], [ -99.135625725881226, 19.408079029674735 ], [ -99.136317327161777, 19.403387837472927 ], [ -99.137583876612183, 19.39545486442529 ], [ -99.138926824641587, 19.386460476249798 ], [ -99.14030078871393, 19.377138479478006 ], [ -99.141311656972789, 19.370050848794751 ], [ -99.142478065022814, 19.363030092408824 ], [ -99.143074059007105, 19.359932532595884 ], [ -99.143668827930398, 19.357248402647052 ], [ -99.144939441938064, 19.352735193524239 ], [ -99.145273444186202, 19.351428428973417 ], [ -99.145362366235631, 19.350754053260143 ], [ -99.145365718892847, 19.349881100313052 ], [ -99.145305107103809, 19.349205674759389 ], [ -99.144716737995509, 19.346864744152299 ], [ -99.14382988253297, 19.343515632154681 ], [ -99.143535831895264, 19.342117161864945 ], [ -99.142241917898474, 19.337770245281042 ], [ -99.14070136558756, 19.332710688247936 ], [ -99.139290359920835, 19.328162842973128 ], [ -99.137947383714319, 19.323673075370518 ], [ -99.137556623085402, 19.322345540042168 ], [ -99.137540663497816, 19.321326750787829 ], [ -99.137745244572343, 19.320486029577047 ], [ -99.138110239765709, 19.318949249713931 ], [ -99.138482484502035, 19.317600691154677 ], [ -99.141091392507889, 19.309852279365071 ], [ -99.141346241245188, 19.308938533017933 ], [ -99.142029096903229, 19.309119475837885 ], [ -99.140283013198115, 19.314011356953717 ], [ -99.138746086981328, 19.319027027131135 ], [ -99.138161320593582, 19.320690161632022 ], [ -99.137957643923258, 19.321496327204084 ], [ -99.138014296200836, 19.322255722162758 ], [ -99.138173612834009, 19.323066304559813 ], [ -99.138493055994175, 19.324155674904745 ], [ -99.139912657941949, 19.328801451399723 ], [ -99.142718211003256, 19.337732926332315 ], [ -99.14470451849742, 19.345053480249053 ], [ -99.145696866734824, 19.349188949983493 ], [ -99.145807858915035, 19.349833670248394 ], [ -99.14576337432122, 19.350965423874143 ], [ -99.145674873777196, 19.351722098280671 ], [ -99.144083567181625, 19.35721714193895 ], [ -99.143410586573566, 19.360112259849455 ], [ -99.141751009853749, 19.370207917694728 ], [ -99.140753379310198, 19.377189157051376 ], [ -99.139286383620956, 19.386621361185544 ], [ -99.137704112688084, 19.397083173136043 ], [ -99.13628191032447, 19.405846665683754 ], [ -99.135563325654289, 19.410395737438932 ], [ -99.134373328169303, 19.418102474047249 ], [ -99.133746605429053, 19.422227354568271 ] ] ] ] } },
{ "type": "Feature", "properties": { "CVEGEO": null, "CVE_ENT": null, "CVE_MUN": null, "CVE_LOC": null, "CVE_ASEN": null, "CP": null, "FECHA_ACT": null, "INSTITUCIO": null, "NOM_ASEN": "TAXQUEÑA", "TIPO": null, "Shape_Leng": null, "Shape_Area": null, "TURISTICO": "TDR P" }, "geometry": { "type": "MultiPolygon", "coordinates": [ [ [ [ -99.143710390195935, 19.342666605941691 ], [ -99.14370235754069, 19.342870202651227 ], [ -99.143680313746472, 19.343072864808924 ], [ -99.143644353146584, 19.34327372457733 ], [ -99.143594629670432, 19.343471921832652 ], [ -99.143531356185377, 19.343666607848292 ], [ -99.143454803586209, 19.343856948929318 ], [ -99.143365299635974, 19.344042129983009 ], [ -99.143263227563281, 19.344221358009538 ], [ -99.143149024421945, 19.344393865498017 ], [ -99.143023179220052, 19.344558913713815 ], [ -99.142886230826377, 19.344715795862303 ], [ -99.142738765663296, 19.344863840116194 ], [ -99.142581415195764, 19.3450024124927 ], [ -99.142414853227294, 19.345130919569229 ], [ -99.142239793014724, 19.345248811024966 ], [ -99.142056984213511, 19.345355581997989 ], [ -99.14186720966741, 19.345450775247798 ], [ -99.141671282055597, 19.345533983113704 ], [ -99.141470040412145, 19.345604849261147 ], [ -99.141264346532367, 19.345663070207927 ], [ -99.141055081281706, 19.345708396623987 ], [ -99.140843140822795, 19.345740634399757 ], [ -99.140629432777018, 19.345759645477351 ], [ -99.140414872336876, 19.345765348441972 ], [ -99.140200378345938, 19.345757718870708 ], [ -99.139986869363199, 19.345736789437158 ], [ -99.139775259728495, 19.345702649771443 ], [ -99.139566455646175, 19.345655446076208 ], [ -99.139361351303577, 19.345595380500534 ], [ -99.139160825040975, 19.34552271027388 ], [ -99.138965735589522, 19.345437746604293 ], [ -99.138776918393276, 19.345340853345501 ], [ -99.138595182030897, 19.345232445438121 ], [ -99.138421304752725, 19.345112987132612 ], [ -99.138256031147591, 19.344982990000528 ], [ -99.138100068954159, 19.344843010743585 ], [ -99.137954086030007, 19.344693648808807 ], [ -99.137818707491718, 19.344535543821394 ], [ -99.137694513038085, 19.344369372845051 ], [ -99.137582034468039, 19.344195847481895 ], [ -99.137481753403719, 19.344015710825065 ], [ -99.137394099228572, 19.343829734275864 ], [ -99.137319447249283, 19.343638714240225 ], [ -99.137258117089388, 19.343443468717734 ], [ -99.137210371321359, 19.343244833798618 ], [ -99.137176414343216, 19.343043660083108 ], [ -99.137156391504149, 19.342840809038705 ], [ -99.137150388483207, 19.342637149311134 ], [ -99.137158430923392, 19.342433553004533 ], [ -99.137180484322982, 19.342230891947022 ], [ -99.137216454184326, 19.342030033957219 ], [ -99.137266186419552, 19.341831839128556 ], [ -99.137329468011416, 19.341637156146124 ], [ -99.137406027926446, 19.341446818652834 ], [ -99.137495538276397, 19.341261641680088 ], [ -99.137597615723166, 19.341082418157928 ], [ -99.137711823120981, 19.340909915520122 ], [ -99.137837671388951, 19.340744872418298 ], [ -99.137974621605792, 19.340587995559588 ], [ -99.138122087317981, 19.340439956680807 ], [ -99.138279437051139, 19.340301389672721 ], [ -99.13844599701433, 19.340172887866153 ], [ -99.13862105398502, 19.340055001491631 ], [ -99.138803858363218, 19.339948235324229 ], [ -99.138993627380856, 19.339853046522201 ], [ -99.139189548453359, 19.339769842670066 ], [ -99.139390782658552, 19.339698980033766 ], [ -99.139596468328349, 19.339640762035479 ], [ -99.139805724737812, 19.339595437954689 ], [ -99.140017655875582, 19.339563201861068 ], [ -99.140231354279777, 19.339544191783801 ], [ -99.140445904922842, 19.339538489120411 ], [ -99.14066038912884, 19.339546118288773 ], [ -99.140873888506206, 19.339567046622122 ], [ -99.141085488879455, 19.339601184509217 ], [ -99.141294284202687, 19.339648385777789 ], [ -99.141499380438475, 19.339708448320319 ], [ -99.141699899385216, 19.339781114959205 ], [ -99.141894982436952, 19.339866074547849 ], [ -99.142083794259122, 19.33996296330233 ], [ -99.142265526365023, 19.340071366359027 ], [ -99.142439400577132, 19.340190819550532 ], [ -99.14260467235907, 19.340320811392779 ], [ -99.142760634003409, 19.340460785274654 ], [ -99.142906617661936, 19.340610141840965 ], [ -99.143041998205518, 19.340768241558461 ], [ -99.143166195901031, 19.340934407453584 ], [ -99.143278678894077, 19.341107928011105 ], [ -99.143378965486846, 19.341288060220183 ], [ -99.143466626201317, 19.341474032755592 ], [ -99.143541285618866, 19.341665049280088 ], [ -99.143602623988741, 19.3418602918541 ], [ -99.143650378597968, 19.342058924437932 ], [ -99.143684344897252, 19.342260096471243 ], [ -99.143704377377901, 19.342462946515393 ], [ -99.143710390195935, 19.342666605941691 ] ] ] ] } },
{ "type": "Feature", "properties": { "CVEGEO": null, "CVE_ENT": null, "CVE_MUN": null, "CVE_LOC": null, "CVE_ASEN": null, "CP": null, "FECHA_ACT": null, "INSTITUCIO": null, "NOM_ASEN": "TAPO", "TIPO": null, "Shape_Leng": null, "Shape_Area": null, "TURISTICO": "TDR" }, "geometry": { "type": "MultiPolygon", "coordinates": [ [ [ [ -99.110571259682331, 19.43029816270186 ], [ -99.110598435790777, 19.430153418600323 ], [ -99.110635532264439, 19.430010670643245 ], [ -99.11068239022147, 19.429870530090955 ], [ -99.110738808982092, 19.429733597036456 ], [ -99.110804546928421, 19.429600457835996 ], [ -99.110879322539461, 19.429471682598241 ], [ -99.110962815597034, 19.429347822743363 ], [ -99.111054668557273, 19.429229408642072 ], [ -99.111154488081965, 19.429116947344564 ], [ -99.111261846722982, 19.429010920409659 ], [ -99.111376284752836, 19.428911781843137 ], [ -99.111497312133281, 19.4288199561536 ], [ -99.1116244106137, 19.428735836535335 ], [ -99.111757035950234, 19.428659783184635 ], [ -99.111894620236072, 19.42859212175771 ], [ -99.112036574333075, 19.42853314197648 ], [ -99.112182290394273, 19.428483096388316 ], [ -99.112331144466324, 19.428442199284603 ], [ -99.112482499160961, 19.428410625783442 ], [ -99.112635706383941, 19.428388511079849 ], [ -99.112790110109742, 19.42837594986711 ], [ -99.112945049190216, 19.428372995931174 ], [ -99.113099860185216, 19.428379661920516 ], [ -99.11325388020299, 19.428395919291994 ], [ -99.113406449738164, 19.428421698432995 ], [ -99.113556915495352, 19.428456888959442 ], [ -99.113704633186146, 19.428501340188465 ], [ -99.113848970287521, 19.428554861783404 ], [ -99.11398930874995, 19.428617224568725 ], [ -99.114125047643626, 19.428688161511182 ], [ -99.114255605731273, 19.428767368863088 ], [ -99.114380423956874, 19.428854507462663 ], [ -99.11449896783941, 19.42894920418615 ], [ -99.114610729761338, 19.429051053545329 ], [ -99.114715231142284, 19.429159619423547 ], [ -99.114812024488316, 19.42927443694283 ], [ -99.114900695308279, 19.429395014454521 ], [ -99.114980863888746, 19.429520835644034 ], [ -99.115052186920295, 19.42965136174152 ], [ -99.115114358967887, 19.429786033828901 ], [ -99.115167113779009, 19.429924275232764 ], [ -99.115210225424207, 19.430065493993741 ], [ -99.115243509265127, 19.430209085400946 ], [ -99.115266822745468, 19.430354434581467 ], [ -99.115280066001958, 19.430500919133113 ], [ -99.115283182292643, 19.430647911789663 ], [ -99.115276158240292, 19.430794783106627 ], [ -99.115259023890303, 19.430940904156898 ], [ -99.115231852582596, 19.431085649223785 ], [ -99.115194760638062, 19.431228398480442 ], [ -99.115147906861097, 19.431368540644364 ], [ -99.115091491859914, 19.431505475594921 ], [ -99.115025757188107, 19.431638616943435 ], [ -99.114950984310624, 19.431767394544519 ], [ -99.114867493398876, 19.431891256937465 ], [ -99.114775641960009, 19.432009673708261 ], [ -99.114675823306214, 19.432122137760985 ], [ -99.1145684648707, 19.432228167489669 ], [ -99.114454026377473, 19.432327308840698 ], [ -99.114332997872665, 19.432419137257881 ], [ -99.114205897626164, 19.432503259500191 ], [ -99.114073269912026, 19.432579315326553 ], [ -99.113935682677777, 19.432646979038307 ], [ -99.113793725111947, 19.432705960874443 ], [ -99.113648005120893, 19.432756008252454 ], [ -99.113499146725232, 19.432796906850321 ], [ -99.113347787387127, 19.432828481524421 ], [ -99.11319457528036, 19.432850597059556 ], [ -99.113040166513954, 19.43286315874834 ], [ -99.112885222322333, 19.432866112796614 ], [ -99.112730406233084, 19.432859446553969 ], [ -99.112576381225125, 19.432843188567929 ], [ -99.112423806889225, 19.432817408461609 ], [ -99.112273336602883, 19.432782216635552 ], [ -99.112125614732037, 19.432737763794908 ], [ -99.111981273871208, 19.432684240303928 ], [ -99.111840932134257, 19.432621875370522 ], [ -99.111705190507038, 19.432550936064757 ], [ -99.111574630273566, 19.432471726174747 ], [ -99.111449810526594, 19.432384584905726 ], [ -99.11133126577316, 19.432289885427018 ], [ -99.111219503645728, 19.432188033274091 ], [ -99.111115002728155, 19.432079464611352 ], [ -99.111018210506472, 19.431964644364406 ], [ -99.110929541452606, 19.431844064228621 ], [ -99.110849375249742, 19.431718240563516 ], [ -99.110778055166605, 19.431587712181194 ], [ -99.110715886587826, 19.431453038038903 ], [ -99.11066313570656, 19.431314794845175 ], [ -99.110620028384972, 19.431173574590037 ], [ -99.11058674918749, 19.431029982009925 ], [ -99.11056344059098, 19.430884631997799 ], [ -99.11055020237508, 19.430738146970132 ], [ -99.110547091195556, 19.430591154201252 ], [ -99.110554120342158, 19.430444283137575 ], [ -99.110571259682331, 19.43029816270186 ] ] ] ] } },
{ "type": "Feature", "properties": { "CVEGEO": null, "CVE_ENT": null, "CVE_MUN": null, "CVE_LOC": null, "CVE_ASEN": null, "CP": null, "FECHA_ACT": null, "INSTITUCIO": null, "NOM_ASEN": "Central del Norte", "TIPO": null, "Shape_Leng": null, "Shape_Area": null, "TURISTICO": "TDR" }, "geometry": { "type": "MultiPolygon", "coordinates": [ [ [ [ -99.137656074680805, 19.480196993836415 ], [ -99.137624370406613, 19.480103905501888 ], [ -99.137599153537934, 19.480009049909896 ], [ -99.137580532044467, 19.47991283325042 ], [ -99.137568585652744, 19.479815667540841 ], [ -99.13756336550486, 19.479717968861372 ], [ -99.137564893939881, 19.479620155573642 ], [ -99.137573164398248, 19.479522646528892 ], [ -99.137588141450252, 19.479425859274514 ], [ -99.137609760947953, 19.479330208266191 ], [ -99.137637930300059, 19.479236103092937 ], [ -99.13767252886872, 19.479143946723372 ], [ -99.137713408486306, 19.479054133780235 ], [ -99.137760394090037, 19.478967048850574 ], [ -99.137813284471846, 19.478883064838975 ], [ -99.137871853140112, 19.478802541370872 ], [ -99.137935849289633, 19.47872582325272 ], [ -99.138004998875729, 19.478653238995609 ], [ -99.138079005787787, 19.478585099408569 ], [ -99.138157553117296, 19.478521696267791 ], [ -99.138240304514838, 19.478463301067485 ], [ -99.138326905630407, 19.478410163857244 ], [ -99.13841698563067, 19.478362512171557 ], [ -99.1385101587869, 19.478320550055454 ], [ -99.138606026126524, 19.478284457191073 ], [ -99.138704177141435, 19.478254388128157 ], [ -99.138804191545702, 19.478230471622368 ], [ -99.138905641075112, 19.478212810084162 ], [ -99.139008091320775, 19.478201479140115 ], [ -99.139111103589144, 19.478196527309198 ], [ -99.139214236780361, 19.478197975795176 ], [ -99.139317049276784, 19.478205818395587 ], [ -99.139419100833848, 19.478220021528504 ], [ -99.139519954465044, 19.47824052437624 ], [ -99.139619178312913, 19.478267239145673 ], [ -99.139716347498066, 19.478300051444236 ], [ -99.139811045938387, 19.478338820769622 ], [ -99.139902868130605, 19.478383381111399 ], [ -99.139991420886489, 19.478433541661797 ], [ -99.140076325016409, 19.47848908763256 ], [ -99.140157216953057, 19.478549781174831 ], [ -99.140233750308042, 19.478615362397132 ], [ -99.140305597355294, 19.478685550478584 ], [ -99.140372450434256, 19.478760044870953 ], [ -99.140434023267488, 19.478838526585591 ], [ -99.140490052186493, 19.478920659559385 ], [ -99.140540297260856, 19.479006092093549 ], [ -99.140584543325843, 19.479094458359608 ], [ -99.140622600903811, 19.479185379965774 ], [ -99.140654307015808, 19.479278467577284 ], [ -99.140679525879591, 19.479373322583179 ], [ -99.140698149491328, 19.479469538803666 ], [ -99.140710098088249, 19.479566704228855 ], [ -99.1407153204905, 19.479664402783353 ], [ -99.140713794320504, 19.479762216107702 ], [ -99.140705526098998, 19.479859725350018 ], [ -99.140690551217446, 19.479956512959486 ], [ -99.140668933786671, 19.480052164474454 ], [ -99.140640766362566, 19.480146270297112 ], [ -99.140606169550011, 19.480238427447816 ], [ -99.140565291486581, 19.480328241290451 ], [ -99.140518307208453, 19.480415327222591 ], [ -99.140465417901041, 19.480499312322436 ], [ -99.140406850037564, 19.480579836945957 ], [ -99.140342854409468, 19.480656556266911 ], [ -99.140273705052493, 19.480729141753731 ], [ -99.140199698073317, 19.480797282576269 ], [ -99.140121150381646, 19.480860686937159 ], [ -99.140038398333076, 19.480919083321385 ], [ -99.139951796288727, 19.480972221659044 ], [ -99.139861715097851, 19.481019874396413 ], [ -99.139768540509536, 19.481061837470357 ], [ -99.13967267152087, 19.481097931182486 ], [ -99.139574518668169, 19.481128000968482 ], [ -99.139474502268783, 19.481151918060284 ], [ -99.139373050621117, 19.48116958003747 ], [ -99.139270598170256, 19.481180911265962 ], [ -99.139167583647506, 19.481185863221839 ], [ -99.139064448191277, 19.481184414699285 ], [ -99.138961633457996, 19.48117657190129 ], [ -99.138859579730465, 19.481162368413234 ], [ -99.138758724032357, 19.481141865058909 ], [ -99.138659498256473, 19.481115149640036 ], [ -99.138562327315242, 19.481082336560338 ], [ -99.13846762732075, 19.481043566335469 ], [ -99.138375803802916, 19.480999004991247 ], [ -99.138287249972649, 19.480948843352589 ], [ -99.138202345037925, 19.480893296226363 ], [ -99.138121452579881, 19.480832601481307 ], [ -99.138044918995774, 19.480767019029262 ], [ -99.137973072015626, 19.480696829712361 ], [ -99.137906219298813, 19.480622334099902 ], [ -99.137844647116623, 19.480543851201329 ], [ -99.137788619126397, 19.480461717100102 ], [ -99.137738375242634, 19.480376283514289 ], [ -99.137694130609745, 19.480287916290361 ], [ -99.137656074680805, 19.480196993836415 ] ] ] ] } },
{ "type": "Feature", "properties": { "CVEGEO": null, "CVE_ENT": null, "CVE_MUN": null, "CVE_LOC": null, "CVE_ASEN": null, "CP": null, "FECHA_ACT": null, "INSTITUCIO": null, "NOM_ASEN": "Observatorio", "TIPO": null, "Shape_Leng": null, "Shape_Area": null, "TURISTICO": "TDR" }, "geometry": { "type": "MultiPolygon", "coordinates": [ [ [ [ -99.201004154717225, 19.396890589618735 ], [ -99.201009850230136, 19.396965117331106 ], [ -99.20101039669234, 19.397039838948224 ], [ -99.20100579175535, 19.397114434500722 ], [ -99.200996055129764, 19.397188584558414 ], [ -99.200981228501135, 19.397261971598297 ], [ -99.200961375351454, 19.397334281364021 ], [ -99.200936580687582, 19.397405204211832 ], [ -99.200906950677279, 19.397474436436433 ], [ -99.200872612194729, 19.397541681571553 ], [ -99.20083371227733, 19.397606651659597 ], [ -99.200790417496165, 19.397669068484699 ], [ -99.200742913242792, 19.397728664764141 ], [ -99.200691402935391, 19.397785185293024 ], [ -99.200636107147801, 19.397838388037226 ], [ -99.20057726266495, 19.397888045169815 ], [ -99.200515121468939, 19.397933944046589 ], [ -99.200449949659998, 19.397975888117141 ], [ -99.20038202631693, 19.398013697766178 ], [ -99.200311642302069, 19.398047211082929 ], [ -99.200239099015633, 19.398076284554495 ], [ -99.200164707105003, 19.398100793680513 ], [ -99.200088785134412, 19.398120633506245 ], [ -99.200011658220703, 19.39813571907214 ], [ -99.199933656640908, 19.398145985777685 ], [ -99.199855114417929, 19.398151389657961 ], [ -99.199776367890024, 19.398151907572078 ], [ -99.199697754270346, 19.398147537302176 ], [ -99.19961961020293, 19.398138297562983 ], [ -99.199542270320876, 19.398124227921546 ], [ -99.199466065813311, 19.398105388628071 ], [ -99.199391323007021, 19.398081860357482 ], [ -99.199318361968949, 19.398053743864281 ], [ -99.199247495135552, 19.398021159550726 ], [ -99.199179025974757, 19.39798424695157 ], [ -99.199113247686341, 19.397943164136205 ], [ -99.199050441946383, 19.39789808703182 ], [ -99.198990877701021, 19.397849208669978 ], [ -99.198934810014705, 19.397796738359798 ], [ -99.198882478978007, 19.397740900792009 ], [ -99.198834108679449, 19.39768193507614 ], [ -99.19878990624602, 19.397620093717009 ], [ -99.198750060956186, 19.397555641533049 ], [ -99.198714743429463, 19.397488854522482 ], [ -99.198684104895833, 19.397420018681249 ], [ -99.198658276548329, 19.397349428778337 ], [ -99.198637368981238, 19.397277387093421 ], [ -99.198621471716692, 19.397204202122428 ], [ -99.198610652821444, 19.397130187256444 ], [ -99.198604958615505, 19.397055659439751 ], [ -99.198604413473973, 19.396980937812607 ], [ -99.19860901972271, 19.396906342344565 ], [ -99.198618757628708, 19.396832192464256 ], [ -99.198633585484487, 19.396758805691778 ], [ -99.198653439787037, 19.396686496278839 ], [ -99.198678235509817, 19.396615573863158 ], [ -99.198707866466904, 19.396546342142667 ], [ -99.198742205767957, 19.396479097574943 ], [ -99.198781106361551, 19.396414128107924 ], [ -99.198824401665021, 19.39635171194687 ], [ -99.198871906277901, 19.396292116363128 ], [ -99.198923416775827, 19.396235596549637 ], [ -99.19897871258172, 19.396182394528314 ], [ -99.199037556910341, 19.396132738113817 ], [ -99.199099697782216, 19.396086839937894 ], [ -99.199164869102688, 19.396044896539031 ], [ -99.199232791801279, 19.396007087521067 ], [ -99.199303175026685, 19.395973574783934 ], [ -99.199375717392229, 19.395944501830623 ], [ -99.199450108266248, 19.395919993152649 ], [ -99.199526029102259, 19.395900153697021 ], [ -99.199603154802844, 19.395885068417055 ], [ -99.199681155111719, 19.395874801908302 ], [ -99.199759696027712, 19.395869398132312 ], [ -99.199838441234959, 19.395868880228257 ], [ -99.199917053542876, 19.395873250413718 ], [ -99.19999519632988, 19.395882489975495 ], [ -99.200072534984798, 19.395896559349499 ], [ -99.200148738339479, 19.395915398290224 ], [ -99.200223480086876, 19.395938926128665 ], [ -99.20029644017815, 19.395967042117839 ], [ -99.200367306193044, 19.395999625863968 ], [ -99.200435774677658, 19.396036537842065 ], [ -99.200501552443754, 19.396077619993349 ], [ -99.20056435782422, 19.396122696402088 ], [ -99.200623921879043, 19.396171574048534 ], [ -99.200679989547055, 19.39622404363573 ], [ -99.200732320737984, 19.396279880485537 ], [ -99.200780691360677, 19.396338845500509 ], [ -99.200824894282576, 19.396400686187967 ], [ -99.2008647402169, 19.396465137740837 ], [ -99.20090005853308, 19.396531924171803 ], [ -99.200930697987602, 19.396600759494735 ], [ -99.200956527371702, 19.396671348949631 ], [ -99.200977436073373, 19.396743390264422 ], [ -99.200993334551043, 19.396816574949529 ], [ -99.201004154717225, 19.396890589618735 ] ] ] ] } },
{ "type": "Feature", "properties": { "CVEGEO": null, "CVE_ENT": null, "CVE_MUN": null, "CVE_LOC": null, "CVE_ASEN": null, "CP": null, "FECHA_ACT": null, "INSTITUCIO": null, "NOM_ASEN": "AICM Terminal I", "TIPO": null, "Shape_Leng": null, "Shape_Area": null, "TURISTICO": "TDR" }, "geometry": { "type": "MultiPolygon", "coordinates": [ [ [ [ -99.088759611532225, 19.436067576546382 ], [ -99.088690853301244, 19.436229148158205 ], [ -99.088611102987983, 19.436386107673489 ], [ -99.08852070206683, 19.436537782947759 ], [ -99.088420037624616, 19.436683524462623 ], [ -99.088309540703563, 19.436822708107478 ], [ -99.088189684455699, 19.436954737852354 ], [ -99.088060982117057, 19.437079048300767 ], [ -99.08792398480999, 19.437195107111044 ], [ -99.087779279183181, 19.437302417276534 ], [ -99.087627484899471, 19.437400519254243 ], [ -99.087469251982142, 19.437488992932906 ], [ -99.087305258031165, 19.437567459432735 ], [ -99.087136205321215, 19.437635582727772 ], [ -99.086962817793946, 19.437693071085555 ], [ -99.086785837957422, 19.43773967831639 ], [ -99.086606023705968, 19.437775204827943 ], [ -99.086424145074062, 19.437799498480292 ], [ -99.086240980938229, 19.437812455237207 ], [ -99.086057315680989, 19.437814019612226 ], [ -99.085873935831273, 19.437804184905946 ], [ -99.085691626695535, 19.437782993234983 ], [ -99.085511168994202, 19.437750535351331 ], [ -99.085333335517731, 19.437706950253883 ], [ -99.085158887816704, 19.437652424592944 ], [ -99.084988572940034, 19.437587191870744 ], [ -99.084823120235313, 19.437511531441217 ], [ -99.084663238225147, 19.437425767313684 ], [ -99.084509611572599, 19.43733026676496 ], [ -99.084362898148981, 19.437225438766042 ], [ -99.084223726216408, 19.437111732230772 ], [ -99.084092691737311, 19.436989634092861 ], [ -99.083970355822274, 19.436859667220507 ], [ -99.083857242327255, 19.436722388176808 ], [ -99.08375383561048, 19.436578384836142 ], [ -99.08366057845852, 19.43642827386639 ], [ -99.083577870190496, 19.436272698087794 ], [ -99.083506064948509, 19.436112323719943 ], [ -99.08344547018163, 19.435947837528619 ], [ -99.083396345329888, 19.435779943884683 ], [ -99.083358900713961, 19.435609361747481 ], [ -99.083333296635189, 19.435436821585906 ], [ -99.083319642689858, 19.435263062250439 ], [ -99.083317997300711, 19.435088827808901 ], [ -99.083328367467445, 19.434914864360426 ], [ -99.08335070873764, 19.434741916840363 ], [ -99.083384925397823, 19.434570725830479 ], [ -99.083430870884101, 19.434402024387673 ], [ -99.083488348410569, 19.434236534905274 ], [ -99.083557111812553, 19.434074966019708 ], [ -99.083636866601438, 19.433918009576182 ], [ -99.08372727122628, 19.433766337666643 ], [ -99.083827938536842, 19.433620599751908 ], [ -99.083938437441844, 19.433481419880987 ], [ -99.084058294755295, 19.433349394019274 ], [ -99.084186997222943, 19.433225087496854 ], [ -99.084323993720218, 19.433109032588149 ], [ -99.084468697612323, 19.433001726233101 ], [ -99.084620489266072, 19.432903627909493 ], [ -99.084778718703163, 19.432815157666042 ], [ -99.084942708383224, 19.43273669432385 ], [ -99.08511175610461, 19.432668573854684 ], [ -99.085285138011045, 19.432611087942856 ], [ -99.085462111690632, 19.432564482736087 ], [ -99.085641919354416, 19.432528957792027 ], [ -99.0858237910806, 19.43250466522392 ], [ -99.086006948110835, 19.432491709049327 ], [ -99.086190606184175, 19.432490144744811 ], [ -99.086373978894613, 19.432499979008568 ], [ -99.086556281057852, 19.43252116973153 ], [ -99.086736732072779, 19.432553626177917 ], [ -99.086914559263292, 19.432597209373434 ], [ -99.087089001186413, 19.432651732700293 ], [ -99.087259310892094, 19.432716962696311 ], [ -99.087424759121177, 19.432792620054069 ], [ -99.087584637427668, 19.43287838081682 ], [ -99.087738261211868, 19.432973877765484 ], [ -99.087884972651551, 19.433078701990404 ], [ -99.088024143518524, 19.433192404642547 ], [ -99.088155177868614, 19.433314498854475 ], [ -99.088277514593443, 19.433444461825207 ], [ -99.088390629823166, 19.4335817370585 ], [ -99.088494039169916, 19.433725736745053 ], [ -99.088587299802086, 19.433875844279562 ], [ -99.088670012341041, 19.434031416900591 ], [ -99.088741822571592, 19.434191788442508 ], [ -99.08880242295929, 19.434356272187902 ], [ -99.088851553967956, 19.434524163807765 ], [ -99.088889005171566, 19.434694744377456 ], [ -99.088914616156075, 19.43486728345481 ], [ -99.088928277207003, 19.435041042207953 ], [ -99.088929929780036, 19.435215276578955 ], [ -99.08891956675258, 19.43538924046997 ], [ -99.088897232454897, 19.435562188938036 ], [ -99.088863022481135, 19.435733381385241 ], [ -99.088817083280787, 19.43590208472995 ], [ -99.088759611532225, 19.436067576546382 ] ] ] ] } },
{ "type": "Feature", "properties": { "CVEGEO": null, "CVE_ENT": null, "CVE_MUN": null, "CVE_LOC": null, "CVE_ASEN": null, "CP": null, "FECHA_ACT": null, "INSTITUCIO": null, "NOM_ASEN": "AICM Terminal II", "TIPO": null, "Shape_Leng": null, "Shape_Area": null, "TURISTICO": "TDR" }, "geometry": { "type": "MultiPolygon", "coordinates": [ [ [ [ -99.079478957818836, 19.417936487407424 ], [ -99.079622256641059, 19.418020069417729 ], [ -99.079759487148706, 19.418112364427124 ], [ -99.079890061712504, 19.418212977234095 ], [ -99.080013421200036, 19.418321477019877 ], [ -99.080129037369971, 19.418437399192751 ], [ -99.080236415133982, 19.418560247377361 ], [ -99.080335094676855, 19.418689495539638 ], [ -99.080424653425567, 19.418824590239197 ], [ -99.080504707859092, 19.418964952998888 ], [ -99.080574915150876, 19.419109982781464 ], [ -99.080634974637377, 19.419259058563238 ], [ -99.080684629105818, 19.419411541992872 ], [ -99.080723665896244, 19.419566780124843 ], [ -99.080751917812606, 19.419724108215181 ], [ -99.080769263839429, 19.419882852567827 ], [ -99.080775629660494, 19.420042333419492 ], [ -99.080770987977843, 19.420201867850206 ], [ -99.08075535862929, 19.420360772707927 ], [ -99.080728808504077, 19.420518367533752 ], [ -99.080691451257223, 19.420673977475833 ], [ -99.080643446823345, 19.420826936179342 ], [ -99.080585000732441, 19.420976588640055 ], [ -99.080516363230288, 19.421122294009404 ], [ -99.080437828207465, 19.421263428338904 ], [ -99.080349731941169, 19.421399387252166 ], [ -99.080252451655667, 19.421529588533492 ], [ -99.080146403907321, 19.421653474620943 ], [ -99.080032042800923, 19.421770514994623 ], [ -99.07990985804534, 19.421880208448702 ], [ -99.079780372856604, 19.421982085237708 ], [ -99.079644141717338, 19.422075709088912 ], [ -99.079501748002215, 19.422160679070519 ], [ -99.079353801479755, 19.422236631308955 ], [ -99.079200935700811, 19.422303240547382 ], [ -99.079043805285295, 19.422360221538707 ], [ -99.078883083118612, 19.422407330267617 ], [ -99.078719457469646, 19.422444364995297 ], [ -99.078553629043029, 19.422471167123806 ], [ -99.07838630797805, 19.422487621875391 ], [ -99.078218210806995, 19.422493658783853 ], [ -99.078050057386363, 19.422489251996677 ], [ -99.077882567813447, 19.422474420385537 ], [ -99.077716459342355, 19.422449227465624 ], [ -99.07755244331176, 19.422413781123435 ], [ -99.077391222098342, 19.422368233154835 ], [ -99.077233486108469, 19.422312778614739 ], [ -99.077079910821155, 19.422247654981877 ], [ -99.07693115389516, 19.422173141141258 ], [ -99.076787852352254, 19.422089556190151 ], [ -99.076650619849147, 19.421997258070938 ], [ -99.076520044049246, 19.421896642038291 ], [ -99.076396684106101, 19.421788138966278 ], [ -99.076281068268855, 19.421672213502671 ], [ -99.076173691620156, 19.421549362079297 ], [ -99.076075013956114, 19.42142011078554 ], [ -99.075985457817595, 19.42128501311538 ], [ -99.075905406680988, 19.421144647596829 ], [ -99.075835203316416, 19.420999615314305 ], [ -99.075775148320233, 19.42085053733431 ], [ -99.07572549882839, 19.420698052045793 ], [ -99.075686467415693, 19.420542812426053 ], [ -99.07565822118616, 19.420385483244491 ], [ -99.075640881058007, 19.420226738215835 ], [ -99.075634521246471, 19.420067257115061 ], [ -99.075639168946708, 19.419907722866228 ], [ -99.075654804217947, 19.419748818618448 ], [ -99.075681360069581, 19.419591224820056 ], [ -99.075718722748647, 19.419435616305357 ], [ -99.075766732227564, 19.41928265940475 ], [ -99.075825182890028, 19.419133009091617 ], [ -99.075893824411992, 19.418987306177797 ], [ -99.07597236283415, 19.418846174569726 ], [ -99.076060461821129, 19.418710218597234 ], [ -99.076157744102062, 19.418580020425789 ], [ -99.07626379308654, 19.418456137563947 ], [ -99.076378154648538, 19.41833910047654 ], [ -99.07650033907143, 19.418229410313185 ], [ -99.07662982314487, 19.418127536762942 ], [ -99.076766052405318, 19.418033916043221 ], [ -99.076908443510234, 19.417948949032208 ], [ -99.077056386735791, 19.41787299955265 ], [ -99.077209248587508, 19.417806392814164 ], [ -99.077366374512692, 19.417749414021028 ], [ -99.077527091702777, 19.417702307151036 ], [ -99.077690711974029, 19.417665273911112 ], [ -99.077856534713803, 19.417638472873815 ], [ -99.07802384988014, 19.41762201879823 ], [ -99.078191941041638, 19.417615982138926 ], [ -99.078360088444711, 19.417620388744158 ], [ -99.078527572094927, 19.417635219745396 ], [ -99.078693674839585, 19.417660411637886 ], [ -99.078857685437967, 19.417695856552694 ], [ -99.079018901606347, 19.417741402718384 ], [ -99.079176633024701, 19.417796855110897 ], [ -99.079330204292177, 19.417861976288258 ], [ -99.079478957818836, 19.417936487407424 ] ] ] ] } },
{ "type": "Feature", "properties": { "CVEGEO": null, "CVE_ENT": null, "CVE_MUN": null, "CVE_LOC": null, "CVE_ASEN": null, "CP": null, "FECHA_ACT": null, "INSTITUCIO": null, "NOM_ASEN": "Milpa Alta", "TIPO": null, "Shape_Leng": null, "Shape_Area": null, "TURISTICO": "TDR" }, "geometry": { "type": "MultiPolygon", "coordinates": [ [ [ [ -99.028039442191229, 19.193517936403975 ], [ -99.027962652195455, 19.193797274568389 ], [ -99.027866796912846, 19.194071243042604 ], [ -99.027752286709358, 19.194338668609838 ], [ -99.027619611844969, 19.194598406064113 ], [ -99.027469340375731, 19.194849343115077 ], [ -99.027302115722719, 19.195090405151888 ], [ -99.027118653917796, 19.195320559845872 ], [ -99.026919740538403, 19.195538821572253 ], [ -99.026706227344107, 19.195744255631904 ], [ -99.026479028629609, 19.195935982254909 ], [ -99.026239117309544, 19.196113180369409 ], [ -99.025987520752139, 19.196275091118274 ], [ -99.025725316379265, 19.196421021110222 ], [ -99.025453627052002, 19.196550345389788 ], [ -99.025173616261284, 19.196662510114841 ], [ -99.0248864831444, 19.196757034928908 ], [ -99.024593457348544, 19.196833515019179 ], [ -99.024295793763557, 19.196891622850497 ], [ -99.023994767146604, 19.19693110956884 ], [ -99.023691666661307, 19.196951806067116 ], [ -99.023387790355301, 19.196953623709753 ], [ -99.023084439599742, 19.196936554712469 ], [ -99.022782913514433, 19.196900672175559 ], [ -99.022484503402595, 19.196846129770748 ], [ -99.022190487219291, 19.196773161082803 ], [ -99.021902124097025, 19.196682078608898 ], [ -99.021620648951966, 19.196573272419876 ], [ -99.021347267194244, 19.196447208489175 ], [ -99.021083149564546, 19.196304426696614 ], [ -99.020829427119551, 19.196145538515651 ], [ -99.020587186387473, 19.195971224393823 ], [ -99.020357464714493, 19.195782230838034 ], [ -99.020141245822103, 19.195579367216602 ], [ -99.019939455594383, 19.195363502292363 ], [ -99.019752958113159, 19.195135560501239 ], [ -99.019582551958166, 19.194896517992476 ], [ -99.019428966787913, 19.194647398447398 ], [ -99.019292860215955, 19.194389268694998 ], [ -99.01917481499602, 19.194123234142257 ], [ -99.019075336527749, 19.193850434039792 ], [ -99.018994850694114, 19.193572036602625 ], [ -99.018933702039376, 19.193289234006929 ], [ -99.018892152295507, 19.193003237284355 ], [ -99.01887037926349, 19.192715271135569 ], [ -99.01886847605391, 19.192426568685811 ], [ -99.018886450690474, 19.19213836620419 ], [ -99.018924226077758, 19.191851897809737 ], [ -99.018981640333536, 19.191568390186948 ], [ -99.019058447483985, 19.191289057333137 ], [ -99.019154318519071, 19.191015095360374 ], [ -99.019268842803299, 19.190747677374233 ], [ -99.01940152983579, 19.190487948450944 ], [ -99.019551811352244, 19.190237020734912 ], [ -99.019719043759721, 19.18999596867727 ], [ -99.019902510893658, 19.189765824435923 ], [ -99.020101427085436, 19.18954757345681 ], [ -99.020314940527356, 19.189342150255197 ], [ -99.020542136920483, 19.189150434415126 ], [ -99.020782043389929, 19.188973246824062 ], [ -99.021033632650429, 19.18881134615896 ], [ -99.021295827404956, 19.188665425638735 ], [ -99.021567504957034, 19.18853611005661 ], [ -99.021847502017195, 19.188423953106017 ], [ -99.022134619683086, 19.188329435010353 ], [ -99.022427628571904, 19.188252960467498 ], [ -99.022725274083029, 19.188194856917633 ], [ -99.02302628176858, 19.188155373141644 ], [ -99.0233293627889, 19.188134678196203 ], [ -99.023633219429342, 19.188132860690281 ], [ -99.023936550655264, 19.188149928405846 ], [ -99.024238057681018, 19.188185808264539 ], [ -99.024536449529478, 19.188240346640494 ], [ -99.024830448558092, 19.188313310017865 ], [ -99.025118795927881, 19.1884043859903 ], [ -99.025400256992185, 19.188513184598229 ], [ -99.02567362658182, 19.18863923999788 ], [ -99.025937734164287, 19.188782012455494 ], [ -99.026191448854817, 19.188940890657328 ], [ -99.026433684257896, 19.18911519432649 ], [ -99.026663403118505, 19.189304177135035 ], [ -99.026879621763257, 19.189507029898454 ], [ -99.027081414312349, 19.189722884039718 ], [ -99.027267916644192, 19.189950815307448 ], [ -99.027438330096103, 19.190189847732405 ], [ -99.027591924884689, 19.190438957805782 ], [ -99.027728043231818, 19.19069707886074 ], [ -99.027846102182323, 19.190963105639057 ], [ -99.027945596101574, 19.19123589902313 ], [ -99.028026098842261, 19.191514290912849 ], [ -99.028087265570861, 19.191797089227023 ], [ -99.02812883424609, 19.192083083007319 ], [ -99.028150626743113, 19.19237104760327 ], [ -99.028152549618255, 19.192659749916317 ], [ -99.028134594511343, 19.192947953679656 ], [ -99.028096838183615, 19.193234424752308 ], [ -99.028039442191229, 19.193517936403975 ] ] ] ] } },
{ "type": "Feature", "properties": { "CVEGEO": null, "CVE_ENT": null, "CVE_MUN": null, "CVE_LOC": null, "CVE_ASEN": null, "CP": null, "FECHA_ACT": null, "INSTITUCIO": null, "NOM_ASEN": "Ajusco", "TIPO": null, "Shape_Leng": null, "Shape_Area": null, "TURISTICO": "TDR" }, "geometry": { "type": "MultiPolygon", "coordinates": [ [ [ [ -99.255036321555551, 19.193483873408887 ], [ -99.256182138191789, 19.19351963782346 ], [ -99.257323041060076, 19.193626516814831 ], [ -99.258454146399984, 19.193804052904369 ], [ -99.259570612344774, 19.194051486174065 ], [ -99.26066765962598, 19.194367757515263 ], [ -99.261740592011421, 19.194751513156273 ], [ -99.262784816389583, 19.195201110450206 ], [ -99.263795862415037, 19.195714624897658 ], [ -99.264769401630844, 19.196289858375088 ], [ -99.26570126598665, 19.196924348533397 ], [ -99.26658746567324, 19.197615379326788 ], [ -99.267424206197745, 19.198359992627289 ], [ -99.268207904626195, 19.199155000875368 ], [ -99.268935204924134, 19.199997000712397 ], [ -99.26960299232978, 19.200882387537792 ], [ -99.270208406697776, 19.201807370927376 ], [ -99.270748854756718, 19.20276799084888 ], [ -99.271222021227501, 19.203760134604114 ], [ -99.271625878754733, 19.204779554425876 ], [ -99.271958696608436, 19.205821885655222 ], [ -99.272219048118373, 19.206882665419922 ], [ -99.272405816808885, 19.207957351736052 ], [ -99.27251820120722, 19.209041342950062 ], [ -99.272555718304787, 19.210129997438088 ], [ -99.27251820565553, 19.211218653478877 ], [ -99.272405822102229, 19.212302649214973 ], [ -99.272219047126995, 19.213377342616475 ], [ -99.271958678828142, 19.214438131362467 ], [ -99.271625830531761, 19.21548047255412 ], [ -99.271221926051908, 19.216499902175563 ], [ -99.270748693619041, 19.217492054219168 ], [ -99.270208158502697, 19.218452679392307 ], [ -99.269602634359245, 19.219377663326533 ], [ -99.26893471334148, 19.220263044209883 ], [ -99.268207255012328, 19.221105029767052 ], [ -99.267423374109526, 19.221900013514958 ], [ -99.266586427214023, 19.222644590222391 ], [ -99.265699998378395, 19.223335570508898 ], [ -99.264767883777509, 19.223969994519262 ], [ -99.263794075446768, 19.224545144614314 ], [ -99.262782744177557, 19.225058557024642 ], [ -99.261738221643867, 19.225508032415874 ], [ -99.260664981836172, 19.225891645320697 ], [ -99.259567621882937, 19.226207752396711 ], [ -99.258450842341858, 19.226454999474687 ], [ -99.257319427045729, 19.226632327366779 ], [ -99.256178222589853, 19.226738976409468 ], [ -99.255032117549035, 19.226774489722203 ], [ -99.253886021513708, 19.226738715166885 ], [ -99.252744844035718, 19.226631806000764 ], [ -99.251613473574139, 19.226454220218741 ], [ -99.250496756532016, 19.226206718589083 ], [ -99.249399476474139, 19.22589036139016 ], [ -99.248326333615609, 19.22550650386265 ], [ -99.247281924669153, 19.225056790396813 ], [ -99.246270723138238, 19.224543147479686 ], [ -99.245297060140516, 19.223967775433032 ], [ -99.244365105844338, 19.223333138976933 ], [ -99.243478851597757, 19.222641956660325 ], [ -99.242642092827225, 19.221897189203752 ], [ -99.241858412778896, 19.221102026804505 ], [ -99.241131167172711, 19.220259875458666 ], [ -99.240463469834708, 19.219374342359302 ], [ -99.239858179369136, 19.218449220433296 ], [ -99.239317886927367, 19.217488472083311 ], [ -99.238844905125902, 19.216496212204998 ], [ -99.238441258160364, 19.215476690552411 ], [ -99.238108673157967, 19.214434273527004 ], [ -99.237848572804779, 19.213373425468884 ], [ -99.237662069279139, 19.212298689530435 ], [ -99.237549959516713, 19.211214668214389 ], [ -99.237512721827002, 19.210126003659585 ], [ -99.237550513875334, 19.209037357759566 ], [ -99.237663172038339, 19.207953392198249 ], [ -99.237850212135257, 19.206878748489192 ], [ -99.238110831531444, 19.205818028103099 ], [ -99.238443912604467, 19.204775772769231 ], [ -99.238848027557424, 19.203756445034255 ], [ -99.239321444558584, 19.202764409162636 ], [ -99.239862135180388, 19.201803912459145 ], [ -99.240467783105757, 19.200879067094121 ], [ -99.241135794063908, 19.199993832508646 ], [ -99.24186330695305, 19.199151998474651 ], [ -99.242647206101864, 19.198357168882804 ], [ -99.24348413461729, 19.197612746326598 ], [ -99.244370508761151, 19.196921917548785 ], [ -99.245302533294392, 19.19628763981245 ], [ -99.246276217722752, 19.195712628253833 ], [ -99.247287393374762, 19.195199344271963 ], [ -99.248331731239148, 19.194749985003806 ], [ -99.249404760485163, 19.194366473929751 ], [ -99.250501887587077, 19.194050452649844 ], [ -99.251618415971421, 19.193803273865299 ], [ -99.252749566102665, 19.193625995595475 ], [ -99.253890495922619, 19.193519376654823 ], [ -99.255036321555551, 19.193483873408887 ] ] ] ] } }
]
}
